ViewIndex,FOV1,FOV2,FOV3,FOV4,PositionX,PositionY,PositionZ,QuaternionW,QuaternionZ,QuaternionY,QuaternionX
0,-0.593516,0.593516,-0.411232,0.411232,0.325119,2.99578,-3.22536,0.98914,0.00494023,0.00294638,-0.146863
0,-0.593516,0.593516,-0.411232,0.411232,0.318497,2.99528,-3.22447,0.989105,0.00512377,0.00212862,-0.146826
0,-0.593516,0.593516,-0.411232,0.411232,0.311876,2.99477,-3.22358,0.989069,0.00530732,0.00131081,-0.146788
0,-0.593516,0.593516,-0.411232,0.411232,0.305255,2.99427,-3.22269,0.989033,0.00549088,0.000492941,-0.146751
0,-0.593516,0.593516,-0.411232,0.411232,0.298634,2.99377,-3.2218,0.988998,0.00567446,-0.000324989,-0.146713
0,-0.593516,0.593516,-0.411232,0.411232,0.292012,2.99327,-3.22092,0.988962,0.00585805,-0.00114298,-0.146676
0,-0.593516,0.593516,-0.411232,0.411232,0.285391,2.99276,-3.22003,0.988927,0.00604165,-0.00196102,-0.146638
0,-0.593516,0.593516,-0.411232,0.411232,0.27877,2.99226,-3.21914,0.988891,0.00622527,-0.00277913,-0.146601
0,-0.593516,0.593516,-0.411232,0.411232,0.272148,2.99176,-3.21825,0.988855,0.0064089,-0.0035973,-0.146563
0,-0.593516,0.593516,-0.411232,0.411232,0.265527,2.99125,-3.21737,0.98882,0.00659254,-0.00441552,-0.146526
0,-0.593516,0.593516,-0.411232,0.411232,0.258906,2.99075,-3.21648,0.988784,0.0067762,-0.0052338,-0.146489
0,-0.593516,0.593516,-0.411232,0.411232,0.252284,2.99025,-3.21559,0.988749,0.00695987,-0.00605215,-0.146451
0,-0.593516,0.593516,-0.411232,0.411232,0.245663,2.98975,-3.2147,0.988713,0.00714355,-0.00687055,-0.146414
0,-0.593516,0.593516,-0.411232,0.411232,0.239042,2.98924,-3.21382,0.988677,0.00732724,-0.00768901,-0.146376
0,-0.593516,0.593516,-0.411232,0.411232,0.23242,2.98874,-3.21293,0.988642,0.00751095,-0.00850753,-0.146339
0,-0.593516,0.593516,-0.411232,0.411232,0.225799,2.98824,-3.21204,0.988606,0.00769468,-0.00932611,-0.146301
0,-0.593516,0.593516,-0.411232,0.411232,0.219178,2.98773,-3.21115,0.988571,0.00787841,-0.0101447,-0.146264
0,-0.593516,0.593516,-0.411232,0.411232,0.212556,2.98723,-3.21027,0.988535,0.00806216,-0.0109634,-0.146226
0,-0.593516,0.593516,-0.411232,0.411232,0.205935,2.98673,-3.20938,0.988499,0.00824592,-0.0117822,-0.146189
0,-0.593516,0.593516,-0.411232,0.411232,0.199314,2.98623,-3.20849,0.988464,0.0084297,-0.012601,-0.146151
0,-0.593516,0.593516,-0.411232,0.411232,0.192692,2.98572,-3.2076,0.988428,0.00861349,-0.0134199,-0.146114
0,-0.593516,0.593516,-0.411232,0.411232,0.186071,2.98522,-3.20672,0.988392,0.00879729,-0.0142388,-0.146076
0,-0.593516,0.593516,-0.411232,0.411232,0.17945,2.98472,-3.20583,0.988357,0.0089811,-0.0150578,-0.146039
0,-0.593516,0.593516,-0.411232,0.411232,0.172829,2.98421,-3.20494,0.988321,0.00916493,-0.0158769,-0.146001
0,-0.593516,0.593516,-0.411232,0.411232,0.166207,2.98371,-3.20405,0.988286,0.00934877,-0.016696,-0.145964
0,-0.593516,0.593516,-0.411232,0.411232,0.159586,2.98321,-3.20317,0.98825,0.00953263,-0.0175151,-0.145926
0,-0.593516,0.593516,-0.411232,0.411232,0.152965,2.9827,-3.20228,0.988214,0.0097165,-0.0183344,-0.145889
0,-0.593516,0.593516,-0.411232,0.411232,0.146343,2.9822,-3.20139,0.988179,0.00990038,-0.0191536,-0.145851
0,-0.593516,0.593516,-0.411232,0.411232,0.139722,2.9817,-3.2005,0.988143,0.0100843,-0.019973,-0.145814
0,-0.593516,0.593516,-0.411232,0.411232,0.133101,2.9812,-3.19962,0.988107,0.0102682,-0.0207924,-0.145776
0,-0.593516,0.593516,-0.411232,0.411232,0.126479,2.98069,-3.19873,0.988072,0.0104521,-0.0216119,-0.145739
0,-0.593516,0.593516,-0.411232,0.411232,0.119858,2.98019,-3.19784,0.988036,0.010636,-0.0224314,-0.145701
0,-0.593516,0.593516,-0.411232,0.411232,0.113237,2.97969,-3.19695,0.988001,0.01082,-0.023251,-0.145664
0,-0.593516,0.593516,-0.411232,0.411232,0.106615,2.97918,-3.19607,0.987965,0.0110039,-0.0240706,-0.145626
0,-0.593516,0.593516,-0.411232,0.411232,0.0999941,2.97868,-3.19518,0.987929,0.0111879,-0.0248903,-0.145589
0,-0.593516,0.593516,-0.411232,0.411232,0.0933728,2.97818,-3.19429,0.987894,0.0113719,-0.0257101,-0.145551
0,-0.593516,0.593516,-0.411232,0.411232,0.0867515,2.97768,-3.1934,0.987858,0.0115559,-0.0265299,-0.145514
0,-0.593516,0.593516,-0.411232,0.411232,0.0801302,2.97717,-3.19252,0.987822,0.0117399,-0.0273498,-0.145476
0,-0.593516,0.593516,-0.411232,0.411232,0.0735088,2.97667,-3.19163,0.987787,0.0119239,-0.0281697,-0.145439
0,-0.593516,0.593516,-0.411232,0.411232,0.0668875,2.97617,-3.19074,0.987751,0.012108,-0.0289897,-0.145401
0,-0.593516,0.593516,-0.411232,0.411232,0.0602662,2.97566,-3.18985,0.987715,0.012292,-0.0298098,-0.145363
0,-0.593516,0.593516,-0.411232,0.411232,0.0536449,2.97516,-3.18897,0.98768,0.0124761,-0.0306299,-0.145326
0,-0.593516,0.593516,-0.411232,0.411232,0.0470236,2.97466,-3.18808,0.987644,0.0126602,-0.03145,-0.145288
0,-0.593516,0.593516,-0.411232,0.411232,0.0404023,2.97416,-3.18719,0.987608,0.0128443,-0.0322703,-0.145251
0,-0.593516,0.593516,-0.411232,0.411232,0.033781,2.97365,-3.1863,0.987573,0.0130284,-0.0330906,-0.145213
0,-0.593516,0.593516,-0.411232,0.411232,0.0271596,2.97315,-3.18542,0.987537,0.0132125,-0.0339109,-0.145176
0,-0.593516,0.593516,-0.411232,0.411232,0.0205383,2.97265,-3.18453,0.987502,0.0133966,-0.0347313,-0.145138
0,-0.593516,0.593516,-0.411232,0.411232,0.013917,2.97214,-3.18364,0.987466,0.0135808,-0.0355518,-0.145101
0,-0.593516,0.593516,-0.411232,0.411232,0.0072957,2.97164,-3.18275,0.98743,0.013765,-0.0363723,-0.145063
0,-0.593516,0.593516,-0.411232,0.411232,0.000674384,2.97114,-3.18187,0.987395,0.0139491,-0.0371929,-0.145026
0,-0.593516,0.593516,-0.411232,0.411232,-0.00594693,2.97064,-3.18098,0.987359,0.0141333,-0.0380136,-0.144988
0,-0.593516,0.593516,-0.411232,0.411232,-0.0125682,2.97013,-3.18009,0.987323,0.0143175,-0.0388343,-0.14495
0,-0.593516,0.593516,-0.411232,0.411232,-0.0191896,2.96963,-3.1792,0.987288,0.0145017,-0.039655,-0.144913
0,-0.593516,0.593516,-0.411232,0.411232,-0.0258109,2.96913,-3.17832,0.987252,0.014686,-0.0404759,-0.144875
0,-0.593516,0.593516,-0.411232,0.411232,-0.0324322,2.96862,-3.17743,0.987216,0.0148702,-0.0412968,-0.144838
0,-0.593516,0.593516,-0.411232,0.411232,-0.0390535,2.96812,-3.17654,0.987181,0.0150545,-0.0421177,-0.1448
0,-0.593516,0.593516,-0.411232,0.411232,-0.0456748,2.96762,-3.17565,0.987145,0.0152387,-0.0429387,-0.144763
0,-0.593516,0.593516,-0.411232,0.411232,-0.0522961,2.96712,-3.17477,0.987109,0.015423,-0.0437598,-0.144725
0,-0.593516,0.593516,-0.411232,0.411232,-0.0589174,2.96661,-3.17388,0.987074,0.0156073,-0.0445809,-0.144687
0,-0.593516,0.593516,-0.411232,0.411232,-0.0655388,2.96611,-3.17299,0.987038,0.0157916,-0.0454021,-0.14465
0,-0.593516,0.593516,-0.411232,0.411232,-0.0721601,2.96561,-3.1721,0.987002,0.0159759,-0.0462233,-0.144612
0,-0.593516,0.593516,-0.411232,0.411232,-0.0787814,2.9651,-3.17122,0.986967,0.0161603,-0.0470446,-0.144575
0,-0.593516,0.593516,-0.411232,0.411232,-0.0854027,2.9646,-3.17033,0.986931,0.0163446,-0.047866,-0.144537
0,-0.593516,0.593516,-0.411232,0.411232,-0.092024,2.9641,-3.16944,0.986895,0.016529,-0.0486874,-0.144499
0,-0.593516,0.593516,-0.411232,0.411232,-0.0986453,2.96359,-3.16855,0.98686,0.0167133,-0.0495089,-0.144462
0,-0.593516,0.593516,-0.411232,0.411232,-0.105267,2.96309,-3.16767,0.986824,0.0168977,-0.0503304,-0.144424
0,-0.593516,0.593516,-0.411232,0.411232,-0.111888,2.96259,-3.16678,0.986788,0.0170821,-0.051152,-0.144387
0,-0.593516,0.593516,-0.411232,0.411232,-0.118509,2.96209,-3.16589,0.986753,0.0172665,-0.0519737,-0.144349
0,-0.593516,0.593516,-0.411232,0.411232,-0.125131,2.96158,-3.165,0.986717,0.017451,-0.0527954,-0.144311
0,-0.593516,0.593516,-0.411232,0.411232,-0.131752,2.96108,-3.16412,0.986681,0.0176354,-0.0536172,-0.144274
0,-0.593516,0.593516,-0.411232,0.411232,-0.138373,2.96058,-3.16323,0.986645,0.0178199,-0.054439,-0.144236
0,-0.593516,0.593516,-0.411232,0.411232,-0.144995,2.96007,-3.16234,0.98661,0.0180043,-0.0552609,-0.144199
0,-0.593516,0.593516,-0.411232,0.411232,-0.151616,2.95957,-3.16145,0.986574,0.0181888,-0.0560829,-0.144161
0,-0.593516,0.593516,-0.411232,0.411232,-0.158237,2.95907,-3.16057,0.986538,0.0183733,-0.0569049,-0.144123
0,-0.593516,0.593516,-0.411232,0.411232,-0.164858,2.95857,-3.15968,0.986503,0.0185578,-0.0577269,-0.144086
0,-0.593516,0.593516,-0.411232,0.411232,-0.17148,2.95806,-3.15879,0.986467,0.0187423,-0.0585491,-0.144048
0,-0.593516,0.593516,-0.411232,0.411232,-0.178101,2.95756,-3.1579,0.986431,0.0189269,-0.0593713,-0.14401
0,-0.593516,0.593516,-0.411232,0.411232,-0.184722,2.95706,-3.15702,0.986396,0.0191114,-0.0601935,-0.143973
0,-0.593516,0.593516,-0.411232,0.411232,-0.191344,2.95655,-3.15613,0.98636,0.019296,-0.0610158,-0.143935
0,-0.593516,0.593516,-0.411232,0.411232,-0.197965,2.95605,-3.15524,0.986324,0.0194806,-0.0618382,-0.143898
0,-0.593516,0.593516,-0.411232,0.411232,-0.204586,2.95555,-3.15435,0.986289,0.0196651,-0.0626607,-0.14386
0,-0.593516,0.593516,-0.411232,0.411232,-0.211208,2.95505,-3.15347,0.986253,0.0198497,-0.0634831,-0.143822
0,-0.593516,0.593516,-0.411232,0.411232,-0.217829,2.95454,-3.15258,0.986217,0.0200344,-0.0643057,-0.143785
0,-0.593516,0.593516,-0.411232,0.411232,-0.22445,2.95404,-3.15169,0.986181,0.020219,-0.0651283,-0.143747
0,-0.593516,0.593516,-0.411232,0.411232,-0.231072,2.95354,-3.1508,0.986146,0.0204036,-0.065951,-0.143709
0,-0.593516,0.593516,-0.411232,0.411232,-0.237693,2.95303,-3.14992,0.98611,0.0205883,-0.0667737,-0.143672
0,-0.593516,0.593516,-0.411232,0.411232,-0.244314,2.95253,-3.14903,0.986074,0.0207729,-0.0675965,-0.143634
0,-0.593516,0.593516,-0.411232,0.411232,-0.250936,2.95203,-3.14814,0.986039,0.0209576,-0.0684193,-0.143596
0,-0.593516,0.593516,-0.411232,0.411232,-0.257557,2.95153,-3.14725,0.986003,0.0211423,-0.0692422,-0.143559
0,-0.593516,0.593516,-0.411232,0.411232,-0.264178,2.95102,-3.14636,0.985967,0.021327,-0.0700652,-0.143521
0,-0.593516,0.593516,-0.411232,0.411232,-0.270799,2.95052,-3.14548,0.985932,0.0215118,-0.0708883,-0.143483
0,-0.593516,0.593516,-0.411232,0.411232,-0.277421,2.95002,-3.14459,0.985896,0.0216965,-0.0717113,-0.143446
0,-0.593516,0.593516,-0.411232,0.411232,-0.284042,2.94951,-3.1437,0.98586,0.0218812,-0.0725345,-0.143408
0,-0.593516,0.593516,-0.411232,0.411232,-0.290663,2.94901,-3.14281,0.985824,0.022066,-0.0733577,-0.14337
0,-0.593516,0.593516,-0.411232,0.411232,-0.297285,2.94851,-3.14193,0.985789,0.0222508,-0.074181,-0.143333
0,-0.593516,0.593516,-0.411232,0.411232,-0.303906,2.94801,-3.14104,0.985753,0.0224356,-0.0750043,-0.143295
0,-0.593516,0.593516,-0.411232,0.411232,-0.310527,2.9475,-3.14015,0.985717,0.0226204,-0.0758277,-0.143257
0,-0.593516,0.593516,-0.411232,0.411232,-0.317149,2.947,-3.13926,0.985682,0.0228052,-0.0766511,-0.14322
0,-0.593516,0.593516,-0.411232,0.411232,-0.32377,2.9465,-3.13838,0.985646,0.02299,-0.0774746,-0.143182
0,-0.593516,0.593516,-0.411232,0.411232,-0.330391,2.94599,-3.13749,0.98561,0.0231749,-0.0782982,-0.143144
0,-0.593516,0.593516,-0.411232,0.411232,-0.337013,2.94549,-3.1366,0.985574,0.0233597,-0.0791218,-0.143107
0,-0.593516,0.593516,-0.411232,0.411232,-0.343634,2.94499,-3.13571,0.985539,0.0235446,-0.0799455,-0.143069
0,-0.593516,0.593516,-0.411232,0.411232,-0.350255,2.94448,-3.13483,0.985503,0.0237295,-0.0807693,-0.143031
0,-0.593516,0.593516,-0.411232,0.411232,-0.356877,2.94398,-3.13394,0.985467,0.0239144,-0.0815931,-0.142994
0,-0.593516,0.593516,-0.411232,0.411232,-0.363498,2.94348,-3.13305,0.985432,0.0240993,-0.0824169,-0.142956
0,-0.593516,0.593516,-0.411232,0.411232,-0.370119,2.94298,-3.13216,0.985396,0.0242842,-0.0832408,-0.142918
0,-0.593516,0.593516,-0.411232,0.411232,-0.376741,2.94247,-3.13128,0.98536,0.0244691,-0.0840648,-0.14288
0,-0.593516,0.593516,-0.411232,0.411232,-0.383362,2.94197,-3.13039,0.985324,0.0246541,-0.0848889,-0.142843
0,-0.593516,0.593516,-0.411232,0.411232,-0.389983,2.94147,-3.1295,0.985289,0.024839,-0.085713,-0.142805
0,-0.593516,0.593516,-0.411232,0.411232,-0.396604,2.94096,-3.12861,0.985253,0.025024,-0.0865372,-0.142767
0,-0.593516,0.593516,-0.411232,0.411232,-0.403226,2.94046,-3.12773,0.985217,0.025209,-0.0873614,-0.14273
0,-0.593516,0.593516,-0.411232,0.411232,-0.409847,2.93996,-3.12684,0.985181,0.025394,-0.0881857,-0.142692
0,-0.593516,0.593516,-0.411232,0.411232,-0.416468,2.93946,-3.12595,0.985146,0.025579,-0.08901,-0.142654
0,-0.593516,0.593516,-0.411232,0.411232,-0.42309,2.93895,-3.12506,0.98511,0.0257641,-0.0898344,-0.142616
0,-0.593516,0.593516,-0.411232,0.411232,-0.429711,2.93845,-3.12418,0.985074,0.0259491,-0.0906589,-0.142579
0,-0.593516,0.593516,-0.411232,0.411232,-0.436332,2.93795,-3.12329,0.985038,0.0261342,-0.0914834,-0.142541
0,-0.593516,0.593516,-0.411232,0.411232,-0.442954,2.93744,-3.1224,0.985003,0.0263192,-0.092308,-0.142503
0,-0.593516,0.593516,-0.411232,0.411232,-0.449575,2.93694,-3.12151,0.984967,0.0265043,-0.0931326,-0.142466
0,-0.593516,0.593516,-0.411232,0.411232,-0.456196,2.93644,-3.12063,0.984931,0.0266894,-0.0939573,-0.142428
0,-0.593516,0.593516,-0.411232,0.411232,-0.462818,2.93594,-3.11974,0.984896,0.0268745,-0.0947821,-0.14239
0,-0.593516,0.593516,-0.411232,0.411232,-0.462818,2.93594,-3.11974,0.984896,0.0268745,-0.0947821,-0.14239
0,-0.593516,0.593516,-0.411232,0.411232,-0.468942,2.93501,-3.11794,0.984804,0.0270979,-0.0953597,-0.142424
0,-0.593516,0.593516,-0.411232,0.411232,-0.475066,2.93408,-3.11614,0.984713,0.0273213,-0.0959373,-0.142458
0,-0.593516,0.593516,-0.411232,0.411232,-0.481191,2.93315,-3.11434,0.984622,0.0275447,-0.0965151,-0.142492
0,-0.593516,0.593516,-0.411232,0.411232,-0.487315,2.93222,-3.11254,0.984531,0.0277682,-0.0970929,-0.142527
0,-0.593516,0.593516,-0.411232,0.411232,-0.49344,2.93129,-3.11074,0.98444,0.0279917,-0.0976709,-0.142561
0,-0.593516,0.593516,-0.411232,0.411232,-0.499564,2.93036,-3.10894,0.984349,0.0282152,-0.098249,-0.142595
0,-0.593516,0.593516,-0.411232,0.411232,-0.505688,2.92943,-3.10713,0.984257,0.0284388,-0.0988272,-0.142629
0,-0.593516,0.593516,-0.411232,0.411232,-0.511813,2.9285,-3.10533,0.984166,0.0286625,-0.0994055,-0.142663
0,-0.593516,0.593516,-0.411232,0.411232,-0.517937,2.92757,-3.10353,0.984075,0.0288862,-0.0999839,-0.142697
0,-0.593516,0.593516,-0.411232,0.411232,-0.524062,2.92664,-3.10173,0.983984,0.0291099,-0.100562,-0.142732
0,-0.593516,0.593516,-0.411232,0.411232,-0.530186,2.92571,-3.09993,0.983893,0.0293336,-0.101141,-0.142766
0,-0.593516,0.593516,-0.411232,0.411232,-0.53631,2.92478,-3.09813,0.983801,0.0295574,-0.10172,-0.1428
0,-0.593516,0.593516,-0.411232,0.411232,-0.542435,2.92385,-3.09633,0.98371,0.0297813,-0.102299,-0.142834
0,-0.593516,0.593516,-0.411232,0.411232,-0.548559,2.92292,-3.09453,0.983619,0.0300052,-0.102878,-0.142868
0,-0.593516,0.593516,-0.411232,0.411232,-0.554684,2.92199,-3.09273,0.983528,0.0302291,-0.103457,-0.142903
0,-0.593516,0.593516,-0.411232,0.411232,-0.560808,2.92106,-3.09093,0.983437,0.0304531,-0.104036,-0.142937
0,-0.593516,0.593516,-0.411232,0.411232,-0.566933,2.92013,-3.08913,0.983345,0.0306771,-0.104615,-0.142971
0,-0.593516,0.593516,-0.411232,0.411232,-0.573057,2.9192,-3.08733,0.983254,0.0309012,-0.105194,-0.143005
0,-0.593516,0.593516,-0.411232,0.411232,-0.579181,2.91827,-3.08553,0.983163,0.0311253,-0.105774,-0.14304
0,-0.593516,0.593516,-0.411232,0.411232,-0.585306,2.91734,-3.08373,0.983071,0.0313494,-0.106354,-0.143074
0,-0.593516,0.593516,-0.411232,0.411232,-0.59143,2.91641,-3.08193,0.98298,0.0315736,-0.106933,-0.143108
0,-0.593516,0.593516,-0.411232,0.411232,-0.597555,2.91548,-3.08012,0.982889,0.0317978,-0.107513,-0.143142
0,-0.593516,0.593516,-0.411232,0.411232,-0.603679,2.91455,-3.07832,0.982798,0.0320221,-0.108093,-0.143177
0,-0.593516,0.593516,-0.411232,0.411232,-0.609803,2.91362,-3.07652,0.982706,0.0322464,-0.108673,-0.143211
0,-0.593516,0.593516,-0.411232,0.411232,-0.615928,2.91269,-3.07472,0.982615,0.0324707,-0.109253,-0.143245
0,-0.593516,0.593516,-0.411232,0.411232,-0.622052,2.91176,-3.07292,0.982524,0.0326951,-0.109833,-0.14328
0,-0.593516,0.593516,-0.411232,0.411232,-0.628177,2.91083,-3.07112,0.982432,0.0329196,-0.110414,-0.143314
0,-0.593516,0.593516,-0.411232,0.411232,-0.634301,2.9099,-3.06932,0.982341,0.033144,-0.110994,-0.143348
0,-0.593516,0.593516,-0.411232,0.411232,-0.640425,2.90897,-3.06752,0.982249,0.0333686,-0.111575,-0.143382
0,-0.593516,0.593516,-0.411232,0.411232,-0.64655,2.90804,-3.06572,0.982158,0.0335931,-0.112156,-0.143417
0,-0.593516,0.593516,-0.411232,0.411232,-0.652674,2.90711,-3.06392,0.982067,0.0338177,-0.112736,-0.143451
0,-0.593516,0.593516,-0.411232,0.411232,-0.658799,2.90618,-3.06212,0.981975,0.0340424,-0.113317,-0.143485
0,-0.593516,0.593516,-0.411232,0.411232,-0.664923,2.90525,-3.06032,0.981884,0.0342671,-0.113898,-0.14352
0,-0.593516,0.593516,-0.411232,0.411232,-0.671047,2.90432,-3.05852,0.981793,0.0344918,-0.114479,-0.143554
0,-0.593516,0.593516,-0.411232,0.411232,-0.677172,2.90339,-3.05672,0.981701,0.0347166,-0.115061,-0.143589
0,-0.593516,0.593516,-0.411232,0.411232,-0.683296,2.90246,-3.05492,0.98161,0.0349414,-0.115642,-0.143623
0,-0.593516,0.593516,-0.411232,0.411232,-0.689421,2.90153,-3.05311,0.981518,0.0351662,-0.116223,-0.143657
0,-0.593516,0.593516,-0.411232,0.411232,-0.695545,2.9006,-3.05131,0.981427,0.0353911,-0.116805,-0.143692
0,-0.593516,0.593516,-0.411232,0.411232,-0.701669,2.89967,-3.04951,0.981335,0.0356161,-0.117387,-0.143726
0,-0.593516,0.593516,-0.411232,0.411232,-0.707794,2.89874,-3.04771,0.981244,0.035841,-0.117969,-0.143761
0,-0.593516,0.593516,-0.411232,0.411232,-0.713918,2.89781,-3.04591,0.981152,0.0360661,-0.11855,-0.143795
0,-0.593516,0.593516,-0.411232,0.411232,-0.720043,2.89688,-3.04411,0.981061,0.0362911,-0.119132,-0.143829
0,-0.593516,0.593516,-0.411232,0.411232,-0.726167,2.89595,-3.04231,0.980969,0.0365162,-0.119715,-0.143864
0,-0.593516,0.593516,-0.411232,0.411232,-0.732292,2.89503,-3.04051,0.980878,0.0367414,-0.120297,-0.143898
0,-0.593516,0.593516,-0.411232,0.411232,-0.738416,2.8941,-3.03871,0.980787,0.0369666,-0.120879,-0.143933
0,-0.593516,0.593516,-0.411232,0.411232,-0.74454,2.89317,-3.03691,0.980695,0.0371918,-0.121462,-0.143967
0,-0.593516,0.593516,-0.411232,0.411232,-0.750665,2.89224,-3.03511,0.980603,0.0374171,-0.122044,-0.144002
0,-0.593516,0.593516,-0.411232,0.411232,-0.756789,2.89131,-3.03331,0.980512,0.0376424,-0.122627,-0.144036
0,-0.593516,0.593516,-0.411232,0.411232,-0.762914,2.89038,-3.03151,0.98042,0.0378678,-0.123209,-0.144071
0,-0.593516,0.593516,-0.411232,0.411232,-0.769038,2.88945,-3.02971,0.980329,0.0380932,-0.123792,-0.144105
0,-0.593516,0.593516,-0.411232,0.411232,-0.775162,2.88852,-3.02791,0.980237,0.0383186,-0.124375,-0.14414
0,-0.593516,0.593516,-0.411232,0.411232,-0.781287,2.88759,-3.02611,0.980146,0.0385441,-0.124958,-0.144174
0,-0.593516,0.593516,-0.411232,0.411232,-0.787411,2.88666,-3.0243,0.980054,0.0387697,-0.125542,-0.144209
0,-0.593516,0.593516,-0.411232,0.411232,-0.793536,2.88573,-3.0225,0.979963,0.0389952,-0.126125,-0.144243
0,-0.593516,0.593516,-0.411232,0.411232,-0.79966,2.8848,-3.0207,0.979871,0.0392209,-0.126708,-0.144278
0,-0.593516,0.593516,-0.411232,0.411232,-0.805784,2.88387,-3.0189,0.979779,0.0394465,-0.127292,-0.144312
0,-0.593516,0.593516,-0.411232,0.411232,-0.811909,2.88294,-3.0171,0.979688,0.0396722,-0.127876,-0.144347
0,-0.593516,0.593516,-0.411232,0.411232,-0.818033,2.88201,-3.0153,0.979596,0.039898,-0.128459,-0.144381
0,-0.593516,0.593516,-0.411232,0.411232,-0.824158,2.88108,-3.0135,0.979505,0.0401238,-0.129043,-0.144416
0,-0.593516,0.593516,-0.411232,0.411232,-0.830282,2.88015,-3.0117,0.979413,0.0403496,-0.129627,-0.14445
0,-0.593516,0.593516,-0.411232,0.411232,-0.836406,2.87922,-3.0099,0.979321,0.0405755,-0.130211,-0.144485
0,-0.593516,0.593516,-0.411232,0.411232,-0.842531,2.87829,-3.0081,0.97923,0.0408014,-0.130796,-0.14452
0,-0.593516,0.593516,-0.411232,0.411232,-0.848655,2.87736,-3.0063,0.979138,0.0410273,-0.13138,-0.144554
0,-0.593516,0.593516,-0.411232,0.411232,-0.85478,2.87643,-3.0045,0.979046,0.0412533,-0.131964,-0.144589
0,-0.593516,0.593516,-0.411232,0.411232,-0.860904,2.8755,-3.0027,0.978955,0.0414794,-0.132549,-0.144623
0,-0.593516,0.593516,-0.411232,0.411232,-0.867028,2.87457,-3.0009,0.978863,0.0417055,-0.133133,-0.144658
0,-0.593516,0.593516,-0.411232,0.411232,-0.873153,2.87364,-2.9991,0.978771,0.0419316,-0.133718,-0.144693
0,-0.593516,0.593516,-0.411232,0.411232,-0.879277,2.87271,-2.99729,0.97868,0.0421578,-0.134303,-0.144727
0,-0.593516,0.593516,-0.411232,0.411232,-0.885402,2.87178,-2.99549,0.978588,0.042384,-0.134888,-0.144762
0,-0.593516,0.593516,-0.411232,0.411232,-0.891526,2.87085,-2.99369,0.978496,0.0426102,-0.135473,-0.144796
0,-0.593516,0.593516,-0.411232,0.411232,-0.897651,2.86992,-2.99189,0.978405,0.0428365,-0.136058,-0.144831
0,-0.593516,0.593516,-0.411232,0.411232,-0.903775,2.86899,-2.99009,0.978313,0.0430629,-0.136644,-0.144866
0,-0.593516,0.593516,-0.411232,0.411232,-0.909899,2.86806,-2.98829,0.978221,0.0432893,-0.137229,-0.1449
0,-0.593516,0.593516,-0.411232,0.411232,-0.916024,2.86713,-2.98649,0.978129,0.0435157,-0.137815,-0.144935
0,-0.593516,0.593516,-0.411232,0.411232,-0.922148,2.8662,-2.98469,0.978038,0.0437422,-0.1384,-0.14497
0,-0.593516,0.593516,-0.411232,0.411232,-0.928273,2.86527,-2.98289,0.977946,0.0439687,-0.138986,-0.145004
0,-0.593516,0.593516,-0.411232,0.411232,-0.934397,2.86434,-2.98109,0.977854,0.0441952,-0.139572,-0.145039
0,-0.593516,0.593516,-0.411232,0.411232,-0.940521,2.86341,-2.97929,0.977762,0.0444218,-0.140158,-0.145074
0,-0.593516,0.593516,-0.411232,0.411232,-0.946646,2.86248,-2.97749,0.97767,0.0446485,-0.140744,-0.145109
0,-0.593516,0.593516,-0.411232,0.411232,-0.95277,2.86155,-2.97569,0.977579,0.0448752,-0.14133,-0.145143
0,-0.593516,0.593516,-0.411232,0.411232,-0.958895,2.86062,-2.97389,0.977487,0.0451019,-0.141916,-0.145178
0,-0.593516,0.593516,-0.411232,0.411232,-0.965019,2.85969,-2.97209,0.977395,0.0453287,-0.142503,-0.145213
0,-0.593516,0.593516,-0.411232,0.411232,-0.971143,2.85876,-2.97028,0.977303,0.0455555,-0.143089,-0.145248
0,-0.593516,0.593516,-0.411232,0.411232,-0.977268,2.85783,-2.96848,0.977211,0.0457824,-0.143676,-0.145282
0,-0.593516,0.593516,-0.411232,0.411232,-0.983392,2.8569,-2.96668,0.97712,0.0460093,-0.144263,-0.145317
0,-0.593516,0.593516,-0.411232,0.411232,-0.989517,2.85597,-2.96488,0.977028,0.0462362,-0.14485,-0.145352
0,-0.593516,0.593516,-0.411232,0.411232,-0.995641,2.85504,-2.96308,0.976936,0.0464632,-0.145437,-0.145387
0,-0.593516,0.593516,-0.411232,0.411232,-1.00177,2.85411,-2.96128,0.976844,0.0466902,-0.146024,-0.145421
0,-0.593516,0.593516,-0.411232,0.411232,-1.00789,2.85318,-2.95948,0.976752,0.0469173,-0.146611,-0.145456
0,-0.593516,0.593516,-0.411232,0.411232,-1.01401,2.85225,-2.95768,0.97666,0.0471444,-0.147198,-0.145491
0,-0.593516,0.593516,-0.411232,0.411232,-1.02014,2.85133,-2.95588,0.976568,0.0473716,-0.147786,-0.145526
0,-0.593516,0.593516,-0.411232,0.411232,-1.02626,2.8504,-2.95408,0.976476,0.0475988,-0.148373,-0.145561
0,-0.593516,0.593516,-0.411232,0.411232,-1.03239,2.84947,-2.95228,0.976385,0.047826,-0.148961,-0.145595
0,-0.593516,0.593516,-0.411232,0.411232,-1.03851,2.84854,-2.95048,0.976293,0.0480533,-0.149549,-0.14563
0,-0.593516,0.593516,-0.411232,0.411232,-1.04464,2.84761,-2.94868,0.976201,0.0482806,-0.150136,-0.145665
0,-0.593516,0.593516,-0.411232,0.411232,-1.05076,2.84668,-2.94688,0.976109,0.048508,-0.150724,-0.1457
0,-0.593516,0.593516,-0.411232,0.411232,-1.05689,2.84575,-2.94508,0.976017,0.0487354,-0.151313,-0.145735
0,-0.593516,0.593516,-0.411232,0.411232,-1.06301,2.84482,-2.94327,0.975925,0.0489629,-0.151901,-0.14577
0,-0.593516,0.593516,-0.411232,0.411232,-1.06913,2.84389,-2.94147,0.975833,0.0491904,-0.152489,-0.145805
0,-0.593516,0.593516,-0.411232,0.411232,-1.07526,2.84296,-2.93967,0.975741,0.049418,-0.153078,-0.145839
0,-0.593516,0.593516,-0.411232,0.411232,-1.08138,2.84203,-2.93787,0.975649,0.0496456,-0.153666,-0.145874
0,-0.593516,0.593516,-0.411232,0.411232,-1.08751,2.8411,-2.93607,0.975557,0.0498732,-0.154255,-0.145909
0,-0.593516,0.593516,-0.411232,0.411232,-1.09363,2.84017,-2.93427,0.975465,0.0501009,-0.154844,-0.145944
0,-0.593516,0.593516,-0.411232,0.411232,-1.09976,2.83924,-2.93247,0.975373,0.0503286,-0.155432,-0.145979
0,-0.593516,0.593516,-0.411232,0.411232,-1.10588,2.83831,-2.93067,0.975281,0.0505564,-0.156021,-0.146014
0,-0.593516,0.593516,-0.411232,0.411232,-1.112,2.83738,-2.92887,0.975189,0.0507842,-0.156611,-0.146049
0,-0.593516,0.593516,-0.411232,0.411232,-1.11813,2.83645,-2.92707,0.975097,0.051012,-0.1572,-0.146084
0,-0.593516,0.593516,-0.411232,0.411232,-1.12425,2.83552,-2.92527,0.975005,0.0512399,-0.157789,-0.146119
0,-0.593516,0.593516,-0.411232,0.411232,-1.13038,2.83459,-2.92347,0.974913,0.0514679,-0.158378,-0.146154
0,-0.593516,0.593516,-0.411232,0.411232,-1.1365,2.83366,-2.92167,0.974821,0.0516958,-0.158968,-0.146189
0,-0.593516,0.593516,-0.411232,0.411232,-1.14263,2.83273,-2.91987,0.974729,0.0519239,-0.159558,-0.146224
0,-0.593516,0.593516,-0.411232,0.411232,-1.14875,2.8318,-2.91807,0.974637,0.0521519,-0.160148,-0.146259
0,-0.593516,0.593516,-0.411232,0.411232,-1.15488,2.83087,-2.91627,0.974544,0.05238,-0.160737,-0.146294
0,-0.593516,0.593516,-0.411232,0.411232,-1.161,2.82994,-2.91446,0.974452,0.0526082,-0.161327,-0.146329
0,-0.593516,0.593516,-0.411232,0.411232,-1.16712,2.82901,-2.91266,0.97436,0.0528364,-0.161918,-0.146363
0,-0.593516,0.593516,-0.411232,0.411232,-1.17325,2.82808,-2.91086,0.974268,0.0530647,-0.162508,-0.146398
0,-0.593516,0.593516,-0.411232,0.411232,-1.17937,2.82715,-2.90906,0.974176,0.0532929,-0.163098,-0.146433
0,-0.593516,0.593516,-0.411232,0.411232,-1.1855,2.82622,-2.90726,0.974084,0.0535213,-0.163689,-0.146469
0,-0.593516,0.593516,-0.411232,0.411232,-1.19162,2.82529,-2.90546,0.973992,0.0537497,-0.164279,-0.146504
0,-0.593516,0.593516,-0.411232,0.411232,-1.19162,2.82529,-2.90546,0.973992,0.0537497,-0.164279,-0.146504
0,-0.593516,0.593516,-0.411232,0.411232,-1.19735,2.82332,-2.90228,0.973837,0.0539674,-0.164975,-0.146432
0,-0.593516,0.593516,-0.411232,0.411232,-1.20309,2.82136,-2.8991,0.973682,0.0541851,-0.165671,-0.146361
0,-0.593516,0.593516,-0.411232,0.411232,-1.20882,2.81939,-2.89591,0.973526,0.054403,-0.166367,-0.14629
0,-0.593516,0.593516,-0.411232,0.411232,-1.21455,2.81742,-2.89273,0.973371,0.0546209,-0.167063,-0.146218
0,-0.593516,0.593516,-0.411232,0.411232,-1.22029,2.81546,-2.88955,0.973216,0.0548389,-0.167759,-0.146147
0,-0.593516,0.593516,-0.411232,0.411232,-1.22602,2.81349,-2.88636,0.973061,0.0550569,-0.168456,-0.146076
0,-0.593516,0.593516,-0.411232,0.411232,-1.23175,2.81152,-2.88318,0.972906,0.0552751,-0.169153,-0.146004
0,-0.593516,0.593516,-0.411232,0.411232,-1.23748,2.80956,-2.88,0.97275,0.0554933,-0.16985,-0.145933
0,-0.593516,0.593516,-0.411232,0.411232,-1.24322,2.80759,-2.87681,0.972595,0.0557116,-0.170548,-0.145862
0,-0.593516,0.593516,-0.411232,0.411232,-1.24895,2.80562,-2.87363,0.97244,0.0559299,-0.171245,-0.14579
0,-0.593516,0.593516,-0.411232,0.411232,-1.25468,2.80366,-2.87045,0.972285,0.0561483,-0.171943,-0.145719
0,-0.593516,0.593516,-0.411232,0.411232,-1.26042,2.80169,-2.86727,0.972129,0.0563668,-0.172641,-0.145647
0,-0.593516,0.593516,-0.411232,0.411232,-1.26615,2.79972,-2.86408,0.971974,0.0565854,-0.17334,-0.145576
0,-0.593516,0.593516,-0.411232,0.411232,-1.27188,2.79776,-2.8609,0.971819,0.056804,-0.174038,-0.145504
0,-0.593516,0.593516,-0.411232,0.411232,-1.27762,2.79579,-2.85772,0.971663,0.0570227,-0.174737,-0.145433
0,-0.593516,0.593516,-0.411232,0.411232,-1.28335,2.79382,-2.85453,0.971508,0.0572415,-0.175436,-0.145361
0,-0.593516,0.593516,-0.411232,0.411232,-1.28908,2.79186,-2.85135,0.971352,0.0574603,-0.176135,-0.14529
0,-0.593516,0.593516,-0.411232,0.411232,-1.29481,2.78989,-2.84817,0.971197,0.0576792,-0.176835,-0.145218
0,-0.593516,0.593516,-0.411232,0.411232,-1.30055,2.78792,-2.84499,0.971041,0.0578982,-0.177535,-0.145147
0,-0.593516,0.593516,-0.411232,0.411232,-1.30628,2.78596,-2.8418,0.970886,0.0581173,-0.178234,-0.145075
0,-0.593516,0.593516,-0.411232,0.411232,-1.31201,2.78399,-2.83862,0.97073,0.0583364,-0.178935,-0.145003
0,-0.593516,0.593516,-0.411232,0.411232,-1.31775,2.78202,-2.83544,0.970574,0.0585556,-0.179635,-0.144932
0,-0.593516,0.593516,-0.411232,0.411232,-1.32348,2.78006,-2.83225,0.970419,0.0587749,-0.180336,-0.14486
0,-0.593516,0.593516,-0.411232,0.411232,-1.32921,2.77809,-2.82907,0.970263,0.0589942,-0.181036,-0.144788
0,-0.593516,0.593516,-0.411232,0.411232,-1.33494,2.77612,-2.82589,0.970107,0.0592136,-0.181738,-0.144717
0,-0.593516,0.593516,-0.411232,0.411232,-1.34068,2.77416,-2.82271,0.969952,0.0594331,-0.182439,-0.144645
0,-0.593516,0.593516,-0.411232,0.411232,-1.34641,2.77219,-2.81952,0.969796,0.0596527,-0.18314,-0.144573
0,-0.593516,0.593516,-0.411232,0.411232,-1.35214,2.77022,-2.81634,0.96964,0.0598723,-0.183842,-0.144501
0,-0.593516,0.593516,-0.411232,0.411232,-1.35788,2.76826,-2.81316,0.969485,0.060092,-0.184544,-0.14443
0,-0.593516,0.593516,-0.411232,0.411232,-1.36361,2.76629,-2.80997,0.969329,0.0603118,-0.185246,-0.144358
0,-0.593516,0.593516,-0.411232,0.411232,-1.36934,2.76433,-2.80679,0.969173,0.0605317,-0.185949,-0.144286
0,-0.593516,0.593516,-0.411232,0.411232,-1.37507,2.76236,-2.80361,0.969017,0.0607516,-0.186651,-0.144214
0,-0.593516,0.593516,-0.411232,0.411232,-1.38081,2.76039,-2.80042,0.968861,0.0609716,-0.187354,-0.144142
0,-0.593516,0.593516,-0.411232,0.411232,-1.38654,2.75843,-2.79724,0.968705,0.0611916,-0.188058,-0.14407
0,-0.593516,0.593516,-0.411232,0.411232,-1.39227,2.75646,-2.79406,0.968549,0.0614118,-0.188761,-0.143998
0,-0.593516,0.593516,-0.411232,0.411232,-1.39801,2.75449,-2.79088,0.968393,0.061632,-0.189465,-0.143926
0,-0.593516,0.593516,-0.411232,0.411232,-1.40374,2.75253,-2.78769,0.968237,0.0618523,-0.190168,-0.143855
0,-0.593516,0.593516,-0.411232,0.411232,-1.40947,2.75056,-2.78451,0.968081,0.0620726,-0.190872,-0.143783
0,-0.593516,0.593516,-0.411232,0.411232,-1.4152,2.74859,-2.78133,0.967925,0.0622931,-0.191577,-0.143711
0,-0.593516,0.593516,-0.411232,0.411232,-1.42094,2.74663,-2.77814,0.967769,0.0625136,-0.192281,-0.143639
0,-0.593516,0.593516,-0.411232,0.411232,-1.42667,2.74466,-2.77496,0.967613,0.0627341,-0.192986,-0.143567
0,-0.593516,0.593516,-0.411232,0.411232,-1.4324,2.74269,-2.77178,0.967457,0.0629548,-0.193691,-0.143495
0,-0.593516,0.593516,-0.411232,0.411232,-1.43814,2.74073,-2.7686,0.967301,0.0631755,-0.194396,-0.143422
0,-0.593516,0.593516,-0.411232,0.411232,-1.44387,2.73876,-2.76541,0.967145,0.0633963,-0.195102,-0.14335
0,-0.593516,0.593516,-0.411232,0.411232,-1.4496,2.73679,-2.76223,0.966989,0.0636172,-0.195808,-0.143278
0,-0.593516,0.593516,-0.411232,0.411232,-1.45533,2.73483,-2.75905,0.966833,0.0638381,-0.196513,-0.143206
0,-0.593516,0.593516,-0.411232,0.411232,-1.46107,2.73286,-2.75586,0.966676,0.0640591,-0.19722,-0.143134
0,-0.593516,0.593516,-0.411232,0.411232,-1.4668,2.73089,-2.75268,0.96652,0.0642802,-0.197926,-0.143062
0,-0.593516,0.593516,-0.411232,0.411232,-1.47253,2.72893,-2.7495,0.966364,0.0645014,-0.198633,-0.14299
0,-0.593516,0.593516,-0.411232,0.411232,-1.47827,2.72696,-2.74632,0.966207,0.0647226,-0.19934,-0.142917
0,-0.593516,0.593516,-0.411232,0.411232,-1.484,2.72499,-2.74313,0.966051,0.0649439,-0.200047,-0.142845
0,-0.593516,0.593516,-0.411232,0.411232,-1.48973,2.72303,-2.73995,0.965895,0.0651653,-0.200754,-0.142773
0,-0.593516,0.593516,-0.411232,0.411232,-1.49546,2.72106,-2.73677,0.965738,0.0653867,-0.201462,-0.142701
0,-0.593516,0.593516,-0.411232,0.411232,-1.5012,2.71909,-2.73358,0.965582,0.0656083,-0.202169,-0.142629
0,-0.593516,0.593516,-0.411232,0.411232,-1.50693,2.71713,-2.7304,0.965426,0.0658299,-0.202877,-0.142556
0,-0.593516,0.593516,-0.411232,0.411232,-1.51266,2.71516,-2.72722,0.965269,0.0660515,-0.203586,-0.142484
0,-0.593516,0.593516,-0.411232,0.411232,-1.5184,2.71319,-2.72403,0.965113,0.0662733,-0.204294,-0.142412
0,-0.593516,0.593516,-0.411232,0.411232,-1.52413,2.71123,-2.72085,0.964956,0.0664951,-0.205003,-0.142339
0,-0.593516,0.593516,-0.411232,0.411232,-1.52986,2.70926,-2.71767,0.9648,0.066717,-0.205712,-0.142267
0,-0.593516,0.593516,-0.411232,0.411232,-1.53559,2.70729,-2.71449,0.964643,0.066939,-0.206421,-0.142194
0,-0.593516,0.593516,-0.411232,0.411232,-1.54133,2.70533,-2.7113,0.964486,0.067161,-0.207131,-0.142122
0,-0.593516,0.593516,-0.411232,0.411232,-1.54706,2.70336,-2.70812,0.96433,0.0673831,-0.20784,-0.14205
0,-0.593516,0.593516,-0.411232,0.411232,-1.55279,2.70139,-2.70494,0.964173,0.0676053,-0.20855,-0.141977
0,-0.593516,0.593516,-0.411232,0.411232,-1.55853,2.69943,-2.70175,0.964017,0.0678276,-0.20926,-0.141905
0,-0.593516,0.593516,-0.411232,0.411232,-1.56426,2.69746,-2.69857,0.96386,0.0680499,-0.209971,-0.141832
0,-0.593516,0.593516,-0.411232,0.411232,-1.56999,2.69549,-2.69539,0.963703,0.0682723,-0.210681,-0.14176
0,-0.593516,0.593516,-0.411232,0.411232,-1.57572,2.69353,-2.69221,0.963546,0.0684948,-0.211392,-0.141687
0,-0.593516,0.593516,-0.411232,0.411232,-1.58146,2.69156,-2.68902,0.96339,0.0687174,-0.212103,-0.141615
0,-0.593516,0.593516,-0.411232,0.411232,-1.58719,2.68959,-2.68584,0.963233,0.06894,-0.212815,-0.141542
0,-0.593516,0.593516,-0.411232,0.411232,-1.59292,2.68763,-2.68266,0.963076,0.0691627,-0.213526,-0.141469
0,-0.593516,0.593516,-0.411232,0.411232,-1.59866,2.68566,-2.67947,0.962919,0.0693855,-0.214238,-0.141397
0,-0.593516,0.593516,-0.411232,0.411232,-1.60439,2.68369,-2.67629,0.962762,0.0696084,-0.21495,-0.141324
0,-0.593516,0.593516,-0.411232,0.411232,-1.61012,2.68173,-2.67311,0.962605,0.0698313,-0.215662,-0.141252
0,-0.593516,0.593516,-0.411232,0.411232,-1.61585,2.67976,-2.66993,0.962449,0.0700543,-0.216375,-0.141179
0,-0.593516,0.593516,-0.411232,0.411232,-1.62159,2.67779,-2.66674,0.962292,0.0702774,-0.217088,-0.141106
0,-0.593516,0.593516,-0.411232,0.411232,-1.62732,2.67583,-2.66356,0.962135,0.0705005,-0.217801,-0.141033
0,-0.593516,0.593516,-0.411232,0.411232,-1.63305,2.67386,-2.66038,0.961978,0.0707237,-0.218514,-0.140961
0,-0.593516,0.593516,-0.411232,0.411232,-1.63879,2.67189,-2.65719,0.961821,0.0709471,-0.219227,-0.140888
0,-0.593516,0.593516,-0.411232,0.411232,-1.64452,2.66993,-2.65401,0.961664,0.0711704,-0.219941,-0.140815
0,-0.593516,0.593516,-0.411232,0.411232,-1.65025,2.66796,-2.65083,0.961507,0.0713939,-0.220655,-0.140742
0,-0.593516,0.593516,-0.411232,0.411232,-1.65598,2.66599,-2.64764,0.961349,0.0716174,-0.221369,-0.14067
0,-0.593516,0.593516,-0.411232,0.411232,-1.66172,2.66403,-2.64446,0.961192,0.071841,-0.222084,-0.140597
0,-0.593516,0.593516,-0.411232,0.411232,-1.66745,2.66206,-2.64128,0.961035,0.0720647,-0.222798,-0.140524
0,-0.593516,0.593516,-0.411232,0.411232,-1.67318,2.66009,-2.6381,0.960878,0.0722885,-0.223513,-0.140451
0,-0.593516,0.593516,-0.411232,0.411232,-1.67892,2.65813,-2.63491,0.960721,0.0725123,-0.224229,-0.140378
0,-0.593516,0.593516,-0.411232,0.411232,-1.68465,2.65616,-2.63173,0.960564,0.0727362,-0.224944,-0.140305
0,-0.593516,0.593516,-0.411232,0.411232,-1.69038,2.65419,-2.62855,0.960406,0.0729602,-0.22566,-0.140232
0,-0.593516,0.593516,-0.411232,0.411232,-1.69611,2.65223,-2.62536,0.960249,0.0731842,-0.226375,-0.140159
0,-0.593516,0.593516,-0.411232,0.411232,-1.70185,2.65026,-2.62218,0.960092,0.0734084,-0.227092,-0.140086
0,-0.593516,0.593516,-0.411232,0.411232,-1.70758,2.64829,-2.619,0.959934,0.0736326,-0.227808,-0.140013
0,-0.593516,0.593516,-0.411232,0.411232,-1.71331,2.64633,-2.61582,0.959777,0.0738569,-0.228525,-0.13994
0,-0.593516,0.593516,-0.411232,0.411232,-1.71905,2.64436,-2.61263,0.95962,0.0740812,-0.229241,-0.139867
0,-0.593516,0.593516,-0.411232,0.411232,-1.72478,2.64239,-2.60945,0.959462,0.0743056,-0.229958,-0.139794
0,-0.593516,0.593516,-0.411232,0.411232,-1.73051,2.64043,-2.60627,0.959305,0.0745302,-0.230676,-0.139721
0,-0.593516,0.593516,-0.411232,0.411232,-1.73624,2.63846,-2.60308,0.959148,0.0747547,-0.231393,-0.139648
0,-0.593516,0.593516,-0.411232,0.411232,-1.74198,2.63649,-2.5999,0.95899,0.0749794,-0.232111,-0.139575
0,-0.593516,0.593516,-0.411232,0.411232,-1.74771,2.63453,-2.59672,0.958833,0.0752041,-0.232829,-0.139502
0,-0.593516,0.593516,-0.411232,0.411232,-1.75344,2.63256,-2.59354,0.958675,0.0754289,-0.233548,-0.139429
0,-0.593516,0.593516,-0.411232,0.411232,-1.75918,2.63059,-2.59035,0.958517,0.0756538,-0.234266,-0.139356
0,-0.593516,0.593516,-0.411232,0.411232,-1.76491,2.62863,-2.58717,0.95836,0.0758788,-0.234985,-0.139282
0,-0.593516,0.593516,-0.411232,0.411232,-1.77064,2.62666,-2.58399,0.958202,0.0761038,-0.235704,-0.139209
0,-0.593516,0.593516,-0.411232,0.411232,-1.77637,2.62469,-2.5808,0.958045,0.0763289,-0.236423,-0.139136
0,-0.593516,0.593516,-0.411232,0.411232,-1.78211,2.62273,-2.57762,0.957887,0.0765541,-0.237143,-0.139063
0,-0.593516,0.593516,-0.411232,0.411232,-1.78784,2.62076,-2.57444,0.957729,0.0767794,-0.237862,-0.138989
0,-0.593516,0.593516,-0.411232,0.411232,-1.79357,2.61879,-2.57125,0.957572,0.0770048,-0.238582,-0.138916
0,-0.593516,0.593516,-0.411232,0.411232,-1.79931,2.61683,-2.56807,0.957414,0.0772302,-0.239303,-0.138843
0,-0.593516,0.593516,-0.411232,0.411232,-1.80504,2.61486,-2.56489,0.957256,0.0774557,-0.240023,-0.138769
0,-0.593516,0.593516,-0.411232,0.411232,-1.81077,2.61289,-2.56171,0.957098,0.0776813,-0.240744,-0.138696
0,-0.593516,0.593516,-0.411232,0.411232,-1.8165,2.61093,-2.55852,0.95694,0.0779069,-0.241465,-0.138623
0,-0.593516,0.593516,-0.411232,0.411232,-1.82224,2.60896,-2.55534,0.956783,0.0781326,-0.242186,-0.138549
0,-0.593516,0.593516,-0.411232,0.411232,-1.82797,2.60699,-2.55216,0.956625,0.0783584,-0.242908,-0.138476
0,-0.593516,0.593516,-0.411232,0.411232,-1.8337,2.60503,-2.54897,0.956467,0.0785843,-0.243629,-0.138402
0,-0.593516,0.593516,-0.411232,0.411232,-1.83944,2.60306,-2.54579,0.956309,0.0788103,-0.244351,-0.138329
0,-0.593516,0.593516,-0.411232,0.411232,-1.84517,2.60109,-2.54261,0.956151,0.0790363,-0.245073,-0.138255
0,-0.593516,0.593516,-0.411232,0.411232,-1.8509,2.59913,-2.53943,0.955993,0.0792624,-0.245796,-0.138182
0,-0.593516,0.593516,-0.411232,0.411232,-1.85663,2.59716,-2.53624,0.955835,0.0794886,-0.246519,-0.138108
0,-0.593516,0.593516,-0.411232,0.411232,-1.86237,2.59519,-2.53306,0.955677,0.0797149,-0.247241,-0.138035
0,-0.593516,0.593516,-0.411232,0.411232,-1.8681,2.59323,-2.52988,0.955519,0.0799412,-0.247965,-0.137961
0,-0.593516,0.593516,-0.411232,0.411232,-1.87383,2.59126,-2.52669,0.955361,0.0801676,-0.248688,-0.137888
0,-0.593516,0.593516,-0.411232,0.411232,-1.87383,2.59126,-2.52669,0.955361,0.0801676,-0.248688,-0.137888
0,-0.593516,0.593516,-0.411232,0.411232,-1.87832,2.58975,-2.52362,0.955118,0.0804296,-0.249359,-0.137924
0,-0.593516,0.593516,-0.411232,0.411232,-1.88282,2.58825,-2.52055,0.954874,0.0806918,-0.250031,-0.137961
0,-0.593516,0.593516,-0.411232,0.411232,-1.88731,2.58674,-2.51748,0.954631,0.0809541,-0.250702,-0.137998
0,-0.593516,0.593516,-0.411232,0.411232,-1.8918,2.58524,-2.51441,0.954387,0.0812166,-0.251375,-0.138034
0,-0.593516,0.593516,-0.411232,0.411232,-1.89629,2.58373,-2.51134,0.954144,0.0814791,-0.252047,-0.138071
0,-0.593516,0.593516,-0.411232,0.411232,-1.90078,2.58223,-2.50827,0.9539,0.0817419,-0.25272,-0.138108
0,-0.593516,0.593516,-0.411232,0.411232,-1.90528,2.58072,-2.5052,0.953656,0.0820047,-0.253393,-0.138144
0,-0.593516,0.593516,-0.411232,0.411232,-1.90977,2.57922,-2.50213,0.953413,0.0822677,-0.254067,-0.138181
0,-0.593516,0.593516,-0.411232,0.411232,-1.91426,2.57771,-2.49906,0.953169,0.0825308,-0.254741,-0.138218
0,-0.593516,0.593516,-0.411232,0.411232,-1.91875,2.5762,-2.496,0.952925,0.0827941,-0.255415,-0.138255
0,-0.593516,0.593516,-0.411232,0.411232,-1.92324,2.5747,-2.49293,0.952681,0.0830575,-0.25609,-0.138292
0,-0.593516,0.593516,-0.411232,0.411232,-1.92774,2.57319,-2.48986,0.952437,0.0833211,-0.256765,-0.138329
0,-0.593516,0.593516,-0.411232,0.411232,-1.93223,2.57169,-2.48679,0.952193,0.0835848,-0.257441,-0.138365
0,-0.593516,0.593516,-0.411232,0.411232,-1.93672,2.57018,-2.48372,0.951949,0.0838486,-0.258116,-0.138402
0,-0.593516,0.593516,-0.411232,0.411232,-1.94121,2.56868,-2.48065,0.951705,0.0841126,-0.258793,-0.138439
0,-0.593516,0.593516,-0.411232,0.411232,-1.9457,2.56717,-2.47758,0.95146,0.0843767,-0.259469,-0.138476
0,-0.593516,0.593516,-0.411232,0.411232,-1.9502,2.56566,-2.47451,0.951216,0.084641,-0.260146,-0.138513
0,-0.593516,0.593516,-0.411232,0.411232,-1.95469,2.56416,-2.47144,0.950972,0.0849054,-0.260823,-0.13855
0,-0.593516,0.593516,-0.411232,0.411232,-1.95918,2.56265,-2.46837,0.950727,0.08517,-0.261501,-0.138588
0,-0.593516,0.593516,-0.411232,0.411232,-1.96367,2.56115,-2.4653,0.950483,0.0854346,-0.262179,-0.138625
0,-0.593516,0.593516,-0.411232,0.411232,-1.96816,2.55964,-2.46223,0.950238,0.0856995,-0.262857,-0.138662
0,-0.593516,0.593516,-0.411232,0.411232,-1.97266,2.55814,-2.45916,0.949994,0.0859644,-0.263536,-0.138699
0,-0.593516,0.593516,-0.411232,0.411232,-1.97715,2.55663,-2.45609,0.949749,0.0862296,-0.264215,-0.138736
0,-0.593516,0.593516,-0.411232,0.411232,-1.98164,2.55512,-2.45302,0.949504,0.0864948,-0.264895,-0.138773
0,-0.593516,0.593516,-0.411232,0.411232,-1.98613,2.55362,-2.44995,0.949259,0.0867602,-0.265574,-0.138811
0,-0.593516,0.593516,-0.411232,0.411232,-1.99062,2.55211,-2.44688,0.949014,0.0870258,-0.266255,-0.138848
0,-0.593516,0.593516,-0.411232,0.411232,-1.99512,2.55061,-2.44381,0.94877,0.0872914,-0.266935,-0.138885
0,-0.593516,0.593516,-0.411232,0.411232,-1.99961,2.5491,-2.44074,0.948525,0.0875573,-0.267616,-0.138922
0,-0.593516,0.593516,-0.411232,0.411232,-2.0041,2.5476,-2.43767,0.948279,0.0878232,-0.268297,-0.13896
0,-0.593516,0.593516,-0.411232,0.411232,-2.00859,2.54609,-2.4346,0.948034,0.0880893,-0.268979,-0.138997
0,-0.593516,0.593516,-0.411232,0.411232,-2.01308,2.54459,-2.43153,0.947789,0.0883556,-0.269661,-0.139035
0,-0.593516,0.593516,-0.411232,0.411232,-2.01758,2.54308,-2.42846,0.947544,0.088622,-0.270344,-0.139072
0,-0.593516,0.593516,-0.411232,0.411232,-2.02207,2.54157,-2.42539,0.947299,0.0888886,-0.271026,-0.13911
0,-0.593516,0.593516,-0.411232,0.411232,-2.02656,2.54007,-2.42232,0.947053,0.0891552,-0.27171,-0.139147
0,-0.593516,0.593516,-0.411232,0.411232,-2.03105,2.53856,-2.41925,0.946808,0.0894221,-0.272393,-0.139185
0,-0.593516,0.593516,-0.411232,0.411232,-2.03554,2.53706,-2.41618,0.946562,0.089689,-0.273077,-0.139222
0,-0.593516,0.593516,-0.411232,0.411232,-2.04004,2.53555,-2.41311,0.946317,0.0899562,-0.273761,-0.13926
0,-0.593516,0.593516,-0.411232,0.411232,-2.04453,2.53405,-2.41004,0.946071,0.0902234,-0.274446,-0.139297
0,-0.593516,0.593516,-0.411232,0.411232,-2.04902,2.53254,-2.40697,0.945825,0.0904909,-0.275131,-0.139335
0,-0.593516,0.593516,-0.411232,0.411232,-2.05351,2.53103,-2.4039,0.94558,0.0907584,-0.275816,-0.139373
0,-0.593516,0.593516,-0.411232,0.411232,-2.058,2.52953,-2.40083,0.945334,0.0910261,-0.276502,-0.13941
0,-0.593516,0.593516,-0.411232,0.411232,-2.06249,2.52802,-2.39776,0.945088,0.091294,-0.277188,-0.139448
0,-0.593516,0.593516,-0.411232,0.411232,-2.06699,2.52652,-2.39469,0.944842,0.091562,-0.277875,-0.139486
0,-0.593516,0.593516,-0.411232,0.411232,-2.07148,2.52501,-2.39162,0.944596,0.0918301,-0.278562,-0.139524
0,-0.593516,0.593516,-0.411232,0.411232,-2.07597,2.52351,-2.38855,0.94435,0.0920984,-0.279249,-0.139562
0,-0.593516,0.593516,-0.411232,0.411232,-2.08046,2.522,-2.38548,0.944104,0.0923668,-0.279937,-0.139599
0,-0.593516,0.593516,-0.411232,0.411232,-2.08495,2.52049,-2.38241,0.943857,0.0926354,-0.280625,-0.139637
0,-0.593516,0.593516,-0.411232,0.411232,-2.08945,2.51899,-2.37934,0.943611,0.0929041,-0.281313,-0.139675
0,-0.593516,0.593516,-0.411232,0.411232,-2.09394,2.51748,-2.37627,0.943365,0.093173,-0.282002,-0.139713
0,-0.593516,0.593516,-0.411232,0.411232,-2.09843,2.51598,-2.3732,0.943118,0.093442,-0.282691,-0.139751
0,-0.593516,0.593516,-0.411232,0.411232,-2.10292,2.51447,-2.37013,0.942872,0.0937112,-0.283381,-0.139789
0,-0.593516,0.593516,-0.411232,0.411232,-2.10741,2.51297,-2.36706,0.942625,0.0939805,-0.284071,-0.139827
0,-0.593516,0.593516,-0.411232,0.411232,-2.11191,2.51146,-2.36399,0.942379,0.0942499,-0.284761,-0.139865
0,-0.593516,0.593516,-0.411232,0.411232,-2.1164,2.50996,-2.36092,0.942132,0.0945195,-0.285452,-0.139903
0,-0.593516,0.593516,-0.411232,0.411232,-2.12089,2.50845,-2.35785,0.941885,0.0947893,-0.286143,-0.139941
0,-0.593516,0.593516,-0.411232,0.411232,-2.12538,2.50694,-2.35478,0.941639,0.0950592,-0.286834,-0.13998
0,-0.593516,0.593516,-0.411232,0.411232,-2.12987,2.50544,-2.35171,0.941392,0.0953293,-0.287526,-0.140018
0,-0.593516,0.593516,-0.411232,0.411232,-2.13437,2.50393,-2.34864,0.941145,0.0955995,-0.288218,-0.140056
0,-0.593516,0.593516,-0.411232,0.411232,-2.13886,2.50243,-2.34557,0.940898,0.0958698,-0.288911,-0.140094
0,-0.593516,0.593516,-0.411232,0.411232,-2.14335,2.50092,-2.3425,0.940651,0.0961403,-0.289604,-0.140132
0,-0.593516,0.593516,-0.411232,0.411232,-2.14784,2.49942,-2.33943,0.940404,0.0964109,-0.290297,-0.140171
0,-0.593516,0.593516,-0.411232,0.411232,-2.15233,2.49791,-2.33636,0.940156,0.0966817,-0.290991,-0.140209
0,-0.593516,0.593516,-0.411232,0.411232,-2.15683,2.4964,-2.33329,0.939909,0.0969527,-0.291685,-0.140247
0,-0.593516,0.593516,-0.411232,0.411232,-2.16132,2.4949,-2.33022,0.939662,0.0972238,-0.29238,-0.140286
0,-0.593516,0.593516,-0.411232,0.411232,-2.16581,2.49339,-2.32715,0.939415,0.097495,-0.293075,-0.140324
0,-0.593516,0.593516,-0.411232,0.411232,-2.1703,2.49189,-2.32408,0.939167,0.0977664,-0.29377,-0.140363
0,-0.593516,0.593516,-0.411232,0.411232,-2.17479,2.49038,-2.32101,0.93892,0.0980379,-0.294466,-0.140401
0,-0.593516,0.593516,-0.411232,0.411232,-2.17929,2.48888,-2.31794,0.938672,0.0983096,-0.295162,-0.14044
0,-0.593516,0.593516,-0.411232,0.411232,-2.18378,2.48737,-2.31487,0.938424,0.0985815,-0.295858,-0.140478
0,-0.593516,0.593516,-0.411232,0.411232,-2.18827,2.48586,-2.3118,0.938177,0.0988535,-0.296555,-0.140517
0,-0.593516,0.593516,-0.411232,0.411232,-2.19276,2.48436,-2.30873,0.937929,0.0991256,-0.297252,-0.140555
0,-0.593516,0.593516,-0.411232,0.411232,-2.19725,2.48285,-2.30566,0.937681,0.0993979,-0.29795,-0.140594
0,-0.593516,0.593516,-0.411232,0.411232,-2.20175,2.48135,-2.30259,0.937433,0.0996703,-0.298648,-0.140633
0,-0.593516,0.593516,-0.411232,0.411232,-2.20624,2.47984,-2.29952,0.937185,0.0999429,-0.299346,-0.140671
0,-0.593516,0.593516,-0.411232,0.411232,-2.21073,2.47834,-2.29645,0.936937,0.100216,-0.300045,-0.14071
0,-0.593516,0.593516,-0.411232,0.411232,-2.21522,2.47683,-2.29338,0.936689,0.100489,-0.300744,-0.140749
0,-0.593516,0.593516,-0.411232,0.411232,-2.21971,2.47533,-2.29031,0.936441,0.100762,-0.301444,-0.140788
0,-0.593516,0.593516,-0.411232,0.411232,-2.2242,2.47382,-2.28724,0.936193,0.101035,-0.302144,-0.140826
0,-0.593516,0.593516,-0.411232,0.411232,-2.2287,2.47231,-2.28417,0.935944,0.101308,-0.302844,-0.140865
0,-0.593516,0.593516,-0.411232,0.411232,-2.23319,2.47081,-2.2811,0.935696,0.101582,-0.303545,-0.140904
0,-0.593516,0.593516,-0.411232,0.411232,-2.23768,2.4693,-2.27803,0.935448,0.101855,-0.304246,-0.140943
0,-0.593516,0.593516,-0.411232,0.411232,-2.24217,2.4678,-2.27496,0.935199,0.102129,-0.304948,-0.140982
0,-0.593516,0.593516,-0.411232,0.411232,-2.24666,2.46629,-2.27189,0.934951,0.102403,-0.30565,-0.141021
0,-0.593516,0.593516,-0.411232,0.411232,-2.25116,2.46479,-2.26882,0.934702,0.102677,-0.306352,-0.14106
0,-0.593516,0.593516,-0.411232,0.411232,-2.25565,2.46328,-2.26575,0.934453,0.102952,-0.307055,-0.141099
0,-0.593516,0.593516,-0.411232,0.411232,-2.26014,2.46177,-2.26268,0.934204,0.103226,-0.307758,-0.141138
0,-0.593516,0.593516,-0.411232,0.411232,-2.26463,2.46027,-2.25961,0.933956,0.103501,-0.308461,-0.141177
0,-0.593516,0.593516,-0.411232,0.411232,-2.26912,2.45876,-2.25654,0.933707,0.103775,-0.309165,-0.141216
0,-0.593516,0.593516,-0.411232,0.411232,-2.27362,2.45726,-2.25347,0.933458,0.10405,-0.30987,-0.141255
0,-0.593516,0.593516,-0.411232,0.411232,-2.27811,2.45575,-2.2504,0.933209,0.104325,-0.310574,-0.141295
0,-0.593516,0.593516,-0.411232,0.411232,-2.2826,2.45425,-2.24733,0.93296,0.1046,-0.311279,-0.141334
0,-0.593516,0.593516,-0.411232,0.411232,-2.28709,2.45274,-2.24426,0.932711,0.104876,-0.311985,-0.141373
0,-0.593516,0.593516,-0.411232,0.411232,-2.29158,2.45123,-2.24119,0.932461,0.105151,-0.312691,-0.141412
0,-0.593516,0.593516,-0.411232,0.411232,-2.29608,2.44973,-2.23812,0.932212,0.105427,-0.313397,-0.141452
0,-0.593516,0.593516,-0.411232,0.411232,-2.30057,2.44822,-2.23505,0.931963,0.105703,-0.314104,-0.141491
0,-0.593516,0.593516,-0.411232,0.411232,-2.30506,2.44672,-2.23198,0.931713,0.105979,-0.314811,-0.14153
0,-0.593516,0.593516,-0.411232,0.411232,-2.30955,2.44521,-2.22891,0.931464,0.106255,-0.315519,-0.14157
0,-0.593516,0.593516,-0.411232,0.411232,-2.31404,2.44371,-2.22584,0.931214,0.106531,-0.316226,-0.141609
0,-0.593516,0.593516,-0.411232,0.411232,-2.31854,2.4422,-2.22277,0.930965,0.106807,-0.316935,-0.141649
0,-0.593516,0.593516,-0.411232,0.411232,-2.32303,2.4407,-2.2197,0.930715,0.107084,-0.317644,-0.141688
0,-0.593516,0.593516,-0.411232,0.411232,-2.32752,2.43919,-2.21664,0.930465,0.107361,-0.318353,-0.141728
0,-0.593516,0.593516,-0.411232,0.411232,-2.33201,2.43768,-2.21357,0.930215,0.107638,-0.319062,-0.141767
0,-0.593516,0.593516,-0.411232,0.411232,-2.3365,2.43618,-2.2105,0.929965,0.107915,-0.319772,-0.141807
0,-0.593516,0.593516,-0.411232,0.411232,-2.341,2.43467,-2.20743,0.929716,0.108192,-0.320482,-0.141846
0,-0.593516,0.593516,-0.411232,0.411232,-2.34549,2.43317,-2.20436,0.929465,0.108469,-0.321193,-0.141886
0,-0.593516,0.593516,-0.411232,0.411232,-2.34998,2.43166,-2.20129,0.929215,0.108747,-0.321904,-0.141926
0,-0.593516,0.593516,-0.411232,0.411232,-2.35447,2.43016,-2.19822,0.928965,0.109025,-0.322616,-0.141965
0,-0.593516,0.593516,-0.411232,0.411232,-2.35896,2.42865,-2.19515,0.928715,0.109302,-0.323328,-0.142005
0,-0.593516,0.593516,-0.411232,0.411232,-2.36346,2.42714,-2.19208,0.928465,0.10958,-0.32404,-0.142045
0,-0.593516,0.593516,-0.411232,0.411232,-2.36795,2.42564,-2.18901,0.928214,0.109859,-0.324753,-0.142085
0,-0.593516,0.593516,-0.411232,0.411232,-2.37244,2.42413,-2.18594,0.927964,0.110137,-0.325466,-0.142124
0,-0.593516,0.593516,-0.411232,0.411232,-2.37693,2.42263,-2.18287,0.927713,0.110415,-0.32618,-0.142164
0,-0.593516,0.593516,-0.411232,0.411232,-2.38142,2.42112,-2.1798,0.927463,0.110694,-0.326894,-0.142204
0,-0.593516,0.593516,-0.411232,0.411232,-2.38591,2.41962,-2.17673,0.927212,0.110973,-0.327608,-0.142244
0,-0.593516,0.593516,-0.411232,0.411232,-2.39041,2.41811,-2.17366,0.926961,0.111252,-0.328323,-0.142284
0,-0.593516,0.593516,-0.411232,0.411232,-2.3949,2.4166,-2.17059,0.926711,0.111531,-0.329038,-0.142324
0,-0.593516,0.593516,-0.411232,0.411232,-2.39939,2.4151,-2.16752,0.92646,0.11181,-0.329754,-0.142364
0,-0.593516,0.593516,-0.411232,0.411232,-2.40388,2.41359,-2.16445,0.926209,0.11209,-0.33047,-0.142404
0,-0.593516,0.593516,-0.411232,0.411232,-2.40837,2.41209,-2.16138,0.925958,0.112369,-0.331187,-0.142444
0,-0.593516,0.593516,-0.411232,0.411232,-2.40837,2.41209,-2.16138,0.925958,0.112369,-0.331187,-0.142444
0,-0.593516,0.593516,-0.411232,0.411232,-2.41295,2.40929,-2.15626,0.9257,0.112511,-0.331781,-0.142399
0,-0.593516,0.593516,-0.411232,0.411232,-2.41752,2.40649,-2.15114,0.925443,0.112653,-0.332377,-0.142354
0,-0.593516,0.593516,-0.411232,0.411232,-2.42209,2.40369,-2.14602,0.925185,0.112795,-0.332972,-0.142309
0,-0.593516,0.593516,-0.411232,0.411232,-2.42666,2.40088,-2.14091,0.924927,0.112937,-0.333568,-0.142263
0,-0.593516,0.593516,-0.411232,0.411232,-2.43123,2.39808,-2.13579,0.92467,0.113079,-0.334165,-0.142218
0,-0.593516,0.593516,-0.411232,0.411232,-2.4358,2.39528,-2.13067,0.924412,0.113221,-0.334761,-0.142173
0,-0.593516,0.593516,-0.411232,0.411232,-2.44037,2.39248,-2.12555,0.924154,0.113364,-0.335359,-0.142127
0,-0.593516,0.593516,-0.411232,0.411232,-2.44494,2.38968,-2.12043,0.923896,0.113506,-0.335956,-0.142082
0,-0.593516,0.593516,-0.411232,0.411232,-2.44951,2.38688,-2.11532,0.923638,0.113649,-0.336554,-0.142037
0,-0.593516,0.593516,-0.411232,0.411232,-2.45408,2.38408,-2.1102,0.92338,0.113791,-0.337152,-0.141991
0,-0.593516,0.593516,-0.411232,0.411232,-2.45865,2.38128,-2.10508,0.923121,0.113934,-0.33775,-0.141946
0,-0.593516,0.593516,-0.411232,0.411232,-2.46322,2.37848,-2.09996,0.922863,0.114077,-0.338349,-0.1419
0,-0.593516,0.593516,-0.411232,0.411232,-2.46779,2.37568,-2.09485,0.922605,0.114219,-0.338949,-0.141855
0,-0.593516,0.593516,-0.411232,0.411232,-2.47237,2.37288,-2.08973,0.922346,0.114362,-0.339548,-0.14181
0,-0.593516,0.593516,-0.411232,0.411232,-2.47694,2.37008,-2.08461,0.922088,0.114505,-0.340148,-0.141764
0,-0.593516,0.593516,-0.411232,0.411232,-2.48151,2.36728,-2.07949,0.921829,0.114649,-0.340748,-0.141719
0,-0.593516,0.593516,-0.411232,0.411232,-2.48608,2.36447,-2.07437,0.92157,0.114792,-0.341349,-0.141673
0,-0.593516,0.593516,-0.411232,0.411232,-2.49065,2.36167,-2.06926,0.921312,0.114935,-0.34195,-0.141628
0,-0.593516,0.593516,-0.411232,0.411232,-2.49522,2.35887,-2.06414,0.921053,0.115078,-0.342552,-0.141582
0,-0.593516,0.593516,-0.411232,0.411232,-2.49979,2.35607,-2.05902,0.920794,0.115222,-0.343153,-0.141537
0,-0.593516,0.593516,-0.411232,0.411232,-2.50436,2.35327,-2.0539,0.920535,0.115366,-0.343755,-0.141491
0,-0.593516,0.593516,-0.411232,0.411232,-2.50893,2.35047,-2.04879,0.920276,0.115509,-0.344358,-0.141446
0,-0.593516,0.593516,-0.411232,0.411232,-2.5135,2.34767,-2.04367,0.920017,0.115653,-0.344961,-0.1414
0,-0.593516,0.593516,-0.411232,0.411232,-2.51807,2.34487,-2.03855,0.919757,0.115797,-0.345564,-0.141355
0,-0.593516,0.593516,-0.411232,0.411232,-2.52264,2.34207,-2.03343,0.919498,0.115941,-0.346168,-0.141309
0,-0.593516,0.593516,-0.411232,0.411232,-2.52722,2.33927,-2.02831,0.919239,0.116085,-0.346772,-0.141263
0,-0.593516,0.593516,-0.411232,0.411232,-2.53179,2.33647,-2.0232,0.918979,0.116229,-0.347376,-0.141218
0,-0.593516,0.593516,-0.411232,0.411232,-2.53636,2.33367,-2.01808,0.91872,0.116373,-0.347981,-0.141172
0,-0.593516,0.593516,-0.411232,0.411232,-2.54093,2.33087,-2.01296,0.91846,0.116517,-0.348586,-0.141126
0,-0.593516,0.593516,-0.411232,0.411232,-2.5455,2.32807,-2.00784,0.918201,0.116662,-0.349191,-0.141081
0,-0.593516,0.593516,-0.411232,0.411232,-2.55007,2.32526,-2.00273,0.917941,0.116806,-0.349797,-0.141035
0,-0.593516,0.593516,-0.411232,0.411232,-2.55464,2.32246,-1.99761,0.917681,0.116951,-0.350403,-0.140989
0,-0.593516,0.593516,-0.411232,0.411232,-2.55921,2.31966,-1.99249,0.917422,0.117096,-0.35101,-0.140944
0,-0.593516,0.593516,-0.411232,0.411232,-2.56378,2.31686,-1.98737,0.917162,0.11724,-0.351617,-0.140898
0,-0.593516,0.593516,-0.411232,0.411232,-2.56835,2.31406,-1.98225,0.916902,0.117385,-0.352224,-0.140852
0,-0.593516,0.593516,-0.411232,0.411232,-2.57292,2.31126,-1.97714,0.916642,0.11753,-0.352832,-0.140806
0,-0.593516,0.593516,-0.411232,0.411232,-2.57749,2.30846,-1.97202,0.916381,0.117675,-0.35344,-0.140761
0,-0.593516,0.593516,-0.411232,0.411232,-2.58206,2.30566,-1.9669,0.916121,0.11782,-0.354048,-0.140715
0,-0.593516,0.593516,-0.411232,0.411232,-2.58664,2.30286,-1.96178,0.915861,0.117965,-0.354657,-0.140669
0,-0.593516,0.593516,-0.411232,0.411232,-2.59121,2.30006,-1.95667,0.915601,0.118111,-0.355266,-0.140623
0,-0.593516,0.593516,-0.411232,0.411232,-2.59578,2.29726,-1.95155,0.91534,0.118256,-0.355876,-0.140578
0,-0.593516,0.593516,-0.411232,0.411232,-2.60035,2.29446,-1.94643,0.91508,0.118402,-0.356486,-0.140532
0,-0.593516,0.593516,-0.411232,0.411232,-2.60492,2.29166,-1.94131,0.914819,0.118547,-0.357096,-0.140486
0,-0.593516,0.593516,-0.411232,0.411232,-2.60949,2.28885,-1.93619,0.914558,0.118693,-0.357707,-0.14044
0,-0.593516,0.593516,-0.411232,0.411232,-2.61406,2.28605,-1.93108,0.914298,0.118839,-0.358318,-0.140394
0,-0.593516,0.593516,-0.411232,0.411232,-2.61863,2.28325,-1.92596,0.914037,0.118985,-0.358929,-0.140348
0,-0.593516,0.593516,-0.411232,0.411232,-2.6232,2.28045,-1.92084,0.913776,0.11913,-0.359541,-0.140302
0,-0.593516,0.593516,-0.411232,0.411232,-2.62777,2.27765,-1.91572,0.913515,0.119277,-0.360153,-0.140256
0,-0.593516,0.593516,-0.411232,0.411232,-2.63234,2.27485,-1.91061,0.913254,0.119423,-0.360766,-0.14021
0,-0.593516,0.593516,-0.411232,0.411232,-2.63691,2.27205,-1.90549,0.912993,0.119569,-0.361379,-0.140164
0,-0.593516,0.593516,-0.411232,0.411232,-2.64148,2.26925,-1.90037,0.912732,0.119715,-0.361992,-0.140118
0,-0.593516,0.593516,-0.411232,0.411232,-2.64606,2.26645,-1.89525,0.91247,0.119862,-0.362606,-0.140072
0,-0.593516,0.593516,-0.411232,0.411232,-2.65063,2.26365,-1.89013,0.912209,0.120008,-0.36322,-0.140026
0,-0.593516,0.593516,-0.411232,0.411232,-2.6552,2.26085,-1.88502,0.911948,0.120155,-0.363835,-0.13998
0,-0.593516,0.593516,-0.411232,0.411232,-2.65977,2.25805,-1.8799,0.911686,0.120301,-0.36445,-0.139934
0,-0.593516,0.593516,-0.411232,0.411232,-2.66434,2.25525,-1.87478,0.911425,0.120448,-0.365065,-0.139888
0,-0.593516,0.593516,-0.411232,0.411232,-2.66891,2.25244,-1.86966,0.911163,0.120595,-0.36568,-0.139842
0,-0.593516,0.593516,-0.411232,0.411232,-2.67348,2.24964,-1.86455,0.910901,0.120742,-0.366296,-0.139796
0,-0.593516,0.593516,-0.411232,0.411232,-2.67805,2.24684,-1.85943,0.910639,0.120889,-0.366913,-0.13975
0,-0.593516,0.593516,-0.411232,0.411232,-2.68262,2.24404,-1.85431,0.910378,0.121036,-0.36753,-0.139704
0,-0.593516,0.593516,-0.411232,0.411232,-2.68719,2.24124,-1.84919,0.910116,0.121184,-0.368147,-0.139658
0,-0.593516,0.593516,-0.411232,0.411232,-2.69176,2.23844,-1.84407,0.909854,0.121331,-0.368764,-0.139612
0,-0.593516,0.593516,-0.411232,0.411232,-2.69633,2.23564,-1.83896,0.909592,0.121479,-0.369382,-0.139566
0,-0.593516,0.593516,-0.411232,0.411232,-2.7009,2.23284,-1.83384,0.909329,0.121626,-0.370001,-0.13952
0,-0.593516,0.593516,-0.411232,0.411232,-2.70548,2.23004,-1.82872,0.909067,0.121774,-0.370619,-0.139473
0,-0.593516,0.593516,-0.411232,0.411232,-2.71005,2.22724,-1.8236,0.908805,0.121921,-0.371238,-0.139427
0,-0.593516,0.593516,-0.411232,0.411232,-2.71462,2.22444,-1.81849,0.908542,0.122069,-0.371858,-0.139381
0,-0.593516,0.593516,-0.411232,0.411232,-2.71919,2.22164,-1.81337,0.90828,0.122217,-0.372478,-0.139335
0,-0.593516,0.593516,-0.411232,0.411232,-2.72376,2.21884,-1.80825,0.908017,0.122365,-0.373098,-0.139288
0,-0.593516,0.593516,-0.411232,0.411232,-2.72833,2.21603,-1.80313,0.907755,0.122513,-0.373719,-0.139242
0,-0.593516,0.593516,-0.411232,0.411232,-2.7329,2.21323,-1.79801,0.907492,0.122662,-0.37434,-0.139196
0,-0.593516,0.593516,-0.411232,0.411232,-2.73747,2.21043,-1.7929,0.907229,0.12281,-0.374961,-0.13915
0,-0.593516,0.593516,-0.411232,0.411232,-2.74204,2.20763,-1.78778,0.906967,0.122958,-0.375583,-0.139103
0,-0.593516,0.593516,-0.411232,0.411232,-2.74661,2.20483,-1.78266,0.906704,0.123107,-0.376205,-0.139057
0,-0.593516,0.593516,-0.411232,0.411232,-2.75118,2.20203,-1.77754,0.906441,0.123255,-0.376828,-0.139011
0,-0.593516,0.593516,-0.411232,0.411232,-2.75575,2.19923,-1.77243,0.906178,0.123404,-0.377451,-0.138964
0,-0.593516,0.593516,-0.411232,0.411232,-2.76033,2.19643,-1.76731,0.905914,0.123553,-0.378074,-0.138918
0,-0.593516,0.593516,-0.411232,0.411232,-2.7649,2.19363,-1.76219,0.905651,0.123702,-0.378698,-0.138872
0,-0.593516,0.593516,-0.411232,0.411232,-2.76947,2.19083,-1.75707,0.905388,0.123851,-0.379322,-0.138825
0,-0.593516,0.593516,-0.411232,0.411232,-2.77404,2.18803,-1.75195,0.905124,0.124,-0.379947,-0.138779
0,-0.593516,0.593516,-0.411232,0.411232,-2.77861,2.18523,-1.74684,0.904861,0.124149,-0.380572,-0.138732
0,-0.593516,0.593516,-0.411232,0.411232,-2.78318,2.18243,-1.74172,0.904598,0.124298,-0.381197,-0.138686
0,-0.593516,0.593516,-0.411232,0.411232,-2.78775,2.17962,-1.7366,0.904334,0.124448,-0.381823,-0.13864
0,-0.593516,0.593516,-0.411232,0.411232,-2.79232,2.17682,-1.73148,0.90407,0.124597,-0.382449,-0.138593
0,-0.593516,0.593516,-0.411232,0.411232,-2.79689,2.17402,-1.72637,0.903806,0.124747,-0.383076,-0.138547
0,-0.593516,0.593516,-0.411232,0.411232,-2.80146,2.17122,-1.72125,0.903543,0.124897,-0.383703,-0.1385
0,-0.593516,0.593516,-0.411232,0.411232,-2.80603,2.16842,-1.71613,0.903279,0.125046,-0.38433,-0.138454
0,-0.593516,0.593516,-0.411232,0.411232,-2.8106,2.16562,-1.71101,0.903015,0.125196,-0.384958,-0.138407
0,-0.593516,0.593516,-0.411232,0.411232,-2.81517,2.16282,-1.70589,0.902751,0.125346,-0.385586,-0.138361
0,-0.593516,0.593516,-0.411232,0.411232,-2.81975,2.16002,-1.70078,0.902487,0.125496,-0.386215,-0.138314
0,-0.593516,0.593516,-0.411232,0.411232,-2.82432,2.15722,-1.69566,0.902222,0.125646,-0.386844,-0.138267
0,-0.593516,0.593516,-0.411232,0.411232,-2.82889,2.15442,-1.69054,0.901958,0.125797,-0.387473,-0.138221
0,-0.593516,0.593516,-0.411232,0.411232,-2.83346,2.15162,-1.68542,0.901694,0.125947,-0.388103,-0.138174
0,-0.593516,0.593516,-0.411232,0.411232,-2.83803,2.14882,-1.68031,0.901429,0.126098,-0.388733,-0.138128
0,-0.593516,0.593516,-0.411232,0.411232,-2.8426,2.14602,-1.67519,0.901165,0.126248,-0.389364,-0.138081
0,-0.593516,0.593516,-0.411232,0.411232,-2.84717,2.14322,-1.67007,0.9009,0.126399,-0.389995,-0.138034
0,-0.593516,0.593516,-0.411232,0.411232,-2.85174,2.14041,-1.66495,0.900635,0.12655,-0.390626,-0.137988
0,-0.593516,0.593516,-0.411232,0.411232,-2.85631,2.13761,-1.65983,0.900371,0.1267,-0.391258,-0.137941
0,-0.593516,0.593516,-0.411232,0.411232,-2.86088,2.13481,-1.65472,0.900106,0.126851,-0.39189,-0.137894
0,-0.593516,0.593516,-0.411232,0.411232,-2.86545,2.13201,-1.6496,0.899841,0.127002,-0.392523,-0.137847
0,-0.593516,0.593516,-0.411232,0.411232,-2.87002,2.12921,-1.64448,0.899576,0.127154,-0.393156,-0.137801
0,-0.593516,0.593516,-0.411232,0.411232,-2.87459,2.12641,-1.63936,0.899311,0.127305,-0.393789,-0.137754
0,-0.593516,0.593516,-0.411232,0.411232,-2.87917,2.12361,-1.63425,0.899046,0.127456,-0.394423,-0.137707
0,-0.593516,0.593516,-0.411232,0.411232,-2.88374,2.12081,-1.62913,0.89878,0.127608,-0.395057,-0.13766
0,-0.593516,0.593516,-0.411232,0.411232,-2.88831,2.11801,-1.62401,0.898515,0.127759,-0.395692,-0.137614
0,-0.593516,0.593516,-0.411232,0.411232,-2.89288,2.11521,-1.61889,0.89825,0.127911,-0.396327,-0.137567
0,-0.593516,0.593516,-0.411232,0.411232,-2.89745,2.11241,-1.61377,0.897984,0.128063,-0.396962,-0.13752
0,-0.593516,0.593516,-0.411232,0.411232,-2.90202,2.10961,-1.60866,0.897719,0.128215,-0.397598,-0.137473
0,-0.593516,0.593516,-0.411232,0.411232,-2.90659,2.10681,-1.60354,0.897453,0.128367,-0.398235,-0.137426
0,-0.593516,0.593516,-0.411232,0.411232,-2.91116,2.104,-1.59842,0.897187,0.128519,-0.398871,-0.137379
0,-0.593516,0.593516,-0.411232,0.411232,-2.91573,2.1012,-1.5933,0.896921,0.128671,-0.399508,-0.137333
0,-0.593516,0.593516,-0.411232,0.411232,-2.9203,2.0984,-1.58819,0.896656,0.128823,-0.400146,-0.137286
0,-0.593516,0.593516,-0.411232,0.411232,-2.92487,2.0956,-1.58307,0.89639,0.128975,-0.400784,-0.137239
0,-0.593516,0.593516,-0.411232,0.411232,-2.92944,2.0928,-1.57795,0.896124,0.129128,-0.401422,-0.137192
0,-0.593516,0.593516,-0.411232,0.411232,-2.93402,2.09,-1.57283,0.895858,0.129281,-0.402061,-0.137145
0,-0.593516,0.593516,-0.411232,0.411232,-2.93859,2.0872,-1.56771,0.895591,0.129433,-0.4027,-0.137098
0,-0.593516,0.593516,-0.411232,0.411232,-2.94316,2.0844,-1.5626,0.895325,0.129586,-0.40334,-0.137051
0,-0.593516,0.593516,-0.411232,0.411232,-2.94773,2.0816,-1.55748,0.895059,0.129739,-0.40398,-0.137004
0,-0.593516,0.593516,-0.411232,0.411232,-2.9523,2.0788,-1.55236,0.894792,0.129892,-0.40462,-0.136957
0,-0.593516,0.593516,-0.411232,0.411232,-2.9523,2.0788,-1.55236,0.894792,0.129892,-0.40462,-0.136957
0,-0.593516,0.593516,-0.411232,0.411232,-2.9562,2.07617,-1.54751,0.894407,0.130131,-0.405283,-0.136909
0,-0.593516,0.593516,-0.411232,0.411232,-2.9601,2.07354,-1.54266,0.894022,0.13037,-0.405946,-0.136862
0,-0.593516,0.593516,-0.411232,0.411232,-2.964,2.07091,-1.53781,0.893636,0.13061,-0.40661,-0.136814
0,-0.593516,0.593516,-0.411232,0.411232,-2.96791,2.06828,-1.53296,0.893251,0.13085,-0.407274,-0.136767
0,-0.593516,0.593516,-0.411232,0.411232,-2.97181,2.06565,-1.52811,0.892865,0.13109,-0.407939,-0.136719
0,-0.593516,0.593516,-0.411232,0.411232,-2.97571,2.06303,-1.52326,0.892479,0.13133,-0.408605,-0.136671
0,-0.593516,0.593516,-0.411232,0.411232,-2.97961,2.0604,-1.51841,0.892093,0.13157,-0.409271,-0.136624
0,-0.593516,0.593516,-0.411232,0.411232,-2.98352,2.05777,-1.51356,0.891706,0.131811,-0.409938,-0.136576
0,-0.593516,0.593516,-0.411232,0.411232,-2.98742,2.05514,-1.50871,0.89132,0.132052,-0.410606,-0.136528
0,-0.593516,0.593516,-0.411232,0.411232,-2.99132,2.05251,-1.50387,0.890933,0.132293,-0.411274,-0.13648
0,-0.593516,0.593516,-0.411232,0.411232,-2.99522,2.04988,-1.49902,0.890546,0.132535,-0.411943,-0.136433
0,-0.593516,0.593516,-0.411232,0.411232,-2.99912,2.04725,-1.49417,0.890159,0.132776,-0.412613,-0.136385
0,-0.593516,0.593516,-0.411232,0.411232,-3.00303,2.04463,-1.48932,0.889772,0.133018,-0.413283,-0.136337
0,-0.593516,0.593516,-0.411232,0.411232,-3.00693,2.042,-1.48447,0.889385,0.13326,-0.413954,-0.136289
0,-0.593516,0.593516,-0.411232,0.411232,-3.01083,2.03937,-1.47962,0.888997,0.133503,-0.414625,-0.136242
0,-0.593516,0.593516,-0.411232,0.411232,-3.01473,2.03674,-1.47477,0.88861,0.133745,-0.415298,-0.136194
0,-0.593516,0.593516,-0.411232,0.411232,-3.01864,2.03411,-1.46992,0.888222,0.133988,-0.415971,-0.136146
0,-0.593516,0.593516,-0.411232,0.411232,-3.02254,2.03148,-1.46507,0.887834,0.134231,-0.416644,-0.136098
0,-0.593516,0.593516,-0.411232,0.411232,-3.02644,2.02885,-1.46022,0.887446,0.134474,-0.417318,-0.13605
0,-0.593516,0.593516,-0.411232,0.411232,-3.03034,2.02623,-1.45537,0.887057,0.134718,-0.417993,-0.136002
0,-0.593516,0.593516,-0.411232,0.411232,-3.03424,2.0236,-1.45052,0.886669,0.134962,-0.418669,-0.135954
0,-0.593516,0.593516,-0.411232,0.411232,-3.03815,2.02097,-1.44567,0.88628,0.135206,-0.419345,-0.135907
0,-0.593516,0.593516,-0.411232,0.411232,-3.04205,2.01834,-1.44082,0.885891,0.13545,-0.420022,-0.135859
0,-0.593516,0.593516,-0.411232,0.411232,-3.04595,2.01571,-1.43597,0.885502,0.135695,-0.4207,-0.135811
0,-0.593516,0.593516,-0.411232,0.411232,-3.04985,2.01308,-1.43112,0.885113,0.135939,-0.421378,-0.135763
0,-0.593516,0.593516,-0.411232,0.411232,-3.05376,2.01045,-1.42627,0.884724,0.136184,-0.422057,-0.135715
0,-0.593516,0.593516,-0.411232,0.411232,-3.05766,2.00782,-1.42142,0.884334,0.136429,-0.422737,-0.135667
0,-0.593516,0.593516,-0.411232,0.411232,-3.06156,2.0052,-1.41657,0.883945,0.136675,-0.423417,-0.135619
0,-0.593516,0.593516,-0.411232,0.411232,-3.06546,2.00257,-1.41172,0.883555,0.136921,-0.424098,-0.135571
0,-0.593516,0.593516,-0.411232,0.411232,-3.06936,1.99994,-1.40687,0.883165,0.137167,-0.42478,-0.135523
0,-0.593516,0.593516,-0.411232,0.411232,-3.07327,1.99731,-1.40202,0.882774,0.137413,-0.425462,-0.135475
0,-0.593516,0.593516,-0.411232,0.411232,-3.07717,1.99468,-1.39717,0.882384,0.137659,-0.426145,-0.135426
0,-0.593516,0.593516,-0.411232,0.411232,-3.08107,1.99205,-1.39232,0.881993,0.137906,-0.426829,-0.135378
0,-0.593516,0.593516,-0.411232,0.411232,-3.08497,1.98942,-1.38747,0.881603,0.138153,-0.427514,-0.13533
0,-0.593516,0.593516,-0.411232,0.411232,-3.08888,1.9868,-1.38262,0.881212,0.1384,-0.428199,-0.135282
0,-0.593516,0.593516,-0.411232,0.411232,-3.09278,1.98417,-1.37777,0.880821,0.138648,-0.428885,-0.135234
0,-0.593516,0.593516,-0.411232,0.411232,-3.09668,1.98154,-1.37293,0.880429,0.138895,-0.429571,-0.135186
0,-0.593516,0.593516,-0.411232,0.411232,-3.10058,1.97891,-1.36808,0.880038,0.139143,-0.430259,-0.135138
0,-0.593516,0.593516,-0.411232,0.411232,-3.10448,1.97628,-1.36323,0.879646,0.139391,-0.430947,-0.13509
0,-0.593516,0.593516,-0.411232,0.411232,-3.10839,1.97365,-1.35838,0.879254,0.13964,-0.431635,-0.135041
0,-0.593516,0.593516,-0.411232,0.411232,-3.11229,1.97102,-1.35353,0.878863,0.139888,-0.432324,-0.134993
0,-0.593516,0.593516,-0.411232,0.411232,-3.11619,1.9684,-1.34868,0.87847,0.140137,-0.433015,-0.134945
0,-0.593516,0.593516,-0.411232,0.411232,-3.12009,1.96577,-1.34383,0.878078,0.140386,-0.433705,-0.134897
0,-0.593516,0.593516,-0.411232,0.411232,-3.124,1.96314,-1.33898,0.877686,0.140636,-0.434397,-0.134848
0,-0.593516,0.593516,-0.411232,0.411232,-3.1279,1.96051,-1.33413,0.877293,0.140886,-0.435089,-0.1348
0,-0.593516,0.593516,-0.411232,0.411232,-3.1318,1.95788,-1.32928,0.8769,0.141136,-0.435782,-0.134752
0,-0.593516,0.593516,-0.411232,0.411232,-3.1357,1.95525,-1.32443,0.876507,0.141386,-0.436475,-0.134703
0,-0.593516,0.593516,-0.411232,0.411232,-3.1396,1.95262,-1.31958,0.876114,0.141636,-0.43717,-0.134655
0,-0.593516,0.593516,-0.411232,0.411232,-3.14351,1.94999,-1.31473,0.875721,0.141887,-0.437865,-0.134607
0,-0.593516,0.593516,-0.411232,0.411232,-3.14741,1.94737,-1.30988,0.875327,0.142138,-0.43856,-0.134558
0,-0.593516,0.593516,-0.411232,0.411232,-3.15131,1.94474,-1.30503,0.874933,0.142389,-0.439257,-0.13451
0,-0.593516,0.593516,-0.411232,0.411232,-3.15521,1.94211,-1.30018,0.874539,0.14264,-0.439954,-0.134462
0,-0.593516,0.593516,-0.411232,0.411232,-3.15912,1.93948,-1.29533,0.874145,0.142892,-0.440652,-0.134413
0,-0.593516,0.593516,-0.411232,0.411232,-3.16302,1.93685,-1.29048,0.873751,0.143144,-0.44135,-0.134365
0,-0.593516,0.593516,-0.411232,0.411232,-3.16692,1.93422,-1.28563,0.873357,0.143396,-0.44205,-0.134316
0,-0.593516,0.593516,-0.411232,0.411232,-3.17082,1.93159,-1.28078,0.872962,0.143649,-0.44275,-0.134268
0,-0.593516,0.593516,-0.411232,0.411232,-3.17472,1.92897,-1.27593,0.872567,0.143901,-0.44345,-0.134219
0,-0.593516,0.593516,-0.411232,0.411232,-3.17863,1.92634,-1.27108,0.872172,0.144155,-0.444152,-0.134171
0,-0.593516,0.593516,-0.411232,0.411232,-3.18253,1.92371,-1.26623,0.871777,0.144408,-0.444854,-0.134122
0,-0.593516,0.593516,-0.411232,0.411232,-3.18643,1.92108,-1.26138,0.871382,0.144661,-0.445557,-0.134074
0,-0.593516,0.593516,-0.411232,0.411232,-3.19033,1.91845,-1.25653,0.870986,0.144915,-0.446261,-0.134025
0,-0.593516,0.593516,-0.411232,0.411232,-3.19424,1.91582,-1.25168,0.87059,0.145169,-0.446965,-0.133977
0,-0.593516,0.593516,-0.411232,0.411232,-3.19814,1.91319,-1.24684,0.870195,0.145423,-0.44767,-0.133928
0,-0.593516,0.593516,-0.411232,0.411232,-3.20204,1.91057,-1.24199,0.869799,0.145678,-0.448376,-0.13388
0,-0.593516,0.593516,-0.411232,0.411232,-3.20594,1.90794,-1.23714,0.869402,0.145933,-0.449083,-0.133831
0,-0.593516,0.593516,-0.411232,0.411232,-3.20985,1.90531,-1.23229,0.869006,0.146188,-0.44979,-0.133782
0,-0.593516,0.593516,-0.411232,0.411232,-3.21375,1.90268,-1.22744,0.868609,0.146443,-0.450498,-0.133734
0,-0.593516,0.593516,-0.411232,0.411232,-3.21765,1.90005,-1.22259,0.868213,0.146699,-0.451207,-0.133685
0,-0.593516,0.593516,-0.411232,0.411232,-3.22155,1.89742,-1.21774,0.867816,0.146955,-0.451916,-0.133636
0,-0.593516,0.593516,-0.411232,0.411232,-3.22545,1.89479,-1.21289,0.867418,0.147211,-0.452627,-0.133588
0,-0.593516,0.593516,-0.411232,0.411232,-3.22936,1.89216,-1.20804,0.867021,0.147467,-0.453338,-0.133539
0,-0.593516,0.593516,-0.411232,0.411232,-3.23326,1.88954,-1.20319,0.866624,0.147724,-0.454049,-0.13349
0,-0.593516,0.593516,-0.411232,0.411232,-3.23716,1.88691,-1.19834,0.866226,0.147981,-0.454762,-0.133441
0,-0.593516,0.593516,-0.411232,0.411232,-3.24106,1.88428,-1.19349,0.865828,0.148238,-0.455475,-0.133393
0,-0.593516,0.593516,-0.411232,0.411232,-3.24497,1.88165,-1.18864,0.86543,0.148495,-0.456189,-0.133344
0,-0.593516,0.593516,-0.411232,0.411232,-3.24887,1.87902,-1.18379,0.865032,0.148753,-0.456904,-0.133295
0,-0.593516,0.593516,-0.411232,0.411232,-3.25277,1.87639,-1.17894,0.864633,0.149011,-0.45762,-0.133246
0,-0.593516,0.593516,-0.411232,0.411232,-3.25667,1.87376,-1.17409,0.864235,0.149269,-0.458336,-0.133198
0,-0.593516,0.593516,-0.411232,0.411232,-3.26057,1.87114,-1.16924,0.863836,0.149528,-0.459053,-0.133149
0,-0.593516,0.593516,-0.411232,0.411232,-3.26448,1.86851,-1.16439,0.863437,0.149787,-0.459771,-0.1331
0,-0.593516,0.593516,-0.411232,0.411232,-3.26838,1.86588,-1.15954,0.863038,0.150046,-0.460489,-0.133051
0,-0.593516,0.593516,-0.411232,0.411232,-3.27228,1.86325,-1.15469,0.862639,0.150305,-0.461209,-0.133002
0,-0.593516,0.593516,-0.411232,0.411232,-3.27618,1.86062,-1.14984,0.862239,0.150565,-0.461929,-0.132953
0,-0.593516,0.593516,-0.411232,0.411232,-3.28009,1.85799,-1.14499,0.861839,0.150825,-0.46265,-0.132904
0,-0.593516,0.593516,-0.411232,0.411232,-3.28399,1.85536,-1.14014,0.861439,0.151085,-0.463371,-0.132855
0,-0.593516,0.593516,-0.411232,0.411232,-3.28789,1.85274,-1.13529,0.861039,0.151345,-0.464094,-0.132806
0,-0.593516,0.593516,-0.411232,0.411232,-3.29179,1.85011,-1.13044,0.860639,0.151606,-0.464817,-0.132757
0,-0.593516,0.593516,-0.411232,0.411232,-3.29569,1.84748,-1.12559,0.860239,0.151867,-0.465541,-0.132708
0,-0.593516,0.593516,-0.411232,0.411232,-3.2996,1.84485,-1.12074,0.859838,0.152128,-0.466266,-0.132659
0,-0.593516,0.593516,-0.411232,0.411232,-3.3035,1.84222,-1.1159,0.859437,0.15239,-0.466991,-0.13261
0,-0.593516,0.593516,-0.411232,0.411232,-3.3074,1.83959,-1.11105,0.859036,0.152652,-0.467717,-0.132561
0,-0.593516,0.593516,-0.411232,0.411232,-3.3113,1.83696,-1.1062,0.858635,0.152914,-0.468445,-0.132512
0,-0.593516,0.593516,-0.411232,0.411232,-3.31521,1.83433,-1.10135,0.858234,0.153176,-0.469172,-0.132463
0,-0.593516,0.593516,-0.411232,0.411232,-3.31911,1.83171,-1.0965,0.857832,0.153439,-0.469901,-0.132414
0,-0.593516,0.593516,-0.411232,0.411232,-3.32301,1.82908,-1.09165,0.85743,0.153702,-0.47063,-0.132365
0,-0.593516,0.593516,-0.411232,0.411232,-3.32691,1.82645,-1.0868,0.857028,0.153965,-0.471361,-0.132316
0,-0.593516,0.593516,-0.411232,0.411232,-3.33081,1.82382,-1.08195,0.856626,0.154229,-0.472092,-0.132267
0,-0.593516,0.593516,-0.411232,0.411232,-3.33472,1.82119,-1.0771,0.856224,0.154492,-0.472824,-0.132217
0,-0.593516,0.593516,-0.411232,0.411232,-3.33862,1.81856,-1.07225,0.855821,0.154757,-0.473556,-0.132168
0,-0.593516,0.593516,-0.411232,0.411232,-3.34252,1.81593,-1.0674,0.855419,0.155021,-0.474289,-0.132119
0,-0.593516,0.593516,-0.411232,0.411232,-3.34642,1.81331,-1.06255,0.855016,0.155286,-0.475024,-0.13207
0,-0.593516,0.593516,-0.411232,0.411232,-3.35033,1.81068,-1.0577,0.854613,0.15555,-0.475759,-0.132021
0,-0.593516,0.593516,-0.411232,0.411232,-3.35423,1.80805,-1.05285,0.854209,0.155816,-0.476494,-0.131971
0,-0.593516,0.593516,-0.411232,0.411232,-3.35813,1.80542,-1.048,0.853806,0.156081,-0.477231,-0.131922
0,-0.593516,0.593516,-0.411232,0.411232,-3.36203,1.80279,-1.04315,0.853402,0.156347,-0.477968,-0.131873
0,-0.593516,0.593516,-0.411232,0.411232,-3.36593,1.80016,-1.0383,0.852998,0.156613,-0.478707,-0.131824
0,-0.593516,0.593516,-0.411232,0.411232,-3.36984,1.79753,-1.03345,0.852594,0.156879,-0.479446,-0.131774
0,-0.593516,0.593516,-0.411232,0.411232,-3.37374,1.79491,-1.0286,0.85219,0.157146,-0.480185,-0.131725
0,-0.593516,0.593516,-0.411232,0.411232,-3.37764,1.79228,-1.02375,0.851786,0.157413,-0.480926,-0.131676
0,-0.593516,0.593516,-0.411232,0.411232,-3.38154,1.78965,-1.0189,0.851381,0.15768,-0.481667,-0.131626
0,-0.593516,0.593516,-0.411232,0.411232,-3.38545,1.78702,-1.01405,0.850976,0.157948,-0.48241,-0.131577
0,-0.593516,0.593516,-0.411232,0.411232,-3.38935,1.78439,-1.0092,0.850571,0.158215,-0.483153,-0.131527
0,-0.593516,0.593516,-0.411232,0.411232,-3.39325,1.78176,-1.00435,0.850166,0.158484,-0.483897,-0.131478
0,-0.593516,0.593516,-0.411232,0.411232,-3.39715,1.77913,-0.999504,0.849761,0.158752,-0.484641,-0.131429
0,-0.593516,0.593516,-0.411232,0.411232,-3.40105,1.77651,-0.994655,0.849355,0.159021,-0.485387,-0.131379
0,-0.593516,0.593516,-0.411232,0.411232,-3.40496,1.77388,-0.989805,0.848949,0.15929,-0.486133,-0.13133
0,-0.593516,0.593516,-0.411232,0.411232,-3.40886,1.77125,-0.984955,0.848544,0.159559,-0.48688,-0.13128
0,-0.593516,0.593516,-0.411232,0.411232,-3.41276,1.76862,-0.980106,0.848137,0.159828,-0.487628,-0.131231
0,-0.593516,0.593516,-0.411232,0.411232,-3.41666,1.76599,-0.975256,0.847731,0.160098,-0.488377,-0.131181
0,-0.593516,0.593516,-0.411232,0.411232,-3.41666,1.76599,-0.975256,0.847731,0.160098,-0.488377,-0.131181
0,-0.593516,0.593516,-0.411232,0.411232,-3.41873,1.76258,-0.968977,0.847266,0.160323,-0.488988,-0.131181
0,-0.593516,0.593516,-0.411232,0.411232,-3.42079,1.75918,-0.962699,0.846801,0.160549,-0.4896,-0.13118
0,-0.593516,0.593516,-0.411232,0.411232,-3.42285,1.75577,-0.95642,0.846335,0.160774,-0.490213,-0.13118
0,-0.593516,0.593516,-0.411232,0.411232,-3.42491,1.75236,-0.950141,0.84587,0.161,-0.490826,-0.131179
0,-0.593516,0.593516,-0.411232,0.411232,-3.42697,1.74896,-0.943862,0.845404,0.161227,-0.491441,-0.131179
0,-0.593516,0.593516,-0.411232,0.411232,-3.42904,1.74555,-0.937583,0.844938,0.161453,-0.492056,-0.131179
0,-0.593516,0.593516,-0.411232,0.411232,-3.4311,1.74214,-0.931304,0.844471,0.16168,-0.492672,-0.131178
0,-0.593516,0.593516,-0.411232,0.411232,-3.43316,1.73873,-0.925026,0.844004,0.161907,-0.493289,-0.131178
0,-0.593516,0.593516,-0.411232,0.411232,-3.43522,1.73533,-0.918747,0.843537,0.162135,-0.493906,-0.131178
0,-0.593516,0.593516,-0.411232,0.411232,-3.43728,1.73192,-0.912468,0.84307,0.162363,-0.494525,-0.131178
0,-0.593516,0.593516,-0.411232,0.411232,-3.43935,1.72851,-0.906189,0.842603,0.162591,-0.495144,-0.131178
0,-0.593516,0.593516,-0.411232,0.411232,-3.44141,1.72511,-0.89991,0.842135,0.162819,-0.495765,-0.131178
0,-0.593516,0.593516,-0.411232,0.411232,-3.44347,1.7217,-0.893632,0.841667,0.163048,-0.496386,-0.131178
0,-0.593516,0.593516,-0.411232,0.411232,-3.44553,1.71829,-0.887353,0.841198,0.163277,-0.497008,-0.131178
0,-0.593516,0.593516,-0.411232,0.411232,-3.4476,1.71489,-0.881074,0.84073,0.163506,-0.49763,-0.131178
0,-0.593516,0.593516,-0.411232,0.411232,-3.44966,1.71148,-0.874795,0.840261,0.163736,-0.498254,-0.131178
0,-0.593516,0.593516,-0.411232,0.411232,-3.45172,1.70807,-0.868516,0.839792,0.163966,-0.498878,-0.131178
0,-0.593516,0.593516,-0.411232,0.411232,-3.45378,1.70466,-0.862238,0.839323,0.164196,-0.499504,-0.131178
0,-0.593516,0.593516,-0.411232,0.411232,-3.45584,1.70126,-0.855959,0.838853,0.164427,-0.50013,-0.131178
0,-0.593516,0.593516,-0.411232,0.411232,-3.45791,1.69785,-0.84968,0.838383,0.164658,-0.500757,-0.131178
0,-0.593516,0.593516,-0.411232,0.411232,-3.45997,1.69444,-0.843401,0.837913,0.164889,-0.501385,-0.131179
0,-0.593516,0.593516,-0.411232,0.411232,-3.46203,1.69104,-0.837122,0.837443,0.16512,-0.502014,-0.131179
0,-0.593516,0.593516,-0.411232,0.411232,-3.46409,1.68763,-0.830844,0.836972,0.165352,-0.502643,-0.131179
0,-0.593516,0.593516,-0.411232,0.411232,-3.46616,1.68422,-0.824565,0.836501,0.165584,-0.503274,-0.13118
0,-0.593516,0.593516,-0.411232,0.411232,-3.46822,1.68081,-0.818286,0.83603,0.165817,-0.503905,-0.13118
0,-0.593516,0.593516,-0.411232,0.411232,-3.47028,1.67741,-0.812007,0.835558,0.166049,-0.504537,-0.131181
0,-0.593516,0.593516,-0.411232,0.411232,-3.47234,1.674,-0.805728,0.835087,0.166282,-0.50517,-0.131181
0,-0.593516,0.593516,-0.411232,0.411232,-3.4744,1.67059,-0.79945,0.834615,0.166516,-0.505804,-0.131182
0,-0.593516,0.593516,-0.411232,0.411232,-3.47647,1.66719,-0.793171,0.834143,0.166749,-0.506439,-0.131183
0,-0.593516,0.593516,-0.411232,0.411232,-3.47853,1.66378,-0.786892,0.83367,0.166983,-0.507075,-0.131183
0,-0.593516,0.593516,-0.411232,0.411232,-3.48059,1.66037,-0.780613,0.833197,0.167218,-0.507711,-0.131184
0,-0.593516,0.593516,-0.411232,0.411232,-3.48265,1.65697,-0.774334,0.832724,0.167452,-0.508349,-0.131185
0,-0.593516,0.593516,-0.411232,0.411232,-3.48472,1.65356,-0.768056,0.832251,0.167687,-0.508987,-0.131186
0,-0.593516,0.593516,-0.411232,0.411232,-3.48678,1.65015,-0.761777,0.831777,0.167923,-0.509627,-0.131186
0,-0.593516,0.593516,-0.411232,0.411232,-3.48884,1.64674,-0.755498,0.831303,0.168158,-0.510267,-0.131187
0,-0.593516,0.593516,-0.411232,0.411232,-3.4909,1.64334,-0.749219,0.830829,0.168394,-0.510908,-0.131188
0,-0.593516,0.593516,-0.411232,0.411232,-3.49296,1.63993,-0.74294,0.830355,0.16863,-0.51155,-0.131189
0,-0.593516,0.593516,-0.411232,0.411232,-3.49503,1.63652,-0.736661,0.82988,0.168867,-0.512193,-0.13119
0,-0.593516,0.593516,-0.411232,0.411232,-3.49709,1.63312,-0.730383,0.829405,0.169104,-0.512837,-0.131191
0,-0.593516,0.593516,-0.411232,0.411232,-3.49915,1.62971,-0.724104,0.82893,0.169341,-0.513481,-0.131192
0,-0.593516,0.593516,-0.411232,0.411232,-3.50121,1.6263,-0.717825,0.828454,0.169579,-0.514127,-0.131194
0,-0.593516,0.593516,-0.411232,0.411232,-3.50328,1.6229,-0.711546,0.827979,0.169817,-0.514773,-0.131195
0,-0.593516,0.593516,-0.411232,0.411232,-3.50534,1.61949,-0.705267,0.827503,0.170055,-0.515421,-0.131196
0,-0.593516,0.593516,-0.411232,0.411232,-3.5074,1.61608,-0.698989,0.827026,0.170293,-0.516069,-0.131197
0,-0.593516,0.593516,-0.411232,0.411232,-3.50946,1.61267,-0.69271,0.82655,0.170532,-0.516718,-0.131199
0,-0.593516,0.593516,-0.411232,0.411232,-3.51152,1.60927,-0.686431,0.826073,0.170771,-0.517368,-0.1312
0,-0.593516,0.593516,-0.411232,0.411232,-3.51359,1.60586,-0.680152,0.825596,0.171011,-0.51802,-0.131202
0,-0.593516,0.593516,-0.411232,0.411232,-3.51565,1.60245,-0.673873,0.825118,0.171251,-0.518672,-0.131203
0,-0.593516,0.593516,-0.411232,0.411232,-3.51771,1.59905,-0.667595,0.824641,0.171491,-0.519325,-0.131205
0,-0.593516,0.593516,-0.411232,0.411232,-3.51977,1.59564,-0.661316,0.824163,0.171732,-0.519978,-0.131206
0,-0.593516,0.593516,-0.411232,0.411232,-3.52183,1.59223,-0.655037,0.823684,0.171973,-0.520633,-0.131208
0,-0.593516,0.593516,-0.411232,0.411232,-3.5239,1.58882,-0.648758,0.823206,0.172214,-0.521289,-0.131209
0,-0.593516,0.593516,-0.411232,0.411232,-3.52596,1.58542,-0.642479,0.822727,0.172455,-0.521946,-0.131211
0,-0.593516,0.593516,-0.411232,0.411232,-3.52802,1.58201,-0.636201,0.822248,0.172697,-0.522603,-0.131213
0,-0.593516,0.593516,-0.411232,0.411232,-3.53008,1.5786,-0.629922,0.821769,0.17294,-0.523262,-0.131215
0,-0.593516,0.593516,-0.411232,0.411232,-3.53215,1.5752,-0.623643,0.821289,0.173182,-0.523921,-0.131216
0,-0.593516,0.593516,-0.411232,0.411232,-3.53421,1.57179,-0.617364,0.820809,0.173425,-0.524582,-0.131218
0,-0.593516,0.593516,-0.411232,0.411232,-3.53627,1.56838,-0.611085,0.820329,0.173668,-0.525243,-0.13122
0,-0.593516,0.593516,-0.411232,0.411232,-3.53833,1.56498,-0.604807,0.819848,0.173912,-0.525906,-0.131222
0,-0.593516,0.593516,-0.411232,0.411232,-3.54039,1.56157,-0.598528,0.819368,0.174156,-0.526569,-0.131224
0,-0.593516,0.593516,-0.411232,0.411232,-3.54246,1.55816,-0.592249,0.818887,0.1744,-0.527233,-0.131226
0,-0.593516,0.593516,-0.411232,0.411232,-3.54452,1.55475,-0.58597,0.818405,0.174645,-0.527899,-0.131229
0,-0.593516,0.593516,-0.411232,0.411232,-3.54658,1.55135,-0.579691,0.817924,0.17489,-0.528565,-0.131231
0,-0.593516,0.593516,-0.411232,0.411232,-3.54864,1.54794,-0.573413,0.817442,0.175135,-0.529232,-0.131233
0,-0.593516,0.593516,-0.411232,0.411232,-3.55071,1.54453,-0.567134,0.81696,0.175381,-0.5299,-0.131235
0,-0.593516,0.593516,-0.411232,0.411232,-3.55277,1.54113,-0.560855,0.816477,0.175627,-0.530569,-0.131238
0,-0.593516,0.593516,-0.411232,0.411232,-3.55483,1.53772,-0.554576,0.815994,0.175873,-0.53124,-0.13124
0,-0.593516,0.593516,-0.411232,0.411232,-3.55689,1.53431,-0.548297,0.815511,0.17612,-0.531911,-0.131242
0,-0.593516,0.593516,-0.411232,0.411232,-3.55895,1.53091,-0.542018,0.815028,0.176367,-0.532583,-0.131245
0,-0.593516,0.593516,-0.411232,0.411232,-3.56102,1.5275,-0.53574,0.814544,0.176615,-0.533256,-0.131247
0,-0.593516,0.593516,-0.411232,0.411232,-3.56308,1.52409,-0.529461,0.814061,0.176863,-0.53393,-0.13125
0,-0.593516,0.593516,-0.411232,0.411232,-3.56514,1.52068,-0.523182,0.813576,0.177111,-0.534605,-0.131252
0,-0.593516,0.593516,-0.411232,0.411232,-3.5672,1.51728,-0.516903,0.813092,0.177359,-0.535281,-0.131255
0,-0.593516,0.593516,-0.411232,0.411232,-3.56927,1.51387,-0.510624,0.812607,0.177608,-0.535958,-0.131258
0,-0.593516,0.593516,-0.411232,0.411232,-3.57133,1.51046,-0.504346,0.812122,0.177858,-0.536636,-0.131261
0,-0.593516,0.593516,-0.411232,0.411232,-3.57339,1.50706,-0.498067,0.811637,0.178107,-0.537315,-0.131263
0,-0.593516,0.593516,-0.411232,0.411232,-3.57545,1.50365,-0.491788,0.811151,0.178357,-0.537995,-0.131266
0,-0.593516,0.593516,-0.411232,0.411232,-3.57751,1.50024,-0.485509,0.810665,0.178608,-0.538676,-0.131269
0,-0.593516,0.593516,-0.411232,0.411232,-3.57958,1.49683,-0.47923,0.810179,0.178858,-0.539358,-0.131272
0,-0.593516,0.593516,-0.411232,0.411232,-3.58164,1.49343,-0.472952,0.809693,0.179109,-0.540041,-0.131275
0,-0.593516,0.593516,-0.411232,0.411232,-3.5837,1.49002,-0.466673,0.809206,0.179361,-0.540725,-0.131278
0,-0.593516,0.593516,-0.411232,0.411232,-3.58576,1.48661,-0.460394,0.808719,0.179613,-0.541411,-0.131281
0,-0.593516,0.593516,-0.411232,0.411232,-3.58782,1.48321,-0.454115,0.808231,0.179865,-0.542097,-0.131285
0,-0.593516,0.593516,-0.411232,0.411232,-3.58989,1.4798,-0.447836,0.807744,0.180118,-0.542784,-0.131288
0,-0.593516,0.593516,-0.411232,0.411232,-3.59195,1.47639,-0.441558,0.807256,0.18037,-0.543472,-0.131291
0,-0.593516,0.593516,-0.411232,0.411232,-3.59401,1.47299,-0.435279,0.806767,0.180624,-0.544161,-0.131294
0,-0.593516,0.593516,-0.411232,0.411232,-3.59607,1.46958,-0.429,0.806279,0.180877,-0.544852,-0.131298
0,-0.593516,0.593516,-0.411232,0.411232,-3.59814,1.46617,-0.422721,0.80579,0.181131,-0.545543,-0.131301
0,-0.593516,0.593516,-0.411232,0.411232,-3.6002,1.46276,-0.416442,0.805301,0.181386,-0.546235,-0.131305
0,-0.593516,0.593516,-0.411232,0.411232,-3.60226,1.45936,-0.410164,0.804811,0.181641,-0.546929,-0.131308
0,-0.593516,0.593516,-0.411232,0.411232,-3.60432,1.45595,-0.403885,0.804322,0.181896,-0.547623,-0.131312
0,-0.593516,0.593516,-0.411232,0.411232,-3.60638,1.45254,-0.397606,0.803831,0.182151,-0.548319,-0.131315
0,-0.593516,0.593516,-0.411232,0.411232,-3.60845,1.44914,-0.391327,0.803341,0.182407,-0.549015,-0.131319
0,-0.593516,0.593516,-0.411232,0.411232,-3.61051,1.44573,-0.385048,0.80285,0.182664,-0.549713,-0.131323
0,-0.593516,0.593516,-0.411232,0.411232,-3.61257,1.44232,-0.37877,0.80236,0.18292,-0.550411,-0.131327
0,-0.593516,0.593516,-0.411232,0.411232,-3.61463,1.43892,-0.372491,0.801868,0.183178,-0.551111,-0.13133
0,-0.593516,0.593516,-0.411232,0.411232,-3.6167,1.43551,-0.366212,0.801377,0.183435,-0.551812,-0.131334
0,-0.593516,0.593516,-0.411232,0.411232,-3.61876,1.4321,-0.359933,0.800885,0.183693,-0.552514,-0.131338
0,-0.593516,0.593516,-0.411232,0.411232,-3.62082,1.42869,-0.353654,0.800393,0.183951,-0.553217,-0.131342
0,-0.593516,0.593516,-0.411232,0.411232,-3.62288,1.42529,-0.347375,0.7999,0.18421,-0.553921,-0.131346
0,-0.593516,0.593516,-0.411232,0.411232,-3.62494,1.42188,-0.341097,0.799407,0.184469,-0.554626,-0.131351
0,-0.593516,0.593516,-0.411232,0.411232,-3.62701,1.41847,-0.334818,0.798914,0.184728,-0.555332,-0.131355
0,-0.593516,0.593516,-0.411232,0.411232,-3.62907,1.41507,-0.328539,0.798421,0.184988,-0.556039,-0.131359
0,-0.593516,0.593516,-0.411232,0.411232,-3.63113,1.41166,-0.32226,0.797927,0.185248,-0.556747,-0.131363
0,-0.593516,0.593516,-0.411232,0.411232,-3.63319,1.40825,-0.315981,0.797433,0.185509,-0.557457,-0.131368
0,-0.593516,0.593516,-0.411232,0.411232,-3.63526,1.40484,-0.309703,0.796939,0.18577,-0.558167,-0.131372
0,-0.593516,0.593516,-0.411232,0.411232,-3.63732,1.40144,-0.303424,0.796444,0.186031,-0.558879,-0.131377
0,-0.593516,0.593516,-0.411232,0.411232,-3.63938,1.39803,-0.297145,0.79595,0.186293,-0.559592,-0.131381
0,-0.593516,0.593516,-0.411232,0.411232,-3.64144,1.39462,-0.290866,0.795454,0.186555,-0.560305,-0.131386
0,-0.593516,0.593516,-0.411232,0.411232,-3.6435,1.39122,-0.284587,0.794959,0.186818,-0.56102,-0.13139
0,-0.593516,0.593516,-0.411232,0.411232,-3.64557,1.38781,-0.278309,0.794463,0.187081,-0.561736,-0.131395
0,-0.593516,0.593516,-0.411232,0.411232,-3.64763,1.3844,-0.27203,0.793967,0.187344,-0.562453,-0.1314
0,-0.593516,0.593516,-0.411232,0.411232,-3.64969,1.381,-0.265751,0.793471,0.187608,-0.563172,-0.131404
0,-0.593516,0.593516,-0.411232,0.411232,-3.65175,1.37759,-0.259472,0.792974,0.187872,-0.563891,-0.131409
0,-0.593516,0.593516,-0.411232,0.411232,-3.65382,1.37418,-0.253193,0.792477,0.188137,-0.564612,-0.131414
0,-0.593516,0.593516,-0.411232,0.411232,-3.65588,1.37077,-0.246915,0.791979,0.188401,-0.565333,-0.131419
0,-0.593516,0.593516,-0.411232,0.411232,-3.65794,1.36737,-0.240636,0.791482,0.188667,-0.566056,-0.131424
0,-0.593516,0.593516,-0.411232,0.411232,-3.66,1.36396,-0.234357,0.790984,0.188933,-0.56678,-0.131429
0,-0.593516,0.593516,-0.411232,0.411232,-3.66206,1.36055,-0.228078,0.790485,0.189199,-0.567505,-0.131435
0,-0.593516,0.593516,-0.411232,0.411232,-3.66206,1.36055,-0.228078,0.790485,0.189199,-0.567505,-0.131435
0,-0.593516,0.593516,-0.411232,0.411232,-3.66278,1.35772,-0.222294,0.790028,0.189402,-0.568004,-0.131329
0,-0.593516,0.593516,-0.411232,0.411232,-3.66349,1.35489,-0.216511,0.789571,0.189606,-0.568503,-0.131223
0,-0.593516,0.593516,-0.411232,0.411232,-3.66421,1.35205,-0.210727,0.789113,0.18981,-0.569003,-0.131118
0,-0.593516,0.593516,-0.411232,0.411232,-3.66492,1.34922,-0.204943,0.788655,0.190014,-0.569504,-0.131012
0,-0.593516,0.593516,-0.411232,0.411232,-3.66563,1.34638,-0.199159,0.788197,0.190218,-0.570006,-0.130906
0,-0.593516,0.593516,-0.411232,0.411232,-3.66635,1.34355,-0.193376,0.787738,0.190423,-0.570509,-0.1308
0,-0.593516,0.593516,-0.411232,0.411232,-3.66706,1.34071,-0.187592,0.787279,0.190628,-0.571012,-0.130694
0,-0.593516,0.593516,-0.411232,0.411232,-3.66777,1.33788,-0.181808,0.78682,0.190834,-0.571516,-0.130588
0,-0.593516,0.593516,-0.411232,0.411232,-3.66849,1.33505,-0.176024,0.786361,0.19104,-0.572021,-0.130482
0,-0.593516,0.593516,-0.411232,0.411232,-3.6692,1.33221,-0.170241,0.785901,0.191246,-0.572527,-0.130376
0,-0.593516,0.593516,-0.411232,0.411232,-3.66992,1.32938,-0.164457,0.785441,0.191452,-0.573033,-0.13027
0,-0.593516,0.593516,-0.411232,0.411232,-3.67063,1.32654,-0.158673,0.784981,0.191659,-0.573541,-0.130163
0,-0.593516,0.593516,-0.411232,0.411232,-3.67134,1.32371,-0.15289,0.784521,0.191865,-0.574049,-0.130057
0,-0.593516,0.593516,-0.411232,0.411232,-3.67206,1.32087,-0.147106,0.78406,0.192073,-0.574558,-0.12995
0,-0.593516,0.593516,-0.411232,0.411232,-3.67277,1.31804,-0.141322,0.783599,0.19228,-0.575067,-0.129844
0,-0.593516,0.593516,-0.411232,0.411232,-3.67349,1.31521,-0.135538,0.783138,0.192488,-0.575578,-0.129737
0,-0.593516,0.593516,-0.411232,0.411232,-3.6742,1.31237,-0.129755,0.782676,0.192696,-0.576089,-0.12963
0,-0.593516,0.593516,-0.411232,0.411232,-3.67491,1.30954,-0.123971,0.782215,0.192905,-0.576601,-0.129524
0,-0.593516,0.593516,-0.411232,0.411232,-3.67563,1.3067,-0.118187,0.781753,0.193114,-0.577114,-0.129417
0,-0.593516,0.593516,-0.411232,0.411232,-3.67634,1.30387,-0.112403,0.78129,0.193323,-0.577628,-0.12931
0,-0.593516,0.593516,-0.411232,0.411232,-3.67706,1.30103,-0.10662,0.780828,0.193532,-0.578142,-0.129202
0,-0.593516,0.593516,-0.411232,0.411232,-3.67777,1.2982,-0.100836,0.780365,0.193742,-0.578658,-0.129095
0,-0.593516,0.593516,-0.411232,0.411232,-3.67848,1.29537,-0.0950521,0.779902,0.193952,-0.579174,-0.128988
0,-0.593516,0.593516,-0.411232,0.411232,-3.6792,1.29253,-0.0892684,0.779438,0.194163,-0.579691,-0.128881
0,-0.593516,0.593516,-0.411232,0.411232,-3.67991,1.2897,-0.0834846,0.778974,0.194373,-0.580208,-0.128773
0,-0.593516,0.593516,-0.411232,0.411232,-3.68062,1.28686,-0.0777009,0.778511,0.194584,-0.580727,-0.128666
0,-0.593516,0.593516,-0.411232,0.411232,-3.68134,1.28403,-0.0719172,0.778046,0.194796,-0.581246,-0.128558
0,-0.593516,0.593516,-0.411232,0.411232,-3.68205,1.28119,-0.0661334,0.777582,0.195007,-0.581767,-0.128451
0,-0.593516,0.593516,-0.411232,0.411232,-3.68277,1.27836,-0.0603497,0.777117,0.195219,-0.582288,-0.128343
0,-0.593516,0.593516,-0.411232,0.411232,-3.68348,1.27553,-0.0545659,0.776652,0.195432,-0.58281,-0.128235
0,-0.593516,0.593516,-0.411232,0.411232,-3.68419,1.27269,-0.0487822,0.776187,0.195644,-0.583332,-0.128127
0,-0.593516,0.593516,-0.411232,0.411232,-3.68491,1.26986,-0.0429985,0.775721,0.195857,-0.583856,-0.128019
0,-0.593516,0.593516,-0.411232,0.411232,-3.68562,1.26702,-0.0372147,0.775255,0.196071,-0.58438,-0.127911
0,-0.593516,0.593516,-0.411232,0.411232,-3.68634,1.26419,-0.031431,0.774789,0.196284,-0.584906,-0.127803
0,-0.593516,0.593516,-0.411232,0.411232,-3.68705,1.26135,-0.0256472,0.774322,0.196498,-0.585432,-0.127695
0,-0.593516,0.593516,-0.411232,0.411232,-3.68776,1.25852,-0.0198635,0.773856,0.196713,-0.585959,-0.127586
0,-0.593516,0.593516,-0.411232,0.411232,-3.68848,1.25569,-0.0140798,0.773388,0.196927,-0.586487,-0.127478
0,-0.593516,0.593516,-0.411232,0.411232,-3.68919,1.25285,-0.00829601,0.772921,0.197142,-0.587015,-0.127369
0,-0.593516,0.593516,-0.411232,0.411232,-3.6899,1.25002,-0.00251227,0.772454,0.197357,-0.587545,-0.127261
0,-0.593516,0.593516,-0.411232,0.411232,-3.69062,1.24718,0.00327147,0.771986,0.197573,-0.588075,-0.127152
0,-0.593516,0.593516,-0.411232,0.411232,-3.69133,1.24435,0.00905521,0.771517,0.197789,-0.588606,-0.127043
0,-0.593516,0.593516,-0.411232,0.411232,-3.69205,1.24151,0.014839,0.771049,0.198005,-0.589138,-0.126934
0,-0.593516,0.593516,-0.411232,0.411232,-3.69276,1.23868,0.0206227,0.77058,0.198222,-0.589671,-0.126826
0,-0.593516,0.593516,-0.411232,0.411232,-3.69347,1.23585,0.0264064,0.770111,0.198439,-0.590205,-0.126717
0,-0.593516,0.593516,-0.411232,0.411232,-3.69419,1.23301,0.0321902,0.769642,0.198656,-0.59074,-0.126607
0,-0.593516,0.593516,-0.411232,0.411232,-3.6949,1.23018,0.0379739,0.769172,0.198874,-0.591276,-0.126498
0,-0.593516,0.593516,-0.411232,0.411232,-3.69562,1.22734,0.0437577,0.768702,0.199092,-0.591812,-0.126389
0,-0.593516,0.593516,-0.411232,0.411232,-3.69633,1.22451,0.0495414,0.768232,0.19931,-0.592349,-0.12628
0,-0.593516,0.593516,-0.411232,0.411232,-3.69704,1.22168,0.0553251,0.767762,0.199529,-0.592888,-0.12617
0,-0.593516,0.593516,-0.411232,0.411232,-3.69776,1.21884,0.0611089,0.767291,0.199748,-0.593427,-0.126061
0,-0.593516,0.593516,-0.411232,0.411232,-3.69847,1.21601,0.0668926,0.76682,0.199967,-0.593967,-0.125951
0,-0.593516,0.593516,-0.411232,0.411232,-3.69919,1.21317,0.0726764,0.766349,0.200187,-0.594507,-0.125841
0,-0.593516,0.593516,-0.411232,0.411232,-3.6999,1.21034,0.0784601,0.765877,0.200407,-0.595049,-0.125732
0,-0.593516,0.593516,-0.411232,0.411232,-3.70061,1.2075,0.0842438,0.765405,0.200627,-0.595592,-0.125622
0,-0.593516,0.593516,-0.411232,0.411232,-3.70133,1.20467,0.0900276,0.764933,0.200848,-0.596135,-0.125512
0,-0.593516,0.593516,-0.411232,0.411232,-3.70204,1.20184,0.0958113,0.76446,0.201069,-0.59668,-0.125402
0,-0.593516,0.593516,-0.411232,0.411232,-3.70275,1.199,0.101595,0.763988,0.201291,-0.597225,-0.125291
0,-0.593516,0.593516,-0.411232,0.411232,-3.70347,1.19617,0.107379,0.763515,0.201512,-0.597771,-0.125181
0,-0.593516,0.593516,-0.411232,0.411232,-3.70418,1.19333,0.113163,0.763041,0.201734,-0.598319,-0.125071
0,-0.593516,0.593516,-0.411232,0.411232,-3.7049,1.1905,0.118946,0.762568,0.201957,-0.598867,-0.124961
0,-0.593516,0.593516,-0.411232,0.411232,-3.70561,1.18766,0.12473,0.762094,0.20218,-0.599416,-0.12485
0,-0.593516,0.593516,-0.411232,0.411232,-3.70632,1.18483,0.130514,0.761619,0.202403,-0.599966,-0.124739
0,-0.593516,0.593516,-0.411232,0.411232,-3.70704,1.182,0.136298,0.761145,0.202627,-0.600516,-0.124629
0,-0.593516,0.593516,-0.411232,0.411232,-3.70775,1.17916,0.142081,0.76067,0.202851,-0.601068,-0.124518
0,-0.593516,0.593516,-0.411232,0.411232,-3.70847,1.17633,0.147865,0.760195,0.203075,-0.601621,-0.124407
0,-0.593516,0.593516,-0.411232,0.411232,-3.70918,1.17349,0.153649,0.759719,0.203299,-0.602174,-0.124296
0,-0.593516,0.593516,-0.411232,0.411232,-3.70989,1.17066,0.159432,0.759244,0.203524,-0.602729,-0.124185
0,-0.593516,0.593516,-0.411232,0.411232,-3.71061,1.16782,0.165216,0.758768,0.20375,-0.603284,-0.124074
0,-0.593516,0.593516,-0.411232,0.411232,-3.71132,1.16499,0.171,0.758291,0.203976,-0.603841,-0.123963
0,-0.593516,0.593516,-0.411232,0.411232,-3.71204,1.16216,0.176784,0.757815,0.204202,-0.604398,-0.123851
0,-0.593516,0.593516,-0.411232,0.411232,-3.71275,1.15932,0.182567,0.757338,0.204428,-0.604956,-0.12374
0,-0.593516,0.593516,-0.411232,0.411232,-3.71346,1.15649,0.188351,0.75686,0.204655,-0.605515,-0.123629
0,-0.593516,0.593516,-0.411232,0.411232,-3.71418,1.15365,0.194135,0.756383,0.204882,-0.606076,-0.123517
0,-0.593516,0.593516,-0.411232,0.411232,-3.71489,1.15082,0.199919,0.755905,0.20511,-0.606637,-0.123405
0,-0.593516,0.593516,-0.411232,0.411232,-3.7156,1.14798,0.205702,0.755427,0.205338,-0.607199,-0.123294
0,-0.593516,0.593516,-0.411232,0.411232,-3.71632,1.14515,0.211486,0.754948,0.205566,-0.607762,-0.123182
0,-0.593516,0.593516,-0.411232,0.411232,-3.71703,1.14232,0.21727,0.75447,0.205795,-0.608326,-0.12307
0,-0.593516,0.593516,-0.411232,0.411232,-3.71775,1.13948,0.223054,0.753991,0.206024,-0.608891,-0.122958
0,-0.593516,0.593516,-0.411232,0.411232,-3.71846,1.13665,0.228837,0.753511,0.206253,-0.609457,-0.122846
0,-0.593516,0.593516,-0.411232,0.411232,-3.71917,1.13381,0.234621,0.753032,0.206483,-0.610023,-0.122733
0,-0.593516,0.593516,-0.411232,0.411232,-3.71989,1.13098,0.240405,0.752552,0.206713,-0.610591,-0.122621
0,-0.593516,0.593516,-0.411232,0.411232,-3.7206,1.12814,0.246189,0.752071,0.206944,-0.61116,-0.122509
0,-0.593516,0.593516,-0.411232,0.411232,-3.72132,1.12531,0.251972,0.751591,0.207175,-0.61173,-0.122396
0,-0.593516,0.593516,-0.411232,0.411232,-3.72203,1.12248,0.257756,0.75111,0.207406,-0.612301,-0.122283
0,-0.593516,0.593516,-0.411232,0.411232,-3.72274,1.11964,0.26354,0.750629,0.207638,-0.612872,-0.122171
0,-0.593516,0.593516,-0.411232,0.411232,-3.72346,1.11681,0.269324,0.750147,0.20787,-0.613445,-0.122058
0,-0.593516,0.593516,-0.411232,0.411232,-3.72417,1.11397,0.275107,0.749665,0.208102,-0.614019,-0.121945
0,-0.593516,0.593516,-0.411232,0.411232,-3.72488,1.11114,0.280891,0.749183,0.208335,-0.614593,-0.121832
0,-0.593516,0.593516,-0.411232,0.411232,-3.7256,1.10831,0.286675,0.748701,0.208568,-0.615169,-0.121719
0,-0.593516,0.593516,-0.411232,0.411232,-3.72631,1.10547,0.292459,0.748218,0.208802,-0.615746,-0.121606
0,-0.593516,0.593516,-0.411232,0.411232,-3.72703,1.10264,0.298242,0.747735,0.209036,-0.616324,-0.121493
0,-0.593516,0.593516,-0.411232,0.411232,-3.72774,1.0998,0.304026,0.747252,0.20927,-0.616902,-0.121379
0,-0.593516,0.593516,-0.411232,0.411232,-3.72845,1.09697,0.30981,0.746768,0.209505,-0.617482,-0.121266
0,-0.593516,0.593516,-0.411232,0.411232,-3.72917,1.09413,0.315593,0.746284,0.20974,-0.618063,-0.121152
0,-0.593516,0.593516,-0.411232,0.411232,-3.72988,1.0913,0.321377,0.7458,0.209976,-0.618645,-0.121039
0,-0.593516,0.593516,-0.411232,0.411232,-3.7306,1.08847,0.327161,0.745315,0.210212,-0.619227,-0.120925
0,-0.593516,0.593516,-0.411232,0.411232,-3.73131,1.08563,0.332945,0.74483,0.210448,-0.619811,-0.120811
0,-0.593516,0.593516,-0.411232,0.411232,-3.73202,1.0828,0.338728,0.744345,0.210685,-0.620396,-0.120697
0,-0.593516,0.593516,-0.411232,0.411232,-3.73274,1.07996,0.344512,0.743859,0.210922,-0.620982,-0.120583
0,-0.593516,0.593516,-0.411232,0.411232,-3.73345,1.07713,0.350296,0.743373,0.21116,-0.621569,-0.120469
0,-0.593516,0.593516,-0.411232,0.411232,-3.73417,1.07429,0.35608,0.742887,0.211398,-0.622157,-0.120355
0,-0.593516,0.593516,-0.411232,0.411232,-3.73488,1.07146,0.361863,0.742401,0.211636,-0.622745,-0.12024
0,-0.593516,0.593516,-0.411232,0.411232,-3.73559,1.06863,0.367647,0.741914,0.211875,-0.623335,-0.120126
0,-0.593516,0.593516,-0.411232,0.411232,-3.73631,1.06579,0.373431,0.741427,0.212114,-0.623926,-0.120011
0,-0.593516,0.593516,-0.411232,0.411232,-3.73702,1.06296,0.379215,0.740939,0.212353,-0.624518,-0.119897
0,-0.593516,0.593516,-0.411232,0.411232,-3.73773,1.06012,0.384998,0.740451,0.212593,-0.625112,-0.119782
0,-0.593516,0.593516,-0.411232,0.411232,-3.73845,1.05729,0.390782,0.739963,0.212834,-0.625706,-0.119667
0,-0.593516,0.593516,-0.411232,0.411232,-3.73916,1.05445,0.396566,0.739475,0.213075,-0.626301,-0.119552
0,-0.593516,0.593516,-0.411232,0.411232,-3.73988,1.05162,0.40235,0.738986,0.213316,-0.626897,-0.119437
0,-0.593516,0.593516,-0.411232,0.411232,-3.74059,1.04879,0.408133,0.738497,0.213558,-0.627495,-0.119322
0,-0.593516,0.593516,-0.411232,0.411232,-3.7413,1.04595,0.413917,0.738008,0.2138,-0.628093,-0.119207
0,-0.593516,0.593516,-0.411232,0.411232,-3.74202,1.04312,0.419701,0.737518,0.214042,-0.628693,-0.119091
0,-0.593516,0.593516,-0.411232,0.411232,-3.74273,1.04028,0.425485,0.737028,0.214285,-0.629293,-0.118976
0,-0.593516,0.593516,-0.411232,0.411232,-3.74345,1.03745,0.431268,0.736537,0.214528,-0.629895,-0.118861
0,-0.593516,0.593516,-0.411232,0.411232,-3.74416,1.03461,0.437052,0.736047,0.214772,-0.630498,-0.118745
0,-0.593516,0.593516,-0.411232,0.411232,-3.74487,1.03178,0.442836,0.735556,0.215016,-0.631101,-0.118629
0,-0.593516,0.593516,-0.411232,0.411232,-3.74559,1.02895,0.44862,0.735064,0.215261,-0.631706,-0.118513
0,-0.593516,0.593516,-0.411232,0.411232,-3.7463,1.02611,0.454403,0.734573,0.215506,-0.632312,-0.118397
0,-0.593516,0.593516,-0.411232,0.411232,-3.74701,1.02328,0.460187,0.73408,0.215751,-0.632919,-0.118281
0,-0.593516,0.593516,-0.411232,0.411232,-3.74701,1.02328,0.460187,0.73408,0.215751,-0.632919,-0.118281
0,-0.593516,0.593516,-0.411232,0.411232,-3.74691,1.02019,0.465648,0.733586,0.215868,-0.633372,-0.118208
0,-0.593516,0.593516,-0.411232,0.411232,-3.74681,1.0171,0.471109,0.733092,0.215986,-0.633826,-0.118134
0,-0.593516,0.593516,-0.411232,0.411232,-3.7467,1.01401,0.476571,0.732597,0.216104,-0.634281,-0.11806
0,-0.593516,0.593516,-0.411232,0.411232,-3.7466,1.01092,0.482032,0.732102,0.216222,-0.634737,-0.117986
0,-0.593516,0.593516,-0.411232,0.411232,-3.74649,1.00782,0.487493,0.731607,0.21634,-0.635193,-0.117912
0,-0.593516,0.593516,-0.411232,0.411232,-3.74639,1.00473,0.492954,0.731111,0.216459,-0.635651,-0.117838
0,-0.593516,0.593516,-0.411232,0.411232,-3.74629,1.00164,0.498415,0.730615,0.216578,-0.636109,-0.117764
0,-0.593516,0.593516,-0.411232,0.411232,-3.74618,0.998553,0.503876,0.730119,0.216697,-0.636569,-0.11769
0,-0.593516,0.593516,-0.411232,0.411232,-3.74608,0.995462,0.509338,0.729622,0.216816,-0.637029,-0.117616
0,-0.593516,0.593516,-0.411232,0.411232,-3.74597,0.992372,0.514799,0.729125,0.216936,-0.63749,-0.117542
0,-0.593516,0.593516,-0.411232,0.411232,-3.74587,0.989281,0.52026,0.728628,0.217056,-0.637952,-0.117467
0,-0.593516,0.593516,-0.411232,0.411232,-3.74576,0.986191,0.525721,0.72813,0.217176,-0.638415,-0.117393
0,-0.593516,0.593516,-0.411232,0.411232,-3.74566,0.9831,0.531182,0.727632,0.217297,-0.638879,-0.117319
0,-0.593516,0.593516,-0.411232,0.411232,-3.74556,0.98001,0.536644,0.727133,0.217417,-0.639344,-0.117245
0,-0.593516,0.593516,-0.411232,0.411232,-3.74545,0.976919,0.542105,0.726635,0.217538,-0.63981,-0.11717
0,-0.593516,0.593516,-0.411232,0.411232,-3.74535,0.973829,0.547566,0.726136,0.21766,-0.640277,-0.117096
0,-0.593516,0.593516,-0.411232,0.411232,-3.74524,0.970738,0.553027,0.725636,0.217781,-0.640745,-0.117021
0,-0.593516,0.593516,-0.411232,0.411232,-3.74514,0.967647,0.558488,0.725136,0.217903,-0.641213,-0.116947
0,-0.593516,0.593516,-0.411232,0.411232,-3.74504,0.964557,0.563949,0.724636,0.218025,-0.641683,-0.116872
0,-0.593516,0.593516,-0.411232,0.411232,-3.74493,0.961466,0.569411,0.724136,0.218147,-0.642154,-0.116797
0,-0.593516,0.593516,-0.411232,0.411232,-3.74483,0.958376,0.574872,0.723635,0.21827,-0.642625,-0.116723
0,-0.593516,0.593516,-0.411232,0.411232,-3.74472,0.955285,0.580333,0.723134,0.218393,-0.643098,-0.116648
0,-0.593516,0.593516,-0.411232,0.411232,-3.74462,0.952195,0.585794,0.722632,0.218516,-0.643571,-0.116573
0,-0.593516,0.593516,-0.411232,0.411232,-3.74452,0.949104,0.591255,0.72213,0.21864,-0.644046,-0.116498
0,-0.593516,0.593516,-0.411232,0.411232,-3.74441,0.946013,0.596717,0.721628,0.218763,-0.644521,-0.116423
0,-0.593516,0.593516,-0.411232,0.411232,-3.74431,0.942923,0.602178,0.721126,0.218887,-0.644998,-0.116349
0,-0.593516,0.593516,-0.411232,0.411232,-3.7442,0.939832,0.607639,0.720623,0.219012,-0.645475,-0.116274
0,-0.593516,0.593516,-0.411232,0.411232,-3.7441,0.936742,0.6131,0.720119,0.219136,-0.645953,-0.116199
0,-0.593516,0.593516,-0.411232,0.411232,-3.74399,0.933651,0.618561,0.719616,0.219261,-0.646433,-0.116123
0,-0.593516,0.593516,-0.411232,0.411232,-3.74389,0.930561,0.624022,0.719112,0.219386,-0.646913,-0.116048
0,-0.593516,0.593516,-0.411232,0.411232,-3.74379,0.92747,0.629484,0.718607,0.219512,-0.647394,-0.115973
0,-0.593516,0.593516,-0.411232,0.411232,-3.74368,0.92438,0.634945,0.718103,0.219637,-0.647877,-0.115898
0,-0.593516,0.593516,-0.411232,0.411232,-3.74358,0.921289,0.640406,0.717598,0.219763,-0.64836,-0.115823
0,-0.593516,0.593516,-0.411232,0.411232,-3.74347,0.918198,0.645867,0.717092,0.21989,-0.648844,-0.115747
0,-0.593516,0.593516,-0.411232,0.411232,-3.74337,0.915108,0.651328,0.716587,0.220016,-0.64933,-0.115672
0,-0.593516,0.593516,-0.411232,0.411232,-3.74327,0.912017,0.65679,0.716081,0.220143,-0.649816,-0.115597
0,-0.593516,0.593516,-0.411232,0.411232,-3.74316,0.908927,0.662251,0.715574,0.22027,-0.650304,-0.115521
0,-0.593516,0.593516,-0.411232,0.411232,-3.74306,0.905836,0.667712,0.715067,0.220398,-0.650792,-0.115446
0,-0.593516,0.593516,-0.411232,0.411232,-3.74295,0.902746,0.673173,0.71456,0.220525,-0.651281,-0.11537
0,-0.593516,0.593516,-0.411232,0.411232,-3.74285,0.899655,0.678634,0.714052,0.220653,-0.651772,-0.115294
0,-0.593516,0.593516,-0.411232,0.411232,-3.74274,0.896564,0.684095,0.713545,0.220782,-0.652263,-0.115219
0,-0.593516,0.593516,-0.411232,0.411232,-3.74264,0.893474,0.689557,0.713036,0.22091,-0.652756,-0.115143
0,-0.593516,0.593516,-0.411232,0.411232,-3.74254,0.890383,0.695018,0.712528,0.221039,-0.653249,-0.115067
0,-0.593516,0.593516,-0.411232,0.411232,-3.74243,0.887293,0.700479,0.712019,0.221168,-0.653744,-0.114992
0,-0.593516,0.593516,-0.411232,0.411232,-3.74233,0.884202,0.70594,0.711509,0.221298,-0.654239,-0.114916
0,-0.593516,0.593516,-0.411232,0.411232,-3.74222,0.881112,0.711401,0.711,0.221428,-0.654736,-0.11484
0,-0.593516,0.593516,-0.411232,0.411232,-3.74212,0.878021,0.716863,0.71049,0.221558,-0.655234,-0.114764
0,-0.593516,0.593516,-0.411232,0.411232,-3.74202,0.874931,0.722324,0.709979,0.221688,-0.655732,-0.114688
0,-0.593516,0.593516,-0.411232,0.411232,-3.74191,0.87184,0.727785,0.709468,0.221819,-0.656232,-0.114612
0,-0.593516,0.593516,-0.411232,0.411232,-3.74181,0.868749,0.733246,0.708957,0.22195,-0.656733,-0.114536
0,-0.593516,0.593516,-0.411232,0.411232,-3.7417,0.865659,0.738707,0.708446,0.222081,-0.657235,-0.114459
0,-0.593516,0.593516,-0.411232,0.411232,-3.7416,0.862568,0.744169,0.707934,0.222213,-0.657738,-0.114383
0,-0.593516,0.593516,-0.411232,0.411232,-3.74149,0.859478,0.74963,0.707421,0.222345,-0.658242,-0.114307
0,-0.593516,0.593516,-0.411232,0.411232,-3.74139,0.856387,0.755091,0.706909,0.222477,-0.658747,-0.114231
0,-0.593516,0.593516,-0.411232,0.411232,-3.74129,0.853297,0.760552,0.706396,0.222609,-0.659254,-0.114154
0,-0.593516,0.593516,-0.411232,0.411232,-3.74118,0.850206,0.766013,0.705882,0.222742,-0.659761,-0.114078
0,-0.593516,0.593516,-0.411232,0.411232,-3.74108,0.847115,0.771474,0.705368,0.222875,-0.660269,-0.114001
0,-0.593516,0.593516,-0.411232,0.411232,-3.74097,0.844025,0.776936,0.704854,0.223009,-0.660779,-0.113925
0,-0.593516,0.593516,-0.411232,0.411232,-3.74087,0.840934,0.782397,0.70434,0.223143,-0.661289,-0.113848
0,-0.593516,0.593516,-0.411232,0.411232,-3.74077,0.837844,0.787858,0.703825,0.223277,-0.661801,-0.113772
0,-0.593516,0.593516,-0.411232,0.411232,-3.74066,0.834753,0.793319,0.70331,0.223411,-0.662314,-0.113695
0,-0.593516,0.593516,-0.411232,0.411232,-3.74056,0.831663,0.79878,0.702794,0.223546,-0.662828,-0.113618
0,-0.593516,0.593516,-0.411232,0.411232,-3.74045,0.828572,0.804242,0.702278,0.223681,-0.663343,-0.113542
0,-0.593516,0.593516,-0.411232,0.411232,-3.74035,0.825482,0.809703,0.701761,0.223816,-0.663859,-0.113465
0,-0.593516,0.593516,-0.411232,0.411232,-3.74024,0.822391,0.815164,0.701245,0.223952,-0.664376,-0.113388
0,-0.593516,0.593516,-0.411232,0.411232,-3.74014,0.8193,0.820625,0.700727,0.224088,-0.664895,-0.113311
0,-0.593516,0.593516,-0.411232,0.411232,-3.74004,0.81621,0.826086,0.70021,0.224224,-0.665414,-0.113234
0,-0.593516,0.593516,-0.411232,0.411232,-3.73993,0.813119,0.831547,0.699692,0.224361,-0.665935,-0.113157
0,-0.593516,0.593516,-0.411232,0.411232,-3.73983,0.810029,0.837009,0.699174,0.224498,-0.666457,-0.11308
0,-0.593516,0.593516,-0.411232,0.411232,-3.73972,0.806938,0.84247,0.698655,0.224635,-0.666979,-0.113003
0,-0.593516,0.593516,-0.411232,0.411232,-3.73962,0.803848,0.847931,0.698136,0.224773,-0.667503,-0.112926
0,-0.593516,0.593516,-0.411232,0.411232,-3.73952,0.800757,0.853392,0.697616,0.224911,-0.668029,-0.112848
0,-0.593516,0.593516,-0.411232,0.411232,-3.73941,0.797666,0.858853,0.697096,0.225049,-0.668555,-0.112771
0,-0.593516,0.593516,-0.411232,0.411232,-3.73931,0.794576,0.864315,0.696576,0.225188,-0.669083,-0.112694
0,-0.593516,0.593516,-0.411232,0.411232,-3.7392,0.791485,0.869776,0.696055,0.225327,-0.669611,-0.112616
0,-0.593516,0.593516,-0.411232,0.411232,-3.7391,0.788395,0.875237,0.695534,0.225466,-0.670141,-0.112539
0,-0.593516,0.593516,-0.411232,0.411232,-3.73899,0.785304,0.880698,0.695013,0.225606,-0.670672,-0.112461
0,-0.593516,0.593516,-0.411232,0.411232,-3.73889,0.782214,0.886159,0.694491,0.225746,-0.671204,-0.112384
0,-0.593516,0.593516,-0.411232,0.411232,-3.73879,0.779123,0.89162,0.693969,0.225886,-0.671738,-0.112306
0,-0.593516,0.593516,-0.411232,0.411232,-3.73868,0.776033,0.897082,0.693446,0.226027,-0.672272,-0.112229
0,-0.593516,0.593516,-0.411232,0.411232,-3.73858,0.772942,0.902543,0.692923,0.226168,-0.672808,-0.112151
0,-0.593516,0.593516,-0.411232,0.411232,-3.73847,0.769851,0.908004,0.6924,0.226309,-0.673345,-0.112073
0,-0.593516,0.593516,-0.411232,0.411232,-3.73837,0.766761,0.913465,0.691876,0.226451,-0.673883,-0.111995
0,-0.593516,0.593516,-0.411232,0.411232,-3.73827,0.76367,0.918926,0.691352,0.226593,-0.674423,-0.111917
0,-0.593516,0.593516,-0.411232,0.411232,-3.73816,0.76058,0.924388,0.690827,0.226735,-0.674963,-0.11184
0,-0.593516,0.593516,-0.411232,0.411232,-3.73806,0.757489,0.929849,0.690302,0.226878,-0.675505,-0.111762
0,-0.593516,0.593516,-0.411232,0.411232,-3.73795,0.754399,0.93531,0.689777,0.227021,-0.676048,-0.111684
0,-0.593516,0.593516,-0.411232,0.411232,-3.73785,0.751308,0.940771,0.689251,0.227164,-0.676592,-0.111605
0,-0.593516,0.593516,-0.411232,0.411232,-3.73774,0.748217,0.946232,0.688725,0.227308,-0.677137,-0.111527
0,-0.593516,0.593516,-0.411232,0.411232,-3.73764,0.745127,0.951693,0.688198,0.227452,-0.677684,-0.111449
0,-0.593516,0.593516,-0.411232,0.411232,-3.73754,0.742036,0.957155,0.687671,0.227597,-0.678232,-0.111371
0,-0.593516,0.593516,-0.411232,0.411232,-3.73743,0.738946,0.962616,0.687144,0.227742,-0.678781,-0.111293
0,-0.593516,0.593516,-0.411232,0.411232,-3.73733,0.735855,0.968077,0.686616,0.227887,-0.679332,-0.111214
0,-0.593516,0.593516,-0.411232,0.411232,-3.73722,0.732765,0.973538,0.686088,0.228032,-0.679883,-0.111136
0,-0.593516,0.593516,-0.411232,0.411232,-3.73712,0.729674,0.978999,0.685559,0.228178,-0.680436,-0.111057
0,-0.593516,0.593516,-0.411232,0.411232,-3.73702,0.726583,0.984461,0.68503,0.228325,-0.68099,-0.110979
0,-0.593516,0.593516,-0.411232,0.411232,-3.73691,0.723493,0.989922,0.684501,0.228471,-0.681546,-0.1109
0,-0.593516,0.593516,-0.411232,0.411232,-3.73681,0.720402,0.995383,0.683971,0.228618,-0.682102,-0.110822
0,-0.593516,0.593516,-0.411232,0.411232,-3.7367,0.717312,1.00084,0.683441,0.228766,-0.68266,-0.110743
0,-0.593516,0.593516,-0.411232,0.411232,-3.7366,0.714221,1.00631,0.68291,0.228913,-0.68322,-0.110664
0,-0.593516,0.593516,-0.411232,0.411232,-3.7365,0.711131,1.01177,0.682379,0.229061,-0.68378,-0.110585
0,-0.593516,0.593516,-0.411232,0.411232,-3.73639,0.70804,1.01723,0.681848,0.22921,-0.684342,-0.110506
0,-0.593516,0.593516,-0.411232,0.411232,-3.73629,0.70495,1.02269,0.681316,0.229359,-0.684905,-0.110428
0,-0.593516,0.593516,-0.411232,0.411232,-3.73618,0.701859,1.02815,0.680783,0.229508,-0.685469,-0.110349
0,-0.593516,0.593516,-0.411232,0.411232,-3.73608,0.698768,1.03361,0.680251,0.229658,-0.686035,-0.11027
0,-0.593516,0.593516,-0.411232,0.411232,-3.73597,0.695678,1.03907,0.679717,0.229807,-0.686602,-0.11019
0,-0.593516,0.593516,-0.411232,0.411232,-3.73587,0.692587,1.04453,0.679184,0.229958,-0.68717,-0.110111
0,-0.593516,0.593516,-0.411232,0.411232,-3.73577,0.689497,1.04999,0.67865,0.230109,-0.68774,-0.110032
0,-0.593516,0.593516,-0.411232,0.411232,-3.73566,0.686406,1.05546,0.678115,0.23026,-0.688311,-0.109953
0,-0.593516,0.593516,-0.411232,0.411232,-3.73556,0.683316,1.06092,0.677581,0.230411,-0.688883,-0.109874
0,-0.593516,0.593516,-0.411232,0.411232,-3.73545,0.680225,1.06638,0.677045,0.230563,-0.689457,-0.109794
0,-0.593516,0.593516,-0.411232,0.411232,-3.73535,0.677134,1.07184,0.67651,0.230715,-0.690032,-0.109715
0,-0.593516,0.593516,-0.411232,0.411232,-3.73525,0.674044,1.0773,0.675974,0.230868,-0.690608,-0.109635
0,-0.593516,0.593516,-0.411232,0.411232,-3.73514,0.670953,1.08276,0.675437,0.231021,-0.691186,-0.109556
0,-0.593516,0.593516,-0.411232,0.411232,-3.73504,0.667863,1.08822,0.6749,0.231174,-0.691765,-0.109476
0,-0.593516,0.593516,-0.411232,0.411232,-3.73493,0.664772,1.09368,0.674363,0.231328,-0.692345,-0.109397
0,-0.593516,0.593516,-0.411232,0.411232,-3.73483,0.661682,1.09915,0.673825,0.231482,-0.692927,-0.109317
0,-0.593516,0.593516,-0.411232,0.411232,-3.73472,0.658591,1.10461,0.673287,0.231637,-0.69351,-0.109237
0,-0.593516,0.593516,-0.411232,0.411232,-3.73462,0.655501,1.11007,0.672748,0.231792,-0.694095,-0.109157
0,-0.593516,0.593516,-0.411232,0.411232,-3.73462,0.655501,1.11007,0.672748,0.231792,-0.694095,-0.109157
0,-0.593516,0.593516,-0.411232,0.411232,-3.73298,0.653056,1.1145,0.672302,0.231893,-0.69443,-0.10911
0,-0.593516,0.593516,-0.411232,0.411232,-3.73133,0.650612,1.11894,0.671855,0.231994,-0.694766,-0.109062
0,-0.593516,0.593516,-0.411232,0.411232,-3.72969,0.648168,1.12337,0.671408,0.232096,-0.695103,-0.109014
0,-0.593516,0.593516,-0.411232,0.411232,-3.72804,0.645723,1.12781,0.670961,0.232198,-0.695441,-0.108966
0,-0.593516,0.593516,-0.411232,0.411232,-3.7264,0.643279,1.13224,0.670514,0.2323,-0.695779,-0.108919
0,-0.593516,0.593516,-0.411232,0.411232,-3.72476,0.640834,1.13668,0.670066,0.232403,-0.696119,-0.108871
0,-0.593516,0.593516,-0.411232,0.411232,-3.72311,0.63839,1.14111,0.669618,0.232505,-0.696459,-0.108823
0,-0.593516,0.593516,-0.411232,0.411232,-3.72147,0.635946,1.14555,0.66917,0.232608,-0.696799,-0.108775
0,-0.593516,0.593516,-0.411232,0.411232,-3.71982,0.633501,1.14998,0.668721,0.232711,-0.697141,-0.108728
0,-0.593516,0.593516,-0.411232,0.411232,-3.71818,0.631057,1.15442,0.668272,0.232815,-0.697483,-0.10868
0,-0.593516,0.593516,-0.411232,0.411232,-3.71654,0.628613,1.15885,0.667823,0.232918,-0.697826,-0.108632
0,-0.593516,0.593516,-0.411232,0.411232,-3.71489,0.626168,1.16329,0.667373,0.233022,-0.69817,-0.108584
0,-0.593516,0.593516,-0.411232,0.411232,-3.71325,0.623724,1.16772,0.666923,0.233126,-0.698515,-0.108536
0,-0.593516,0.593516,-0.411232,0.411232,-3.7116,0.62128,1.17216,0.666473,0.23323,-0.69886,-0.108489
0,-0.593516,0.593516,-0.411232,0.411232,-3.70996,0.618835,1.17659,0.666023,0.233335,-0.699207,-0.108441
0,-0.593516,0.593516,-0.411232,0.411232,-3.70831,0.616391,1.18103,0.665572,0.23344,-0.699553,-0.108393
0,-0.593516,0.593516,-0.411232,0.411232,-3.70667,0.613947,1.18546,0.665121,0.233545,-0.699901,-0.108345
0,-0.593516,0.593516,-0.411232,0.411232,-3.70503,0.611502,1.1899,0.66467,0.23365,-0.70025,-0.108297
0,-0.593516,0.593516,-0.411232,0.411232,-3.70338,0.609058,1.19433,0.664218,0.233756,-0.700599,-0.108249
0,-0.593516,0.593516,-0.411232,0.411232,-3.70174,0.606614,1.19877,0.663766,0.233862,-0.700949,-0.108201
0,-0.593516,0.593516,-0.411232,0.411232,-3.70009,0.604169,1.2032,0.663314,0.233968,-0.701301,-0.108153
0,-0.593516,0.593516,-0.411232,0.411232,-3.69845,0.601725,1.20764,0.662861,0.234074,-0.701652,-0.108105
0,-0.593516,0.593516,-0.411232,0.411232,-3.69681,0.599281,1.21207,0.662408,0.234181,-0.702005,-0.108057
0,-0.593516,0.593516,-0.411232,0.411232,-3.69516,0.596836,1.21651,0.661955,0.234288,-0.702358,-0.108009
0,-0.593516,0.593516,-0.411232,0.411232,-3.69352,0.594392,1.22094,0.661501,0.234395,-0.702713,-0.107961
0,-0.593516,0.593516,-0.411232,0.411232,-3.69187,0.591948,1.22538,0.661047,0.234502,-0.703068,-0.107913
0,-0.593516,0.593516,-0.411232,0.411232,-3.69023,0.589503,1.22981,0.660593,0.23461,-0.703423,-0.107865
0,-0.593516,0.593516,-0.411232,0.411232,-3.68859,0.587059,1.23425,0.660139,0.234718,-0.70378,-0.107817
0,-0.593516,0.593516,-0.411232,0.411232,-3.68694,0.584615,1.23868,0.659684,0.234826,-0.704138,-0.107769
0,-0.593516,0.593516,-0.411232,0.411232,-3.6853,0.58217,1.24312,0.659229,0.234934,-0.704496,-0.107721
0,-0.593516,0.593516,-0.411232,0.411232,-3.68365,0.579726,1.24755,0.658773,0.235043,-0.704855,-0.107672
0,-0.593516,0.593516,-0.411232,0.411232,-3.68201,0.577281,1.25199,0.658318,0.235152,-0.705215,-0.107624
0,-0.593516,0.593516,-0.411232,0.411232,-3.68036,0.574837,1.25642,0.657862,0.235261,-0.705576,-0.107576
0,-0.593516,0.593516,-0.411232,0.411232,-3.67872,0.572393,1.26086,0.657405,0.23537,-0.705938,-0.107528
0,-0.593516,0.593516,-0.411232,0.411232,-3.67708,0.569948,1.26529,0.656949,0.23548,-0.7063,-0.10748
0,-0.593516,0.593516,-0.411232,0.411232,-3.67543,0.567504,1.26973,0.656492,0.23559,-0.706664,-0.107432
0,-0.593516,0.593516,-0.411232,0.411232,-3.67379,0.56506,1.27416,0.656034,0.2357,-0.707028,-0.107383
0,-0.593516,0.593516,-0.411232,0.411232,-3.67214,0.562615,1.2786,0.655577,0.235811,-0.707393,-0.107335
0,-0.593516,0.593516,-0.411232,0.411232,-3.6705,0.560171,1.28303,0.655119,0.235922,-0.707759,-0.107287
0,-0.593516,0.593516,-0.411232,0.411232,-3.66886,0.557727,1.28747,0.654661,0.236033,-0.708126,-0.107239
0,-0.593516,0.593516,-0.411232,0.411232,-3.66721,0.555282,1.2919,0.654202,0.236144,-0.708493,-0.10719
0,-0.593516,0.593516,-0.411232,0.411232,-3.66557,0.552838,1.29634,0.653743,0.236256,-0.708862,-0.107142
0,-0.593516,0.593516,-0.411232,0.411232,-3.66392,0.550394,1.30077,0.653284,0.236368,-0.709231,-0.107094
0,-0.593516,0.593516,-0.411232,0.411232,-3.66228,0.547949,1.30521,0.652824,0.23648,-0.709601,-0.107045
0,-0.593516,0.593516,-0.411232,0.411232,-3.66064,0.545505,1.30964,0.652364,0.236592,-0.709973,-0.106997
0,-0.593516,0.593516,-0.411232,0.411232,-3.65899,0.543061,1.31408,0.651904,0.236705,-0.710345,-0.106949
0,-0.593516,0.593516,-0.411232,0.411232,-3.65735,0.540616,1.31851,0.651444,0.236818,-0.710717,-0.1069
0,-0.593516,0.593516,-0.411232,0.411232,-3.6557,0.538172,1.32295,0.650983,0.236931,-0.711091,-0.106852
0,-0.593516,0.593516,-0.411232,0.411232,-3.65406,0.535728,1.32738,0.650522,0.237045,-0.711466,-0.106804
0,-0.593516,0.593516,-0.411232,0.411232,-3.65241,0.533283,1.33182,0.65006,0.237159,-0.711842,-0.106755
0,-0.593516,0.593516,-0.411232,0.411232,-3.65077,0.530839,1.33625,0.649598,0.237273,-0.712218,-0.106707
0,-0.593516,0.593516,-0.411232,0.411232,-3.64913,0.528395,1.34069,0.649136,0.237387,-0.712595,-0.106658
0,-0.593516,0.593516,-0.411232,0.411232,-3.64748,0.52595,1.34512,0.648674,0.237502,-0.712973,-0.10661
0,-0.593516,0.593516,-0.411232,0.411232,-3.64584,0.523506,1.34956,0.648211,0.237617,-0.713353,-0.106561
0,-0.593516,0.593516,-0.411232,0.411232,-3.64419,0.521062,1.35399,0.647748,0.237732,-0.713733,-0.106513
0,-0.593516,0.593516,-0.411232,0.411232,-3.64255,0.518617,1.35843,0.647284,0.237848,-0.714114,-0.106464
0,-0.593516,0.593516,-0.411232,0.411232,-3.64091,0.516173,1.36286,0.64682,0.237963,-0.714496,-0.106416
0,-0.593516,0.593516,-0.411232,0.411232,-3.63926,0.513728,1.3673,0.646356,0.238079,-0.714878,-0.106367
0,-0.593516,0.593516,-0.411232,0.411232,-3.63762,0.511284,1.37173,0.645892,0.238196,-0.715262,-0.106319
0,-0.593516,0.593516,-0.411232,0.411232,-3.63597,0.50884,1.37617,0.645427,0.238313,-0.715647,-0.10627
0,-0.593516,0.593516,-0.411232,0.411232,-3.63433,0.506395,1.3806,0.644962,0.23843,-0.716032,-0.106222
0,-0.593516,0.593516,-0.411232,0.411232,-3.63269,0.503951,1.38504,0.644496,0.238547,-0.716419,-0.106173
0,-0.593516,0.593516,-0.411232,0.411232,-3.63104,0.501507,1.38947,0.64403,0.238664,-0.716806,-0.106125
0,-0.593516,0.593516,-0.411232,0.411232,-3.6294,0.499062,1.39391,0.643564,0.238782,-0.717194,-0.106076
0,-0.593516,0.593516,-0.411232,0.411232,-3.62775,0.496618,1.39834,0.643098,0.2389,-0.717584,-0.106027
0,-0.593516,0.593516,-0.411232,0.411232,-3.62611,0.494174,1.40278,0.642631,0.239019,-0.717974,-0.105979
0,-0.593516,0.593516,-0.411232,0.411232,-3.62446,0.491729,1.40721,0.642164,0.239138,-0.718365,-0.10593
0,-0.593516,0.593516,-0.411232,0.411232,-3.62282,0.489285,1.41165,0.641696,0.239257,-0.718757,-0.105881
0,-0.593516,0.593516,-0.411232,0.411232,-3.62118,0.486841,1.41608,0.641228,0.239376,-0.71915,-0.105833
0,-0.593516,0.593516,-0.411232,0.411232,-3.61953,0.484396,1.42052,0.64076,0.239496,-0.719544,-0.105784
0,-0.593516,0.593516,-0.411232,0.411232,-3.61789,0.481952,1.42495,0.640291,0.239616,-0.719939,-0.105735
0,-0.593516,0.593516,-0.411232,0.411232,-3.61624,0.479508,1.42939,0.639823,0.239736,-0.720335,-0.105686
0,-0.593516,0.593516,-0.411232,0.411232,-3.6146,0.477063,1.43382,0.639353,0.239857,-0.720732,-0.105638
0,-0.593516,0.593516,-0.411232,0.411232,-3.61296,0.474619,1.43825,0.638884,0.239977,-0.72113,-0.105589
0,-0.593516,0.593516,-0.411232,0.411232,-3.61131,0.472175,1.44269,0.638414,0.240099,-0.721529,-0.10554
0,-0.593516,0.593516,-0.411232,0.411232,-3.60967,0.46973,1.44712,0.637944,0.24022,-0.721929,-0.105491
0,-0.593516,0.593516,-0.411232,0.411232,-3.60802,0.467286,1.45156,0.637473,0.240342,-0.72233,-0.105443
0,-0.593516,0.593516,-0.411232,0.411232,-3.60638,0.464842,1.45599,0.637002,0.240464,-0.722732,-0.105394
0,-0.593516,0.593516,-0.411232,0.411232,-3.60474,0.462397,1.46043,0.636531,0.240586,-0.723135,-0.105345
0,-0.593516,0.593516,-0.411232,0.411232,-3.60309,0.459953,1.46486,0.636059,0.240709,-0.723538,-0.105296
0,-0.593516,0.593516,-0.411232,0.411232,-3.60145,0.457509,1.4693,0.635587,0.240832,-0.723943,-0.105247
0,-0.593516,0.593516,-0.411232,0.411232,-3.5998,0.455064,1.47373,0.635115,0.240956,-0.724349,-0.105198
0,-0.593516,0.593516,-0.411232,0.411232,-3.59816,0.45262,1.47817,0.634642,0.241079,-0.724756,-0.105149
0,-0.593516,0.593516,-0.411232,0.411232,-3.59652,0.450175,1.4826,0.634169,0.241203,-0.725164,-0.105101
0,-0.593516,0.593516,-0.411232,0.411232,-3.59487,0.447731,1.48704,0.633695,0.241328,-0.725572,-0.105052
0,-0.593516,0.593516,-0.411232,0.411232,-3.59323,0.445287,1.49147,0.633222,0.241452,-0.725982,-0.105003
0,-0.593516,0.593516,-0.411232,0.411232,-3.59158,0.442842,1.49591,0.632747,0.241577,-0.726393,-0.104954
0,-0.593516,0.593516,-0.411232,0.411232,-3.58994,0.440398,1.50034,0.632273,0.241703,-0.726805,-0.104905
0,-0.593516,0.593516,-0.411232,0.411232,-3.58829,0.437954,1.50478,0.631798,0.241828,-0.727218,-0.104856
0,-0.593516,0.593516,-0.411232,0.411232,-3.58665,0.435509,1.50921,0.631323,0.241954,-0.727632,-0.104807
0,-0.593516,0.593516,-0.411232,0.411232,-3.58501,0.433065,1.51365,0.630847,0.24208,-0.728047,-0.104758
0,-0.593516,0.593516,-0.411232,0.411232,-3.58336,0.430621,1.51808,0.630371,0.242207,-0.728463,-0.104709
0,-0.593516,0.593516,-0.411232,0.411232,-3.58172,0.428176,1.52252,0.629895,0.242334,-0.72888,-0.10466
0,-0.593516,0.593516,-0.411232,0.411232,-3.58007,0.425732,1.52695,0.629419,0.242461,-0.729298,-0.104611
0,-0.593516,0.593516,-0.411232,0.411232,-3.57843,0.423288,1.53139,0.628942,0.242589,-0.729718,-0.104562
0,-0.593516,0.593516,-0.411232,0.411232,-3.57679,0.420843,1.53582,0.628464,0.242717,-0.730138,-0.104512
0,-0.593516,0.593516,-0.411232,0.411232,-3.57514,0.418399,1.54026,0.627986,0.242845,-0.730559,-0.104463
0,-0.593516,0.593516,-0.411232,0.411232,-3.5735,0.415955,1.54469,0.627508,0.242974,-0.730982,-0.104414
0,-0.593516,0.593516,-0.411232,0.411232,-3.57185,0.41351,1.54913,0.62703,0.243103,-0.731405,-0.104365
0,-0.593516,0.593516,-0.411232,0.411232,-3.57021,0.411066,1.55356,0.626551,0.243232,-0.73183,-0.104316
0,-0.593516,0.593516,-0.411232,0.411232,-3.56857,0.408622,1.558,0.626072,0.243361,-0.732255,-0.104267
0,-0.593516,0.593516,-0.411232,0.411232,-3.56692,0.406177,1.56243,0.625592,0.243491,-0.732682,-0.104218
0,-0.593516,0.593516,-0.411232,0.411232,-3.56528,0.403733,1.56687,0.625112,0.243622,-0.73311,-0.104168
0,-0.593516,0.593516,-0.411232,0.411232,-3.56363,0.401289,1.5713,0.624632,0.243752,-0.733538,-0.104119
0,-0.593516,0.593516,-0.411232,0.411232,-3.56199,0.398844,1.57574,0.624152,0.243883,-0.733968,-0.10407
0,-0.593516,0.593516,-0.411232,0.411232,-3.56034,0.3964,1.58017,0.62367,0.244015,-0.734399,-0.104021
0,-0.593516,0.593516,-0.411232,0.411232,-3.5587,0.393956,1.58461,0.623189,0.244146,-0.734832,-0.103972
0,-0.593516,0.593516,-0.411232,0.411232,-3.55706,0.391511,1.58904,0.622707,0.244278,-0.735265,-0.103922
0,-0.593516,0.593516,-0.411232,0.411232,-3.55541,0.389067,1.59348,0.622225,0.244411,-0.735699,-0.103873
0,-0.593516,0.593516,-0.411232,0.411232,-3.55377,0.386623,1.59791,0.621743,0.244544,-0.736135,-0.103824
0,-0.593516,0.593516,-0.411232,0.411232,-3.55212,0.384178,1.60235,0.62126,0.244677,-0.736571,-0.103775
0,-0.593516,0.593516,-0.411232,0.411232,-3.55048,0.381734,1.60678,0.620776,0.24481,-0.737009,-0.103725
0,-0.593516,0.593516,-0.411232,0.411232,-3.54884,0.379289,1.61122,0.620293,0.244944,-0.737448,-0.103676
0,-0.593516,0.593516,-0.411232,0.411232,-3.54719,0.376845,1.61565,0.619809,0.245078,-0.737888,-0.103627
0,-0.593516,0.593516,-0.411232,0.411232,-3.54555,0.374401,1.62009,0.619324,0.245213,-0.738329,-0.103577
0,-0.593516,0.593516,-0.411232,0.411232,-3.5439,0.371956,1.62452,0.61884,0.245347,-0.738771,-0.103528
0,-0.593516,0.593516,-0.411232,0.411232,-3.54226,0.369512,1.62896,0.618354,0.245483,-0.739215,-0.103478
0,-0.593516,0.593516,-0.411232,0.411232,-3.54062,0.367068,1.63339,0.617869,0.245618,-0.739659,-0.103429
0,-0.593516,0.593516,-0.411232,0.411232,-3.53897,0.364623,1.63783,0.617383,0.245754,-0.740105,-0.10338
0,-0.593516,0.593516,-0.411232,0.411232,-3.53897,0.364623,1.63783,0.617383,0.245754,-0.740105,-0.10338
0,-0.593516,0.593516,-0.411232,0.411232,-3.53774,0.361505,1.64312,0.616659,0.245951,-0.740466,-0.103268
0,-0.593516,0.593516,-0.411232,0.411232,-3.53651,0.358386,1.6484,0.615934,0.246148,-0.740829,-0.103156
0,-0.593516,0.593516,-0.411232,0.411232,-3.53528,0.355267,1.65369,0.615209,0.246346,-0.741193,-0.103044
0,-0.593516,0.593516,-0.411232,0.411232,-3.53405,0.352148,1.65898,0.614482,0.246545,-0.74156,-0.102931
0,-0.593516,0.593516,-0.411232,0.411232,-3.53282,0.349029,1.66426,0.613755,0.246745,-0.741929,-0.102819
0,-0.593516,0.593516,-0.411232,0.411232,-3.53159,0.34591,1.66955,0.613026,0.246945,-0.742299,-0.102707
0,-0.593516,0.593516,-0.411232,0.411232,-3.53036,0.342791,1.67484,0.612297,0.247147,-0.742671,-0.102594
0,-0.593516,0.593516,-0.411232,0.411232,-3.52913,0.339672,1.68013,0.611567,0.247349,-0.743046,-0.102481
0,-0.593516,0.593516,-0.411232,0.411232,-3.5279,0.336553,1.68541,0.610837,0.247552,-0.743422,-0.102368
0,-0.593516,0.593516,-0.411232,0.411232,-3.52667,0.333435,1.6907,0.610105,0.247756,-0.7438,-0.102255
0,-0.593516,0.593516,-0.411232,0.411232,-3.52544,0.330316,1.69599,0.609372,0.247961,-0.74418,-0.102142
0,-0.593516,0.593516,-0.411232,0.411232,-3.52421,0.327197,1.70127,0.608639,0.248166,-0.744562,-0.102029
0,-0.593516,0.593516,-0.411232,0.411232,-3.52298,0.324078,1.70656,0.607904,0.248373,-0.744946,-0.101916
0,-0.593516,0.593516,-0.411232,0.411232,-3.52175,0.320959,1.71185,0.607169,0.24858,-0.745333,-0.101802
0,-0.593516,0.593516,-0.411232,0.411232,-3.52052,0.31784,1.71714,0.606433,0.248788,-0.745721,-0.101689
0,-0.593516,0.593516,-0.411232,0.411232,-3.51929,0.314721,1.72242,0.605696,0.248997,-0.746111,-0.101575
0,-0.593516,0.593516,-0.411232,0.411232,-3.51806,0.311602,1.72771,0.604958,0.249207,-0.746503,-0.101461
0,-0.593516,0.593516,-0.411232,0.411232,-3.51683,0.308483,1.733,0.604219,0.249418,-0.746898,-0.101347
0,-0.593516,0.593516,-0.411232,0.411232,-3.5156,0.305365,1.73828,0.60348,0.24963,-0.747294,-0.101233
0,-0.593516,0.593516,-0.411232,0.411232,-3.51437,0.302246,1.74357,0.602739,0.249842,-0.747693,-0.101119
0,-0.593516,0.593516,-0.411232,0.411232,-3.51314,0.299127,1.74886,0.601997,0.250056,-0.748094,-0.101004
0,-0.593516,0.593516,-0.411232,0.411232,-3.51191,0.296008,1.75414,0.601255,0.25027,-0.748496,-0.10089
0,-0.593516,0.593516,-0.411232,0.411232,-3.51068,0.292889,1.75943,0.600511,0.250486,-0.748901,-0.100775
0,-0.593516,0.593516,-0.411232,0.411232,-3.50945,0.28977,1.76472,0.599767,0.250702,-0.749309,-0.10066
0,-0.593516,0.593516,-0.411232,0.411232,-3.50822,0.286651,1.77001,0.599022,0.250919,-0.749718,-0.100545
0,-0.593516,0.593516,-0.411232,0.411232,-3.50699,0.283532,1.77529,0.598276,0.251137,-0.750129,-0.10043
0,-0.593516,0.593516,-0.411232,0.411232,-3.50576,0.280413,1.78058,0.597529,0.251356,-0.750543,-0.100315
0,-0.593516,0.593516,-0.411232,0.411232,-3.50453,0.277295,1.78587,0.596781,0.251576,-0.750959,-0.1002
0,-0.593516,0.593516,-0.411232,0.411232,-3.5033,0.274176,1.79115,0.596032,0.251797,-0.751377,-0.100085
0,-0.593516,0.593516,-0.411232,0.411232,-3.50207,0.271057,1.79644,0.595282,0.252019,-0.751797,-0.0999691
0,-0.593516,0.593516,-0.411232,0.411232,-3.50084,0.267938,1.80173,0.594531,0.252242,-0.75222,-0.0998534
0,-0.593516,0.593516,-0.411232,0.411232,-3.49961,0.264819,1.80702,0.593779,0.252466,-0.752645,-0.0997376
0,-0.593516,0.593516,-0.411232,0.411232,-3.49838,0.2617,1.8123,0.593026,0.25269,-0.753072,-0.0996216
0,-0.593516,0.593516,-0.411232,0.411232,-3.49715,0.258581,1.81759,0.592273,0.252916,-0.753502,-0.0995056
0,-0.593516,0.593516,-0.411232,0.411232,-3.49592,0.255462,1.82288,0.591518,0.253143,-0.753933,-0.0993893
0,-0.593516,0.593516,-0.411232,0.411232,-3.49469,0.252343,1.82816,0.590762,0.253371,-0.754367,-0.099273
0,-0.593516,0.593516,-0.411232,0.411232,-3.49346,0.249225,1.83345,0.590006,0.253599,-0.754804,-0.0991565
0,-0.593516,0.593516,-0.411232,0.411232,-3.49223,0.246106,1.83874,0.589248,0.253829,-0.755243,-0.0990399
0,-0.593516,0.593516,-0.411232,0.411232,-3.491,0.242987,1.84403,0.58849,0.25406,-0.755684,-0.0989231
0,-0.593516,0.593516,-0.411232,0.411232,-3.48977,0.239868,1.84931,0.58773,0.254292,-0.756128,-0.0988062
0,-0.593516,0.593516,-0.411232,0.411232,-3.48854,0.236749,1.8546,0.586969,0.254524,-0.756574,-0.0986892
0,-0.593516,0.593516,-0.411232,0.411232,-3.48731,0.23363,1.85989,0.586208,0.254758,-0.757022,-0.098572
0,-0.593516,0.593516,-0.411232,0.411232,-3.48608,0.230511,1.86517,0.585445,0.254993,-0.757473,-0.0984547
0,-0.593516,0.593516,-0.411232,0.411232,-3.48485,0.227392,1.87046,0.584682,0.255229,-0.757926,-0.0983373
0,-0.593516,0.593516,-0.411232,0.411232,-3.48362,0.224273,1.87575,0.583917,0.255466,-0.758382,-0.0982197
0,-0.593516,0.593516,-0.411232,0.411232,-3.48239,0.221155,1.88104,0.583152,0.255704,-0.758841,-0.098102
0,-0.593516,0.593516,-0.411232,0.411232,-3.48116,0.218036,1.88632,0.582385,0.255943,-0.759301,-0.0979841
0,-0.593516,0.593516,-0.411232,0.411232,-3.47993,0.214917,1.89161,0.581618,0.256183,-0.759765,-0.0978661
0,-0.593516,0.593516,-0.411232,0.411232,-3.4787,0.211798,1.8969,0.580849,0.256425,-0.760231,-0.097748
0,-0.593516,0.593516,-0.411232,0.411232,-3.47747,0.208679,1.90218,0.58008,0.256667,-0.760699,-0.0976297
0,-0.593516,0.593516,-0.411232,0.411232,-3.47624,0.20556,1.90747,0.579309,0.25691,-0.761171,-0.0975112
0,-0.593516,0.593516,-0.411232,0.411232,-3.47501,0.202441,1.91276,0.578538,0.257155,-0.761644,-0.0973927
0,-0.593516,0.593516,-0.411232,0.411232,-3.47378,0.199322,1.91805,0.577765,0.257401,-0.762121,-0.097274
0,-0.593516,0.593516,-0.411232,0.411232,-3.47255,0.196203,1.92333,0.576991,0.257647,-0.7626,-0.0971551
0,-0.593516,0.593516,-0.411232,0.411232,-3.47132,0.193085,1.92862,0.576217,0.257895,-0.763081,-0.0970361
0,-0.593516,0.593516,-0.411232,0.411232,-3.47009,0.189966,1.93391,0.575441,0.258144,-0.763566,-0.096917
0,-0.593516,0.593516,-0.411232,0.411232,-3.46886,0.186847,1.93919,0.574664,0.258395,-0.764053,-0.0967977
0,-0.593516,0.593516,-0.411232,0.411232,-3.46764,0.183728,1.94448,0.573886,0.258646,-0.764542,-0.0966782
0,-0.593516,0.593516,-0.411232,0.411232,-3.46641,0.180609,1.94977,0.573108,0.258898,-0.765035,-0.0965587
0,-0.593516,0.593516,-0.411232,0.411232,-3.46518,0.17749,1.95506,0.572328,0.259152,-0.76553,-0.0964389
0,-0.593516,0.593516,-0.411232,0.411232,-3.46395,0.174371,1.96034,0.571547,0.259407,-0.766028,-0.096319
0,-0.593516,0.593516,-0.411232,0.411232,-3.46272,0.171252,1.96563,0.570764,0.259663,-0.766529,-0.096199
0,-0.593516,0.593516,-0.411232,0.411232,-3.46149,0.168133,1.97092,0.569981,0.25992,-0.767033,-0.0960788
0,-0.593516,0.593516,-0.411232,0.411232,-3.46026,0.165015,1.9762,0.569197,0.260179,-0.767539,-0.0959585
0,-0.593516,0.593516,-0.411232,0.411232,-3.45903,0.161896,1.98149,0.568412,0.260438,-0.768049,-0.095838
0,-0.593516,0.593516,-0.411232,0.411232,-3.4578,0.158777,1.98678,0.567625,0.260699,-0.768561,-0.0957174
0,-0.593516,0.593516,-0.411232,0.411232,-3.45657,0.155658,1.99207,0.566838,0.260961,-0.769076,-0.0955966
0,-0.593516,0.593516,-0.411232,0.411232,-3.45534,0.152539,1.99735,0.566049,0.261225,-0.769594,-0.0954757
0,-0.593516,0.593516,-0.411232,0.411232,-3.45411,0.14942,2.00264,0.56526,0.261489,-0.770115,-0.0953546
0,-0.593516,0.593516,-0.411232,0.411232,-3.45288,0.146301,2.00793,0.564469,0.261755,-0.770639,-0.0952334
0,-0.593516,0.593516,-0.411232,0.411232,-3.45165,0.143182,2.01321,0.563677,0.262022,-0.771166,-0.095112
0,-0.593516,0.593516,-0.411232,0.411232,-3.45042,0.140063,2.0185,0.562884,0.26229,-0.771696,-0.0949905
0,-0.593516,0.593516,-0.411232,0.411232,-3.44919,0.136945,2.02379,0.56209,0.26256,-0.772229,-0.0948688
0,-0.593516,0.593516,-0.411232,0.411232,-3.44796,0.133826,2.02907,0.561295,0.262831,-0.772765,-0.0947469
0,-0.593516,0.593516,-0.411232,0.411232,-3.44673,0.130707,2.03436,0.560498,0.263103,-0.773304,-0.094625
0,-0.593516,0.593516,-0.411232,0.411232,-3.4455,0.127588,2.03965,0.559701,0.263377,-0.773846,-0.0945028
0,-0.593516,0.593516,-0.411232,0.411232,-3.44427,0.124469,2.04494,0.558902,0.263651,-0.774392,-0.0943805
0,-0.593516,0.593516,-0.411232,0.411232,-3.44304,0.12135,2.05022,0.558102,0.263928,-0.77494,-0.094258
0,-0.593516,0.593516,-0.411232,0.411232,-3.44181,0.118231,2.05551,0.557301,0.264205,-0.775492,-0.0941354
0,-0.593516,0.593516,-0.411232,0.411232,-3.44058,0.115112,2.0608,0.556499,0.264484,-0.776047,-0.0940126
0,-0.593516,0.593516,-0.411232,0.411232,-3.43935,0.111993,2.06608,0.555696,0.264764,-0.776605,-0.0938897
0,-0.593516,0.593516,-0.411232,0.411232,-3.43812,0.108875,2.07137,0.554891,0.265046,-0.777166,-0.0937666
0,-0.593516,0.593516,-0.411232,0.411232,-3.43689,0.105756,2.07666,0.554086,0.265329,-0.777731,-0.0936433
0,-0.593516,0.593516,-0.411232,0.411232,-3.43566,0.102637,2.08195,0.553279,0.265613,-0.778299,-0.0935199
0,-0.593516,0.593516,-0.411232,0.411232,-3.43443,0.0995179,2.08723,0.552471,0.265899,-0.77887,-0.0933962
0,-0.593516,0.593516,-0.411232,0.411232,-3.4332,0.096399,2.09252,0.551662,0.266186,-0.779444,-0.0932725
0,-0.593516,0.593516,-0.411232,0.411232,-3.43197,0.0932801,2.09781,0.550852,0.266474,-0.780022,-0.0931486
0,-0.593516,0.593516,-0.411232,0.411232,-3.43074,0.0901612,2.10309,0.55004,0.266764,-0.780604,-0.0930245
0,-0.593516,0.593516,-0.411232,0.411232,-3.42951,0.0870423,2.10838,0.549227,0.267056,-0.781188,-0.0929003
0,-0.593516,0.593516,-0.411232,0.411232,-3.42828,0.0839234,2.11367,0.548414,0.267349,-0.781777,-0.0927759
0,-0.593516,0.593516,-0.411232,0.411232,-3.42705,0.0808045,2.11896,0.547598,0.267643,-0.782368,-0.0926513
0,-0.593516,0.593516,-0.411232,0.411232,-3.42582,0.0776856,2.12424,0.546782,0.267939,-0.782964,-0.0925266
0,-0.593516,0.593516,-0.411232,0.411232,-3.42459,0.0745668,2.12953,0.545965,0.268236,-0.783562,-0.0924017
0,-0.593516,0.593516,-0.411232,0.411232,-3.42336,0.0714479,2.13482,0.545146,0.268535,-0.784164,-0.0922766
0,-0.593516,0.593516,-0.411232,0.411232,-3.42213,0.068329,2.1401,0.544326,0.268835,-0.78477,-0.0921514
0,-0.593516,0.593516,-0.411232,0.411232,-3.4209,0.0652101,2.14539,0.543505,0.269137,-0.78538,-0.092026
0,-0.593516,0.593516,-0.411232,0.411232,-3.41967,0.0620912,2.15068,0.542682,0.26944,-0.785993,-0.0919004
0,-0.593516,0.593516,-0.411232,0.411232,-3.41844,0.0589723,2.15597,0.541858,0.269745,-0.78661,-0.0917747
0,-0.593516,0.593516,-0.411232,0.411232,-3.41721,0.0558534,2.16125,0.541033,0.270052,-0.78723,-0.0916488
0,-0.593516,0.593516,-0.411232,0.411232,-3.41598,0.0527345,2.16654,0.540207,0.27036,-0.787854,-0.0915227
0,-0.593516,0.593516,-0.411232,0.411232,-3.41475,0.0496156,2.17183,0.539379,0.270669,-0.788483,-0.0913964
0,-0.593516,0.593516,-0.411232,0.411232,-3.41352,0.0464968,2.17711,0.538551,0.27098,-0.789114,-0.09127
0,-0.593516,0.593516,-0.411232,0.411232,-3.41229,0.0433779,2.1824,0.537721,0.271293,-0.78975,-0.0911434
0,-0.593516,0.593516,-0.411232,0.411232,-3.41106,0.040259,2.18769,0.536889,0.271608,-0.790389,-0.0910166
0,-0.593516,0.593516,-0.411232,0.411232,-3.40983,0.0371401,2.19298,0.536057,0.271924,-0.791033,-0.0908897
0,-0.593516,0.593516,-0.411232,0.411232,-3.4086,0.0340212,2.19826,0.535223,0.272241,-0.79168,-0.0907625
0,-0.593516,0.593516,-0.411232,0.411232,-3.40737,0.0309023,2.20355,0.534387,0.272561,-0.792331,-0.0906352
0,-0.593516,0.593516,-0.411232,0.411232,-3.40614,0.0277834,2.20884,0.533551,0.272882,-0.792986,-0.0905078
0,-0.593516,0.593516,-0.411232,0.411232,-3.40491,0.0246645,2.21412,0.532713,0.273204,-0.793646,-0.0903801
0,-0.593516,0.593516,-0.411232,0.411232,-3.40368,0.0215457,2.21941,0.531874,0.273529,-0.794309,-0.0902523
0,-0.593516,0.593516,-0.411232,0.411232,-3.40245,0.0184268,2.2247,0.531033,0.273855,-0.794976,-0.0901243
0,-0.593516,0.593516,-0.411232,0.411232,-3.40122,0.0153079,2.22999,0.530192,0.274182,-0.795648,-0.0899961
0,-0.593516,0.593516,-0.411232,0.411232,-3.39999,0.012189,2.23527,0.529348,0.274512,-0.796323,-0.0898677
0,-0.593516,0.593516,-0.411232,0.411232,-3.39876,0.0090701,2.24056,0.528504,0.274843,-0.797003,-0.0897391
0,-0.593516,0.593516,-0.411232,0.411232,-3.39753,0.00595121,2.24585,0.527658,0.275176,-0.797687,-0.0896104
0,-0.593516,0.593516,-0.411232,0.411232,-3.3963,0.00283232,2.25113,0.526811,0.275511,-0.798375,-0.0894815
0,-0.593516,0.593516,-0.411232,0.411232,-3.39507,-0.000286568,2.25642,0.525962,0.275848,-0.799068,-0.0893524
0,-0.593516,0.593516,-0.411232,0.411232,-3.39384,-0.00340546,2.26171,0.525112,0.276186,-0.799765,-0.0892231
0,-0.593516,0.593516,-0.411232,0.411232,-3.39261,-0.00652435,2.267,0.524261,0.276527,-0.800466,-0.0890936
0,-0.593516,0.593516,-0.411232,0.411232,-3.39261,-0.00652435,2.267,0.524261,0.276527,-0.800466,-0.0890936
0,-0.593516,0.593516,-0.411232,0.411232,-3.38983,-0.00926676,2.27202,0.523618,0.276604,-0.800699,-0.0889965
0,-0.593516,0.593516,-0.411232,0.411232,-3.38705,-0.0120092,2.27704,0.522974,0.276683,-0.800934,-0.0888993
0,-0.593516,0.593516,-0.411232,0.411232,-3.38428,-0.0147516,2.28206,0.522329,0.276762,-0.801171,-0.0888019
0,-0.593516,0.593516,-0.411232,0.411232,-3.3815,-0.017494,2.28708,0.521683,0.276841,-0.801409,-0.0887045
0,-0.593516,0.593516,-0.411232,0.411232,-3.37872,-0.0202364,2.2921,0.521037,0.276922,-0.80165,-0.0886069
0,-0.593516,0.593516,-0.411232,0.411232,-3.37595,-0.0229789,2.29713,0.52039,0.277002,-0.801892,-0.0885093
0,-0.593516,0.593516,-0.411232,0.411232,-3.37317,-0.0257213,2.30215,0.519742,0.277084,-0.802136,-0.0884115
0,-0.593516,0.593516,-0.411232,0.411232,-3.37039,-0.0284637,2.30717,0.519093,0.277166,-0.802381,-0.0883136
0,-0.593516,0.593516,-0.411232,0.411232,-3.36761,-0.0312061,2.31219,0.518444,0.277249,-0.802629,-0.0882157
0,-0.593516,0.593516,-0.411232,0.411232,-3.36484,-0.0339485,2.31721,0.517793,0.277332,-0.802879,-0.0881176
0,-0.593516,0.593516,-0.411232,0.411232,-3.36206,-0.036691,2.32223,0.517142,0.277416,-0.80313,-0.0880194
0,-0.593516,0.593516,-0.411232,0.411232,-3.35928,-0.0394334,2.32725,0.51649,0.277501,-0.803384,-0.0879211
0,-0.593516,0.593516,-0.411232,0.411232,-3.3565,-0.0421758,2.33228,0.515837,0.277586,-0.803639,-0.0878227
0,-0.593516,0.593516,-0.411232,0.411232,-3.35373,-0.0449182,2.3373,0.515183,0.277673,-0.803896,-0.0877242
0,-0.593516,0.593516,-0.411232,0.411232,-3.35095,-0.0476606,2.34232,0.514529,0.277759,-0.804156,-0.0876255
0,-0.593516,0.593516,-0.411232,0.411232,-3.34817,-0.050403,2.34734,0.513873,0.277847,-0.804417,-0.0875268
0,-0.593516,0.593516,-0.411232,0.411232,-3.3454,-0.0531455,2.35236,0.513217,0.277935,-0.80468,-0.087428
0,-0.593516,0.593516,-0.411232,0.411232,-3.34262,-0.0558879,2.35738,0.51256,0.278023,-0.804945,-0.087329
0,-0.593516,0.593516,-0.411232,0.411232,-3.33984,-0.0586303,2.36241,0.511902,0.278113,-0.805212,-0.0872299
0,-0.593516,0.593516,-0.411232,0.411232,-3.33706,-0.0613727,2.36743,0.511244,0.278203,-0.805482,-0.0871308
0,-0.593516,0.593516,-0.411232,0.411232,-3.33429,-0.0641151,2.37245,0.510584,0.278294,-0.805753,-0.0870315
0,-0.593516,0.593516,-0.411232,0.411232,-3.33151,-0.0668576,2.37747,0.509924,0.278385,-0.806026,-0.0869321
0,-0.593516,0.593516,-0.411232,0.411232,-3.32873,-0.0696,2.38249,0.509262,0.278477,-0.806301,-0.0868326
0,-0.593516,0.593516,-0.411232,0.411232,-3.32595,-0.0723424,2.38751,0.5086,0.27857,-0.806579,-0.086733
0,-0.593516,0.593516,-0.411232,0.411232,-3.32318,-0.0750848,2.39254,0.507937,0.278664,-0.806858,-0.0866332
0,-0.593516,0.593516,-0.411232,0.411232,-3.3204,-0.0778272,2.39756,0.507273,0.278758,-0.80714,-0.0865334
0,-0.593516,0.593516,-0.411232,0.411232,-3.31762,-0.0805697,2.40258,0.506609,0.278854,-0.807424,-0.0864334
0,-0.593516,0.593516,-0.411232,0.411232,-3.31485,-0.0833121,2.4076,0.505943,0.278949,-0.80771,-0.0863334
0,-0.593516,0.593516,-0.411232,0.411232,-3.31207,-0.0860545,2.41262,0.505277,0.279046,-0.807998,-0.0862332
0,-0.593516,0.593516,-0.411232,0.411232,-3.30929,-0.0887969,2.41764,0.504609,0.279143,-0.808288,-0.0861329
0,-0.593516,0.593516,-0.411232,0.411232,-3.30651,-0.0915393,2.42267,0.503941,0.279241,-0.80858,-0.0860325
0,-0.593516,0.593516,-0.411232,0.411232,-3.30374,-0.0942817,2.42769,0.503272,0.27934,-0.808875,-0.0859319
0,-0.593516,0.593516,-0.411232,0.411232,-3.30096,-0.0970242,2.43271,0.502602,0.27944,-0.809172,-0.0858313
0,-0.593516,0.593516,-0.411232,0.411232,-3.29818,-0.0997666,2.43773,0.501931,0.27954,-0.809471,-0.0857305
0,-0.593516,0.593516,-0.411232,0.411232,-3.2954,-0.102509,2.44275,0.501259,0.279641,-0.809772,-0.0856297
0,-0.593516,0.593516,-0.411232,0.411232,-3.29263,-0.105251,2.44777,0.500586,0.279743,-0.810076,-0.0855286
0,-0.593516,0.593516,-0.411232,0.411232,-3.28985,-0.107994,2.4528,0.497292,0.281302,-0.814652,-0.085065
0,-0.593516,0.593516,-0.411232,0.411232,-3.28707,-0.110736,2.45782,0.496578,0.28143,-0.815032,-0.0849584
0,-0.593516,0.593516,-0.411232,0.411232,-3.2843,-0.113479,2.46284,0.495865,0.281558,-0.815412,-0.084852
0,-0.593516,0.593516,-0.411232,0.411232,-3.28152,-0.116221,2.46786,0.495153,0.281686,-0.815791,-0.0847457
0,-0.593516,0.593516,-0.411232,0.411232,-3.27874,-0.118964,2.47288,0.494442,0.281814,-0.816171,-0.0846394
0,-0.593516,0.593516,-0.411232,0.411232,-3.27596,-0.121706,2.4779,0.493731,0.281941,-0.81655,-0.0845333
0,-0.593516,0.593516,-0.411232,0.411232,-3.27319,-0.124448,2.48293,0.493021,0.282069,-0.816929,-0.0844273
0,-0.593516,0.593516,-0.411232,0.411232,-3.27041,-0.127191,2.48795,0.492312,0.282197,-0.817308,-0.0843215
0,-0.593516,0.593516,-0.411232,0.411232,-3.26763,-0.129933,2.49297,0.491604,0.282324,-0.817687,-0.0842157
0,-0.593516,0.593516,-0.411232,0.411232,-3.26485,-0.132676,2.49799,0.490896,0.282452,-0.818065,-0.0841101
0,-0.593516,0.593516,-0.411232,0.411232,-3.26208,-0.135418,2.50301,0.490189,0.282579,-0.818444,-0.0840045
0,-0.593516,0.593516,-0.411232,0.411232,-3.2593,-0.13816,2.50803,0.489483,0.282706,-0.818822,-0.0838991
0,-0.593516,0.593516,-0.411232,0.411232,-3.25652,-0.140903,2.51305,0.488778,0.282834,-0.8192,-0.0837938
0,-0.593516,0.593516,-0.411232,0.411232,-3.25375,-0.143645,2.51808,0.488073,0.282961,-0.819578,-0.0836886
0,-0.593516,0.593516,-0.411232,0.411232,-3.25097,-0.146388,2.5231,0.487369,0.283088,-0.819956,-0.0835836
0,-0.593516,0.593516,-0.411232,0.411232,-3.24819,-0.14913,2.52812,0.486666,0.283215,-0.820333,-0.0834786
0,-0.593516,0.593516,-0.411232,0.411232,-3.24541,-0.151873,2.53314,0.485964,0.283342,-0.82071,-0.0833738
0,-0.593516,0.593516,-0.411232,0.411232,-3.24264,-0.154615,2.53816,0.485262,0.283469,-0.821088,-0.0832691
0,-0.593516,0.593516,-0.411232,0.411232,-3.23986,-0.157357,2.54318,0.484561,0.283596,-0.821465,-0.0831644
0,-0.593516,0.593516,-0.411232,0.411232,-3.23708,-0.1601,2.54821,0.483861,0.283723,-0.821841,-0.0830599
0,-0.593516,0.593516,-0.411232,0.411232,-3.2343,-0.162842,2.55323,0.483162,0.28385,-0.822218,-0.0829556
0,-0.593516,0.593516,-0.411232,0.411232,-3.23153,-0.165585,2.55825,0.482463,0.283977,-0.822595,-0.0828513
0,-0.593516,0.593516,-0.411232,0.411232,-3.22875,-0.168327,2.56327,0.481765,0.284104,-0.822971,-0.0827471
0,-0.593516,0.593516,-0.411232,0.411232,-3.22597,-0.171069,2.56829,0.481068,0.28423,-0.823347,-0.0826431
0,-0.593516,0.593516,-0.411232,0.411232,-3.2232,-0.173812,2.57331,0.480372,0.284357,-0.823723,-0.0825391
0,-0.593516,0.593516,-0.411232,0.411232,-3.22042,-0.176554,2.57834,0.479676,0.284483,-0.824099,-0.0824353
0,-0.593516,0.593516,-0.411232,0.411232,-3.21764,-0.179297,2.58336,0.478981,0.28461,-0.824474,-0.0823316
0,-0.593516,0.593516,-0.411232,0.411232,-3.21486,-0.182039,2.58838,0.478287,0.284736,-0.82485,-0.082228
0,-0.593516,0.593516,-0.411232,0.411232,-3.21209,-0.184782,2.5934,0.477593,0.284863,-0.825225,-0.0821245
0,-0.593516,0.593516,-0.411232,0.411232,-3.20931,-0.187524,2.59842,0.476901,0.284989,-0.8256,-0.0820212
0,-0.593516,0.593516,-0.411232,0.411232,-3.20653,-0.190266,2.60344,0.476209,0.285116,-0.825975,-0.0819179
0,-0.593516,0.593516,-0.411232,0.411232,-3.20375,-0.193009,2.60847,0.475517,0.285242,-0.82635,-0.0818147
0,-0.593516,0.593516,-0.411232,0.411232,-3.20098,-0.195751,2.61349,0.474827,0.285368,-0.826725,-0.0817117
0,-0.593516,0.593516,-0.411232,0.411232,-3.1982,-0.198494,2.61851,0.474137,0.285494,-0.827099,-0.0816088
0,-0.593516,0.593516,-0.411232,0.411232,-3.19542,-0.201236,2.62353,0.473448,0.28562,-0.827473,-0.0815059
0,-0.593516,0.593516,-0.411232,0.411232,-3.19265,-0.203978,2.62855,0.472759,0.285746,-0.827847,-0.0814032
0,-0.593516,0.593516,-0.411232,0.411232,-3.18987,-0.206721,2.63357,0.472072,0.285872,-0.828221,-0.0813006
0,-0.593516,0.593516,-0.411232,0.411232,-3.18709,-0.209463,2.6386,0.471385,0.285998,-0.828595,-0.0811981
0,-0.593516,0.593516,-0.411232,0.411232,-3.18431,-0.212206,2.64362,0.470698,0.286124,-0.828969,-0.0810957
0,-0.593516,0.593516,-0.411232,0.411232,-3.18154,-0.214948,2.64864,0.470013,0.28625,-0.829342,-0.0809935
0,-0.593516,0.593516,-0.411232,0.411232,-3.17876,-0.217691,2.65366,0.469328,0.286375,-0.829715,-0.0808913
0,-0.593516,0.593516,-0.411232,0.411232,-3.17598,-0.220433,2.65868,0.468644,0.286501,-0.830088,-0.0807892
0,-0.593516,0.593516,-0.411232,0.411232,-3.1732,-0.223175,2.6637,0.467961,0.286627,-0.830461,-0.0806873
0,-0.593516,0.593516,-0.411232,0.411232,-3.17043,-0.225918,2.66873,0.467278,0.286752,-0.830834,-0.0805854
0,-0.593516,0.593516,-0.411232,0.411232,-3.16765,-0.22866,2.67375,0.466596,0.286878,-0.831207,-0.0804837
0,-0.593516,0.593516,-0.411232,0.411232,-3.16487,-0.231403,2.67877,0.465915,0.287003,-0.831579,-0.080382
0,-0.593516,0.593516,-0.411232,0.411232,-3.1621,-0.234145,2.68379,0.465234,0.287129,-0.831951,-0.0802805
0,-0.593516,0.593516,-0.411232,0.411232,-3.15932,-0.236888,2.68881,0.464554,0.287254,-0.832323,-0.0801791
0,-0.593516,0.593516,-0.411232,0.411232,-3.15654,-0.23963,2.69383,0.463875,0.287379,-0.832695,-0.0800778
0,-0.593516,0.593516,-0.411232,0.411232,-3.15376,-0.242372,2.69885,0.463196,0.287505,-0.833067,-0.0799766
0,-0.593516,0.593516,-0.411232,0.411232,-3.15099,-0.245115,2.70388,0.462519,0.28763,-0.833439,-0.0798755
0,-0.593516,0.593516,-0.411232,0.411232,-3.14821,-0.247857,2.7089,0.461842,0.287755,-0.83381,-0.0797745
0,-0.593516,0.593516,-0.411232,0.411232,-3.14543,-0.2506,2.71392,0.461165,0.28788,-0.834181,-0.0796736
0,-0.593516,0.593516,-0.411232,0.411232,-3.14265,-0.253342,2.71894,0.460489,0.288005,-0.834552,-0.0795728
0,-0.593516,0.593516,-0.411232,0.411232,-3.13988,-0.256084,2.72396,0.459814,0.28813,-0.834923,-0.0794722
0,-0.593516,0.593516,-0.411232,0.411232,-3.1371,-0.258827,2.72898,0.45914,0.288255,-0.835294,-0.0793716
0,-0.593516,0.593516,-0.411232,0.411232,-3.13432,-0.261569,2.73401,0.458466,0.28838,-0.835665,-0.0792711
0,-0.593516,0.593516,-0.411232,0.411232,-3.13154,-0.264312,2.73903,0.457794,0.288505,-0.836035,-0.0791708
0,-0.593516,0.593516,-0.411232,0.411232,-3.12877,-0.267054,2.74405,0.457121,0.288629,-0.836405,-0.0790705
0,-0.593516,0.593516,-0.411232,0.411232,-3.12599,-0.269797,2.74907,0.45645,0.288754,-0.836775,-0.0789704
0,-0.593516,0.593516,-0.411232,0.411232,-3.12321,-0.272539,2.75409,0.455779,0.288879,-0.837145,-0.0788703
0,-0.593516,0.593516,-0.411232,0.411232,-3.12044,-0.275281,2.75911,0.455108,0.289003,-0.837515,-0.0787704
0,-0.593516,0.593516,-0.411232,0.411232,-3.11766,-0.278024,2.76414,0.454439,0.289128,-0.837885,-0.0786705
0,-0.593516,0.593516,-0.411232,0.411232,-3.11488,-0.280766,2.76916,0.45377,0.289252,-0.838254,-0.0785708
0,-0.593516,0.593516,-0.411232,0.411232,-3.1121,-0.283509,2.77418,0.453102,0.289377,-0.838623,-0.0784711
0,-0.593516,0.593516,-0.411232,0.411232,-3.10933,-0.286251,2.7792,0.452434,0.289501,-0.838992,-0.0783716
0,-0.593516,0.593516,-0.411232,0.411232,-3.10655,-0.288993,2.78422,0.451768,0.289625,-0.839361,-0.0782722
0,-0.593516,0.593516,-0.411232,0.411232,-3.10377,-0.291736,2.78924,0.451101,0.28975,-0.83973,-0.0781729
0,-0.593516,0.593516,-0.411232,0.411232,-3.10099,-0.294478,2.79427,0.450436,0.289874,-0.840099,-0.0780736
0,-0.593516,0.593516,-0.411232,0.411232,-3.09822,-0.297221,2.79929,0.449771,0.289998,-0.840467,-0.0779745
0,-0.593516,0.593516,-0.411232,0.411232,-3.09544,-0.299963,2.80431,0.449107,0.290122,-0.840836,-0.0778755
0,-0.593516,0.593516,-0.411232,0.411232,-3.09266,-0.302706,2.80933,0.448444,0.290246,-0.841204,-0.0777766
0,-0.593516,0.593516,-0.411232,0.411232,-3.08989,-0.305448,2.81435,0.447781,0.29037,-0.841572,-0.0776777
0,-0.593516,0.593516,-0.411232,0.411232,-3.08711,-0.30819,2.81937,0.447119,0.290494,-0.84194,-0.077579
0,-0.593516,0.593516,-0.411232,0.411232,-3.08433,-0.310933,2.8244,0.446457,0.290618,-0.842307,-0.0774804
0,-0.593516,0.593516,-0.411232,0.411232,-3.08155,-0.313675,2.82942,0.445796,0.290742,-0.842675,-0.0773819
0,-0.593516,0.593516,-0.411232,0.411232,-3.07878,-0.316418,2.83444,0.445136,0.290866,-0.843042,-0.0772835
0,-0.593516,0.593516,-0.411232,0.411232,-3.076,-0.31916,2.83946,0.444477,0.290989,-0.843409,-0.0771852
0,-0.593516,0.593516,-0.411232,0.411232,-3.07322,-0.321903,2.84448,0.443818,0.291113,-0.843776,-0.077087
0,-0.593516,0.593516,-0.411232,0.411232,-3.07044,-0.324645,2.8495,0.44316,0.291237,-0.844143,-0.0769888
0,-0.593516,0.593516,-0.411232,0.411232,-3.06767,-0.327387,2.85453,0.442502,0.29136,-0.84451,-0.0768908
0,-0.593516,0.593516,-0.411232,0.411232,-3.06489,-0.33013,2.85955,0.441845,0.291484,-0.844876,-0.0767929
0,-0.593516,0.593516,-0.411232,0.411232,-3.06211,-0.332872,2.86457,0.441189,0.291607,-0.845243,-0.0766951
0,-0.593516,0.593516,-0.411232,0.411232,-3.06211,-0.332872,2.86457,0.441189,0.291607,-0.845243,-0.0766951
0,-0.593516,0.593516,-0.411232,0.411232,-3.05719,-0.334511,2.86784,0.440528,0.291779,-0.845499,-0.0765327
0,-0.593516,0.593516,-0.411232,0.411232,-3.05226,-0.336149,2.8711,0.439868,0.291952,-0.845755,-0.0763704
0,-0.593516,0.593516,-0.411232,0.411232,-3.04734,-0.337787,2.87437,0.439208,0.292124,-0.846011,-0.0762082
0,-0.593516,0.593516,-0.411232,0.411232,-3.04241,-0.339426,2.87764,0.438549,0.292295,-0.846267,-0.0760461
0,-0.593516,0.593516,-0.411232,0.411232,-3.03748,-0.341064,2.88091,0.43789,0.292467,-0.846522,-0.0758841
0,-0.593516,0.593516,-0.411232,0.411232,-3.03256,-0.342703,2.88418,0.437231,0.292639,-0.846778,-0.0757222
0,-0.593516,0.593516,-0.411232,0.411232,-3.02763,-0.344341,2.88745,0.436573,0.292811,-0.847034,-0.0755604
0,-0.593516,0.593516,-0.411232,0.411232,-3.02271,-0.345979,2.89071,0.435916,0.292982,-0.847289,-0.0753987
0,-0.593516,0.593516,-0.411232,0.411232,-3.01778,-0.347618,2.89398,0.435258,0.293154,-0.847545,-0.0752371
0,-0.593516,0.593516,-0.411232,0.411232,-3.01286,-0.349256,2.89725,0.434602,0.293325,-0.8478,-0.0750757
0,-0.593516,0.593516,-0.411232,0.411232,-3.00793,-0.350895,2.90052,0.433945,0.293497,-0.848056,-0.0749143
0,-0.593516,0.593516,-0.411232,0.411232,-3.00301,-0.352533,2.90379,0.433289,0.293668,-0.848311,-0.074753
0,-0.593516,0.593516,-0.411232,0.411232,-2.99808,-0.354171,2.90705,0.432634,0.293839,-0.848566,-0.0745919
0,-0.593516,0.593516,-0.411232,0.411232,-2.99315,-0.35581,2.91032,0.431979,0.29401,-0.848821,-0.0744308
0,-0.593516,0.593516,-0.411232,0.411232,-2.98823,-0.357448,2.91359,0.431324,0.294181,-0.849076,-0.0742699
0,-0.593516,0.593516,-0.411232,0.411232,-2.9833,-0.359087,2.91686,0.43067,0.294352,-0.849331,-0.074109
0,-0.593516,0.593516,-0.411232,0.411232,-2.97838,-0.360725,2.92013,0.430016,0.294523,-0.849586,-0.0739483
0,-0.593516,0.593516,-0.411232,0.411232,-2.97345,-0.362363,2.92339,0.429363,0.294694,-0.849841,-0.0737876
0,-0.593516,0.593516,-0.411232,0.411232,-2.96853,-0.364002,2.92666,0.42871,0.294865,-0.850096,-0.0736271
0,-0.593516,0.593516,-0.411232,0.411232,-2.9636,-0.36564,2.92993,0.428058,0.295035,-0.85035,-0.0734667
0,-0.593516,0.593516,-0.411232,0.411232,-2.95867,-0.367279,2.9332,0.427406,0.295206,-0.850605,-0.0733063
0,-0.593516,0.593516,-0.411232,0.411232,-2.95375,-0.368917,2.93647,0.426754,0.295377,-0.850859,-0.0731461
0,-0.593516,0.593516,-0.411232,0.411232,-2.94882,-0.370555,2.93973,0.426103,0.295547,-0.851114,-0.072986
0,-0.593516,0.593516,-0.411232,0.411232,-2.9439,-0.372194,2.943,0.425452,0.295717,-0.851368,-0.0728259
0,-0.593516,0.593516,-0.411232,0.411232,-2.93897,-0.373832,2.94627,0.424802,0.295888,-0.851622,-0.072666
0,-0.593516,0.593516,-0.411232,0.411232,-2.93405,-0.375471,2.94954,0.424152,0.296058,-0.851876,-0.0725062
0,-0.593516,0.593516,-0.411232,0.411232,-2.92912,-0.377109,2.95281,0.423503,0.296228,-0.85213,-0.0723465
0,-0.593516,0.593516,-0.411232,0.411232,-2.9242,-0.378747,2.95608,0.422854,0.296398,-0.852385,-0.0721868
0,-0.593516,0.593516,-0.411232,0.411232,-2.91927,-0.380386,2.95934,0.422205,0.296568,-0.852638,-0.0720273
0,-0.593516,0.593516,-0.411232,0.411232,-2.91434,-0.382024,2.96261,0.421557,0.296738,-0.852892,-0.0718679
0,-0.593516,0.593516,-0.411232,0.411232,-2.90942,-0.383663,2.96588,0.420909,0.296908,-0.853146,-0.0717086
0,-0.593516,0.593516,-0.411232,0.411232,-2.90449,-0.385301,2.96915,0.420262,0.297078,-0.8534,-0.0715494
0,-0.593516,0.593516,-0.411232,0.411232,-2.89957,-0.386939,2.97242,0.419615,0.297247,-0.853654,-0.0713902
0,-0.593516,0.593516,-0.411232,0.411232,-2.89464,-0.388578,2.97568,0.418968,0.297417,-0.853907,-0.0712312
0,-0.593516,0.593516,-0.411232,0.411232,-2.88972,-0.390216,2.97895,0.418322,0.297587,-0.854161,-0.0710723
0,-0.593516,0.593516,-0.411232,0.411232,-2.88479,-0.391854,2.98222,0.417677,0.297756,-0.854414,-0.0709135
0,-0.593516,0.593516,-0.411232,0.411232,-2.87986,-0.393493,2.98549,0.417032,0.297925,-0.854667,-0.0707548
0,-0.593516,0.593516,-0.411232,0.411232,-2.87494,-0.395131,2.98876,0.416387,0.298095,-0.854921,-0.0705962
0,-0.593516,0.593516,-0.411232,0.411232,-2.87001,-0.39677,2.99202,0.415742,0.298264,-0.855174,-0.0704377
0,-0.593516,0.593516,-0.411232,0.411232,-2.86509,-0.398408,2.99529,0.415098,0.298433,-0.855427,-0.0702793
0,-0.593516,0.593516,-0.411232,0.411232,-2.86016,-0.400046,2.99856,0.414455,0.298602,-0.85568,-0.070121
0,-0.593516,0.593516,-0.411232,0.411232,-2.85524,-0.401685,3.00183,0.413812,0.298771,-0.855933,-0.0699627
0,-0.593516,0.593516,-0.411232,0.411232,-2.85031,-0.403323,3.0051,0.413169,0.29894,-0.856186,-0.0698046
0,-0.593516,0.593516,-0.411232,0.411232,-2.84538,-0.404962,3.00837,0.412527,0.299109,-0.856439,-0.0696466
0,-0.593516,0.593516,-0.411232,0.411232,-2.84046,-0.4066,3.01163,0.411885,0.299278,-0.856691,-0.0694887
0,-0.593516,0.593516,-0.411232,0.411232,-2.83553,-0.408238,3.0149,0.411243,0.299447,-0.856944,-0.0693309
0,-0.593516,0.593516,-0.411232,0.411232,-2.83061,-0.409877,3.01817,0.410602,0.299615,-0.857197,-0.0691732
0,-0.593516,0.593516,-0.411232,0.411232,-2.82568,-0.411515,3.02144,0.409962,0.299784,-0.857449,-0.0690155
0,-0.593516,0.593516,-0.411232,0.411232,-2.82076,-0.413154,3.02471,0.409321,0.299952,-0.857702,-0.068858
0,-0.593516,0.593516,-0.411232,0.411232,-2.81583,-0.414792,3.02797,0.408682,0.300121,-0.857954,-0.0687006
0,-0.593516,0.593516,-0.411232,0.411232,-2.81091,-0.41643,3.03124,0.408042,0.300289,-0.858207,-0.0685433
0,-0.593516,0.593516,-0.411232,0.411232,-2.80598,-0.418069,3.03451,0.407403,0.300458,-0.858459,-0.0683861
0,-0.593516,0.593516,-0.411232,0.411232,-2.80105,-0.419707,3.03778,0.406765,0.300626,-0.858711,-0.0682289
0,-0.593516,0.593516,-0.411232,0.411232,-2.79613,-0.421346,3.04105,0.406126,0.300794,-0.858963,-0.0680719
0,-0.593516,0.593516,-0.411232,0.411232,-2.7912,-0.422984,3.04431,0.405489,0.300962,-0.859215,-0.067915
0,-0.593516,0.593516,-0.411232,0.411232,-2.78628,-0.424622,3.04758,0.404851,0.30113,-0.859467,-0.0677582
0,-0.593516,0.593516,-0.411232,0.411232,-2.78135,-0.426261,3.05085,0.404214,0.301298,-0.859719,-0.0676014
0,-0.593516,0.593516,-0.411232,0.411232,-2.77643,-0.427899,3.05412,0.403578,0.301466,-0.859971,-0.0674448
0,-0.593516,0.593516,-0.411232,0.411232,-2.7715,-0.429538,3.05739,0.402941,0.301634,-0.860222,-0.0672882
0,-0.593516,0.593516,-0.411232,0.411232,-2.76657,-0.431176,3.06065,0.402306,0.301801,-0.860474,-0.0671318
0,-0.593516,0.593516,-0.411232,0.411232,-2.76165,-0.432814,3.06392,0.40167,0.301969,-0.860725,-0.0669755
0,-0.593516,0.593516,-0.411232,0.411232,-2.75672,-0.434453,3.06719,0.401036,0.302137,-0.860977,-0.0668192
0,-0.593516,0.593516,-0.411232,0.411232,-2.7518,-0.436091,3.07046,0.400401,0.302304,-0.861228,-0.0666631
0,-0.593516,0.593516,-0.411232,0.411232,-2.74687,-0.43773,3.07373,0.399767,0.302471,-0.86148,-0.066507
0,-0.593516,0.593516,-0.411232,0.411232,-2.74195,-0.439368,3.077,0.399133,0.302639,-0.861731,-0.0663511
0,-0.593516,0.593516,-0.411232,0.411232,-2.73702,-0.441006,3.08026,0.3985,0.302806,-0.861982,-0.0661952
0,-0.593516,0.593516,-0.411232,0.411232,-2.7321,-0.442645,3.08353,0.397867,0.302973,-0.862233,-0.0660394
0,-0.593516,0.593516,-0.411232,0.411232,-2.72717,-0.444283,3.0868,0.397234,0.30314,-0.862484,-0.0658838
0,-0.593516,0.593516,-0.411232,0.411232,-2.72224,-0.445922,3.09007,0.396602,0.303308,-0.862735,-0.0657282
0,-0.593516,0.593516,-0.411232,0.411232,-2.71732,-0.44756,3.09334,0.395971,0.303475,-0.862986,-0.0655727
0,-0.593516,0.593516,-0.411232,0.411232,-2.71239,-0.449198,3.0966,0.395339,0.303641,-0.863237,-0.0654173
0,-0.593516,0.593516,-0.411232,0.411232,-2.70747,-0.450837,3.09987,0.394708,0.303808,-0.863488,-0.0652621
0,-0.593516,0.593516,-0.411232,0.411232,-2.70254,-0.452475,3.10314,0.394078,0.303975,-0.863739,-0.0651069
0,-0.593516,0.593516,-0.411232,0.411232,-2.69762,-0.454114,3.10641,0.393448,0.304142,-0.863989,-0.0649518
0,-0.593516,0.593516,-0.411232,0.411232,-2.69269,-0.455752,3.10968,0.392818,0.304308,-0.86424,-0.0647968
0,-0.593516,0.593516,-0.411232,0.411232,-2.68776,-0.45739,3.11294,0.392189,0.304475,-0.86449,-0.0646419
0,-0.593516,0.593516,-0.411232,0.411232,-2.68284,-0.459029,3.11621,0.39156,0.304642,-0.864741,-0.0644871
0,-0.593516,0.593516,-0.411232,0.411232,-2.67791,-0.460667,3.11948,0.390931,0.304808,-0.864991,-0.0643324
0,-0.593516,0.593516,-0.411232,0.411232,-2.67299,-0.462306,3.12275,0.390303,0.304974,-0.865241,-0.0641778
0,-0.593516,0.593516,-0.411232,0.411232,-2.66806,-0.463944,3.12602,0.389676,0.305141,-0.865491,-0.0640232
0,-0.593516,0.593516,-0.411232,0.411232,-2.66314,-0.465582,3.12929,0.389048,0.305307,-0.865741,-0.0638688
0,-0.593516,0.593516,-0.411232,0.411232,-2.65821,-0.467221,3.13255,0.388421,0.305473,-0.865992,-0.0637145
0,-0.593516,0.593516,-0.411232,0.411232,-2.65328,-0.468859,3.13582,0.387795,0.305639,-0.866242,-0.0635602
0,-0.593516,0.593516,-0.411232,0.411232,-2.64836,-0.470498,3.13909,0.387169,0.305805,-0.866491,-0.0634061
0,-0.593516,0.593516,-0.411232,0.411232,-2.64343,-0.472136,3.14236,0.386543,0.305971,-0.866741,-0.0632521
0,-0.593516,0.593516,-0.411232,0.411232,-2.63851,-0.473774,3.14563,0.385918,0.306137,-0.866991,-0.0630981
0,-0.593516,0.593516,-0.411232,0.411232,-2.63358,-0.475413,3.14889,0.385293,0.306303,-0.867241,-0.0629442
0,-0.593516,0.593516,-0.411232,0.411232,-2.62866,-0.477051,3.15216,0.384668,0.306468,-0.86749,-0.0627905
0,-0.593516,0.593516,-0.411232,0.411232,-2.62373,-0.47869,3.15543,0.384044,0.306634,-0.86774,-0.0626368
0,-0.593516,0.593516,-0.411232,0.411232,-2.61881,-0.480328,3.1587,0.38342,0.3068,-0.867989,-0.0624832
0,-0.593516,0.593516,-0.411232,0.411232,-2.61388,-0.481966,3.16197,0.382797,0.306965,-0.868239,-0.0623297
0,-0.593516,0.593516,-0.411232,0.411232,-2.60895,-0.483605,3.16523,0.382174,0.307131,-0.868488,-0.0621763
0,-0.593516,0.593516,-0.411232,0.411232,-2.60403,-0.485243,3.1685,0.381551,0.307296,-0.868737,-0.062023
0,-0.593516,0.593516,-0.411232,0.411232,-2.5991,-0.486882,3.17177,0.380929,0.307461,-0.868986,-0.0618698
0,-0.593516,0.593516,-0.411232,0.411232,-2.59418,-0.48852,3.17504,0.380307,0.307626,-0.869236,-0.0617167
0,-0.593516,0.593516,-0.411232,0.411232,-2.58925,-0.490158,3.17831,0.379686,0.307792,-0.869485,-0.0615637
0,-0.593516,0.593516,-0.411232,0.411232,-2.58433,-0.491797,3.18158,0.379065,0.307957,-0.869734,-0.0614108
0,-0.593516,0.593516,-0.411232,0.411232,-2.5794,-0.493435,3.18484,0.378444,0.308122,-0.869982,-0.0612579
0,-0.593516,0.593516,-0.411232,0.411232,-2.57447,-0.495074,3.18811,0.377824,0.308287,-0.870231,-0.0611052
0,-0.593516,0.593516,-0.411232,0.411232,-2.56955,-0.496712,3.19138,0.377204,0.308452,-0.87048,-0.0609525
0,-0.593516,0.593516,-0.411232,0.411232,-2.56462,-0.49835,3.19465,0.376584,0.308616,-0.870729,-0.0608
0,-0.593516,0.593516,-0.411232,0.411232,-2.5597,-0.499989,3.19792,0.375965,0.308781,-0.870977,-0.0606475
0,-0.593516,0.593516,-0.411232,0.411232,-2.55477,-0.501627,3.20118,0.375346,0.308946,-0.871226,-0.0604951
0,-0.593516,0.593516,-0.411232,0.411232,-2.54985,-0.503266,3.20445,0.374728,0.30911,-0.871474,-0.0603429
0,-0.593516,0.593516,-0.411232,0.411232,-2.54492,-0.504904,3.20772,0.37411,0.309275,-0.871723,-0.0601907
0,-0.593516,0.593516,-0.411232,0.411232,-2.54,-0.506542,3.21099,0.373492,0.309439,-0.871971,-0.0600386
0,-0.593516,0.593516,-0.411232,0.411232,-2.53507,-0.508181,3.21426,0.372875,0.309604,-0.872219,-0.0598866
0,-0.593516,0.593516,-0.411232,0.411232,-2.53014,-0.509819,3.21752,0.372258,0.309768,-0.872467,-0.0597346
0,-0.593516,0.593516,-0.411232,0.411232,-2.52522,-0.511458,3.22079,0.371642,0.309933,-0.872716,-0.0595828
0,-0.593516,0.593516,-0.411232,0.411232,-2.52029,-0.513096,3.22406,0.371026,0.310097,-0.872964,-0.0594311
0,-0.593516,0.593516,-0.411232,0.411232,-2.51537,-0.514734,3.22733,0.37041,0.310261,-0.873212,-0.0592794
0,-0.593516,0.593516,-0.411232,0.411232,-2.51044,-0.516373,3.2306,0.369795,0.310425,-0.873459,-0.0591279
0,-0.593516,0.593516,-0.411232,0.411232,-2.50552,-0.518011,3.23386,0.36918,0.310589,-0.873707,-0.0589764
0,-0.593516,0.593516,-0.411232,0.411232,-2.50059,-0.51965,3.23713,0.368565,0.310753,-0.873955,-0.058825
0,-0.593516,0.593516,-0.411232,0.411232,-2.49566,-0.521288,3.2404,0.367951,0.310917,-0.874203,-0.0586738
0,-0.593516,0.593516,-0.411232,0.411232,-2.49074,-0.522926,3.24367,0.367337,0.311081,-0.87445,-0.0585226
0,-0.593516,0.593516,-0.411232,0.411232,-2.48581,-0.524565,3.24694,0.366724,0.311244,-0.874698,-0.0583715
0,-0.593516,0.593516,-0.411232,0.411232,-2.48089,-0.526203,3.25021,0.366111,0.311408,-0.874945,-0.0582205
0,-0.593516,0.593516,-0.411232,0.411232,-2.47596,-0.527842,3.25347,0.365498,0.311571,-0.875193,-0.0580695
0,-0.593516,0.593516,-0.411232,0.411232,-2.47596,-0.527842,3.25347,0.365498,0.311571,-0.875193,-0.0580695
0,-0.593516,0.593516,-0.411232,0.411232,-2.4699,-0.529223,3.25613,0.364644,0.311751,-0.875436,-0.0579117
0,-0.593516,0.593516,-0.411232,0.411232,-2.46385,-0.530605,3.25878,0.36379,0.31193,-0.875678,-0.0577541
0,-0.593516,0.593516,-0.411232,0.411232,-2.45779,-0.531987,3.26144,0.362936,0.312109,-0.875921,-0.0575964
0,-0.593516,0.593516,-0.411232,0.411232,-2.45173,-0.533368,3.2641,0.362083,0.312287,-0.876164,-0.0574389
0,-0.593516,0.593516,-0.411232,0.411232,-2.44568,-0.53475,3.26675,0.361231,0.312466,-0.876406,-0.0572815
0,-0.593516,0.593516,-0.411232,0.411232,-2.43962,-0.536132,3.26941,0.360379,0.312645,-0.876649,-0.0571242
0,-0.593516,0.593516,-0.411232,0.411232,-2.43356,-0.537514,3.27206,0.359528,0.312824,-0.876891,-0.0569669
0,-0.593516,0.593516,-0.411232,0.411232,-2.4275,-0.538895,3.27472,0.358677,0.313002,-0.877133,-0.0568098
0,-0.593516,0.593516,-0.411232,0.411232,-2.42145,-0.540277,3.27737,0.357826,0.313181,-0.877376,-0.0566527
0,-0.593516,0.593516,-0.411232,0.411232,-2.41539,-0.541659,3.28003,0.356976,0.313359,-0.877618,-0.0564957
0,-0.593516,0.593516,-0.411232,0.411232,-2.40933,-0.543041,3.28268,0.356127,0.313537,-0.87786,-0.0563389
0,-0.593516,0.593516,-0.411232,0.411232,-2.40327,-0.544422,3.28534,0.355278,0.313716,-0.878102,-0.0561821
0,-0.593516,0.593516,-0.411232,0.411232,-2.39722,-0.545804,3.28799,0.35443,0.313894,-0.878344,-0.0560254
0,-0.593516,0.593516,-0.411232,0.411232,-2.39116,-0.547186,3.29065,0.353582,0.314072,-0.878586,-0.0558688
0,-0.593516,0.593516,-0.411232,0.411232,-2.3851,-0.548568,3.29331,0.352734,0.31425,-0.878828,-0.0557123
0,-0.593516,0.593516,-0.411232,0.411232,-2.37905,-0.549949,3.29596,0.351887,0.314428,-0.87907,-0.0555558
0,-0.593516,0.593516,-0.411232,0.411232,-2.37299,-0.551331,3.29862,0.351041,0.314606,-0.879312,-0.0553995
0,-0.593516,0.593516,-0.411232,0.411232,-2.36693,-0.552713,3.30127,0.350195,0.314784,-0.879553,-0.0552432
0,-0.593516,0.593516,-0.411232,0.411232,-2.36087,-0.554095,3.30393,0.349349,0.314962,-0.879795,-0.0550871
0,-0.593516,0.593516,-0.411232,0.411232,-2.35482,-0.555476,3.30658,0.348505,0.315139,-0.880036,-0.054931
0,-0.593516,0.593516,-0.411232,0.411232,-2.34876,-0.556858,3.30924,0.34766,0.315317,-0.880278,-0.0547751
0,-0.593516,0.593516,-0.411232,0.411232,-2.3427,-0.55824,3.31189,0.346816,0.315494,-0.880519,-0.0546192
0,-0.593516,0.593516,-0.411232,0.411232,-2.33664,-0.559622,3.31455,0.345972,0.315672,-0.880761,-0.0544634
0,-0.593516,0.593516,-0.411232,0.411232,-2.33059,-0.561003,3.31721,0.34513,0.315849,-0.881002,-0.0543077
0,-0.593516,0.593516,-0.411232,0.411232,-2.32453,-0.562385,3.31986,0.344287,0.316026,-0.881243,-0.0541521
0,-0.593516,0.593516,-0.411232,0.411232,-2.31847,-0.563767,3.32252,0.343445,0.316204,-0.881484,-0.0539965
0,-0.593516,0.593516,-0.411232,0.411232,-2.31242,-0.565149,3.32517,0.342603,0.316381,-0.881725,-0.0538411
0,-0.593516,0.593516,-0.411232,0.411232,-2.30636,-0.56653,3.32783,0.341762,0.316558,-0.881966,-0.0536857
0,-0.593516,0.593516,-0.411232,0.411232,-2.3003,-0.567912,3.33048,0.340922,0.316735,-0.882207,-0.0535305
0,-0.593516,0.593516,-0.411232,0.411232,-2.29424,-0.569294,3.33314,0.340082,0.316912,-0.882448,-0.0533753
0,-0.593516,0.593516,-0.411232,0.411232,-2.28819,-0.570676,3.33579,0.339242,0.317089,-0.882689,-0.0532202
0,-0.593516,0.593516,-0.411232,0.411232,-2.28213,-0.572057,3.33845,0.338403,0.317266,-0.88293,-0.0530652
0,-0.593516,0.593516,-0.411232,0.411232,-2.27607,-0.573439,3.3411,0.337564,0.317442,-0.88317,-0.0529103
0,-0.593516,0.593516,-0.411232,0.411232,-2.27001,-0.574821,3.34376,0.336726,0.317619,-0.883411,-0.0527555
0,-0.593516,0.593516,-0.411232,0.411232,-2.26396,-0.576203,3.34642,0.335888,0.317796,-0.883652,-0.0526008
0,-0.593516,0.593516,-0.411232,0.411232,-2.2579,-0.577584,3.34907,0.335051,0.317972,-0.883892,-0.0524461
0,-0.593516,0.593516,-0.411232,0.411232,-2.25184,-0.578966,3.35173,0.334214,0.318148,-0.884133,-0.0522916
0,-0.593516,0.593516,-0.411232,0.411232,-2.24579,-0.580348,3.35438,0.333378,0.318325,-0.884373,-0.0521371
0,-0.593516,0.593516,-0.411232,0.411232,-2.23973,-0.58173,3.35704,0.332542,0.318501,-0.884613,-0.0519827
0,-0.593516,0.593516,-0.411232,0.411232,-2.23367,-0.583111,3.35969,0.331707,0.318677,-0.884853,-0.0518284
0,-0.593516,0.593516,-0.411232,0.411232,-2.22761,-0.584493,3.36235,0.330872,0.318853,-0.885094,-0.0516742
0,-0.593516,0.593516,-0.411232,0.411232,-2.22156,-0.585875,3.365,0.330038,0.31903,-0.885334,-0.0515201
0,-0.593516,0.593516,-0.411232,0.411232,-2.2155,-0.587257,3.36766,0.329204,0.319206,-0.885574,-0.0513661
0,-0.593516,0.593516,-0.411232,0.411232,-2.20944,-0.588638,3.37032,0.328371,0.319381,-0.885814,-0.0512122
0,-0.593516,0.593516,-0.411232,0.411232,-2.20339,-0.59002,3.37297,0.327538,0.319557,-0.886054,-0.0510583
0,-0.593516,0.593516,-0.411232,0.411232,-2.19733,-0.591402,3.37563,0.326705,0.319733,-0.886293,-0.0509045
0,-0.593516,0.593516,-0.411232,0.411232,-2.19127,-0.592784,3.37828,0.325873,0.319909,-0.886533,-0.0507509
0,-0.593516,0.593516,-0.411232,0.411232,-2.18521,-0.594165,3.38094,0.325042,0.320084,-0.886773,-0.0505973
0,-0.593516,0.593516,-0.411232,0.411232,-2.17916,-0.595547,3.38359,0.324211,0.32026,-0.887013,-0.0504438
0,-0.593516,0.593516,-0.411232,0.411232,-2.1731,-0.596929,3.38625,0.32338,0.320436,-0.887252,-0.0502903
0,-0.593516,0.593516,-0.411232,0.411232,-2.16704,-0.598311,3.3889,0.32255,0.320611,-0.887492,-0.050137
0,-0.593516,0.593516,-0.411232,0.411232,-2.16098,-0.599692,3.39156,0.321721,0.320786,-0.887731,-0.0499838
0,-0.593516,0.593516,-0.411232,0.411232,-2.15493,-0.601074,3.39421,0.320892,0.320962,-0.887971,-0.0498306
0,-0.593516,0.593516,-0.411232,0.411232,-2.14887,-0.602456,3.39687,0.320063,0.321137,-0.88821,-0.0496775
0,-0.593516,0.593516,-0.411232,0.411232,-2.14281,-0.603838,3.39953,0.319235,0.321312,-0.888449,-0.0495245
0,-0.593516,0.593516,-0.411232,0.411232,-2.13676,-0.605219,3.40218,0.318407,0.321487,-0.888688,-0.0493716
0,-0.593516,0.593516,-0.411232,0.411232,-2.1307,-0.606601,3.40484,0.31758,0.321662,-0.888927,-0.0492188
0,-0.593516,0.593516,-0.411232,0.411232,-2.12464,-0.607983,3.40749,0.316753,0.321837,-0.889167,-0.0490661
0,-0.593516,0.593516,-0.411232,0.411232,-2.11858,-0.609365,3.41015,0.315927,0.322012,-0.889405,-0.0489134
0,-0.593516,0.593516,-0.411232,0.411232,-2.11253,-0.610746,3.4128,0.315101,0.322187,-0.889644,-0.0487609
0,-0.593516,0.593516,-0.411232,0.411232,-2.10647,-0.612128,3.41546,0.314275,0.322361,-0.889883,-0.0486084
0,-0.593516,0.593516,-0.411232,0.411232,-2.10041,-0.61351,3.41811,0.31345,0.322536,-0.890122,-0.048456
0,-0.593516,0.593516,-0.411232,0.411232,-2.09435,-0.614892,3.42077,0.312626,0.322711,-0.890361,-0.0483037
0,-0.593516,0.593516,-0.411232,0.411232,-2.0883,-0.616273,3.42343,0.311802,0.322885,-0.8906,-0.0481515
0,-0.593516,0.593516,-0.411232,0.411232,-2.08224,-0.617655,3.42608,0.310979,0.32306,-0.890838,-0.0479994
0,-0.593516,0.593516,-0.411232,0.411232,-2.07618,-0.619037,3.42874,0.310156,0.323234,-0.891077,-0.0478473
0,-0.593516,0.593516,-0.411232,0.411232,-2.07013,-0.620419,3.43139,0.309333,0.323408,-0.891315,-0.0476953
0,-0.593516,0.593516,-0.411232,0.411232,-2.06407,-0.6218,3.43405,0.308511,0.323582,-0.891554,-0.0475435
0,-0.593516,0.593516,-0.411232,0.411232,-2.05801,-0.623182,3.4367,0.307689,0.323757,-0.891792,-0.0473917
0,-0.593516,0.593516,-0.411232,0.411232,-2.05195,-0.624564,3.43936,0.306868,0.323931,-0.89203,-0.04724
0,-0.593516,0.593516,-0.411232,0.411232,-2.0459,-0.625946,3.44201,0.306047,0.324105,-0.892269,-0.0470883
0,-0.593516,0.593516,-0.411232,0.411232,-2.03984,-0.627327,3.44467,0.305227,0.324279,-0.892507,-0.0469368
0,-0.593516,0.593516,-0.411232,0.411232,-2.03378,-0.628709,3.44732,0.304407,0.324453,-0.892745,-0.0467853
0,-0.593516,0.593516,-0.411232,0.411232,-2.02772,-0.630091,3.44998,0.303588,0.324626,-0.892983,-0.046634
0,-0.593516,0.593516,-0.411232,0.411232,-2.02167,-0.631473,3.45264,0.302769,0.3248,-0.893221,-0.0464827
0,-0.593516,0.593516,-0.411232,0.411232,-2.01561,-0.632854,3.45529,0.30195,0.324974,-0.893459,-0.0463315
0,-0.593516,0.593516,-0.411232,0.411232,-2.00955,-0.634236,3.45795,0.301132,0.325147,-0.893697,-0.0461804
0,-0.593516,0.593516,-0.411232,0.411232,-2.0035,-0.635618,3.4606,0.300315,0.325321,-0.893934,-0.0460293
0,-0.593516,0.593516,-0.411232,0.411232,-1.99744,-0.637,3.46326,0.299498,0.325494,-0.894172,-0.0458784
0,-0.593516,0.593516,-0.411232,0.411232,-1.99138,-0.638381,3.46591,0.298681,0.325668,-0.89441,-0.0457275
0,-0.593516,0.593516,-0.411232,0.411232,-1.98532,-0.639763,3.46857,0.297865,0.325841,-0.894647,-0.0455767
0,-0.593516,0.593516,-0.411232,0.411232,-1.97927,-0.641145,3.47122,0.297049,0.326014,-0.894885,-0.045426
0,-0.593516,0.593516,-0.411232,0.411232,-1.97321,-0.642527,3.47388,0.296234,0.326187,-0.895122,-0.0452754
0,-0.593516,0.593516,-0.411232,0.411232,-1.96715,-0.643908,3.47654,0.295419,0.326361,-0.89536,-0.0451248
0,-0.593516,0.593516,-0.411232,0.411232,-1.96109,-0.64529,3.47919,0.294605,0.326534,-0.895597,-0.0449744
0,-0.593516,0.593516,-0.411232,0.411232,-1.95504,-0.646672,3.48185,0.293791,0.326707,-0.895834,-0.044824
0,-0.593516,0.593516,-0.411232,0.411232,-1.94898,-0.648054,3.4845,0.292977,0.32688,-0.896072,-0.0446737
0,-0.593516,0.593516,-0.411232,0.411232,-1.94292,-0.649435,3.48716,0.292164,0.327052,-0.896309,-0.0445235
0,-0.593516,0.593516,-0.411232,0.411232,-1.93687,-0.650817,3.48981,0.291352,0.327225,-0.896546,-0.0443734
0,-0.593516,0.593516,-0.411232,0.411232,-1.93081,-0.652199,3.49247,0.29054,0.327398,-0.896783,-0.0442234
0,-0.593516,0.593516,-0.411232,0.411232,-1.92475,-0.653581,3.49512,0.289728,0.32757,-0.89702,-0.0440734
0,-0.593516,0.593516,-0.411232,0.411232,-1.91869,-0.654962,3.49778,0.288917,0.327743,-0.897257,-0.0439235
0,-0.593516,0.593516,-0.411232,0.411232,-1.91264,-0.656344,3.50043,0.288106,0.327916,-0.897494,-0.0437737
0,-0.593516,0.593516,-0.411232,0.411232,-1.90658,-0.657726,3.50309,0.287296,0.328088,-0.89773,-0.043624
0,-0.593516,0.593516,-0.411232,0.411232,-1.90052,-0.659108,3.50575,0.286486,0.32826,-0.897967,-0.0434744
0,-0.593516,0.593516,-0.411232,0.411232,-1.89446,-0.660489,3.5084,0.285676,0.328433,-0.898204,-0.0433248
0,-0.593516,0.593516,-0.411232,0.411232,-1.88841,-0.661871,3.51106,0.284867,0.328605,-0.89844,-0.0431754
0,-0.593516,0.593516,-0.411232,0.411232,-1.88235,-0.663253,3.51371,0.284059,0.328777,-0.898677,-0.043026
0,-0.593516,0.593516,-0.411232,0.411232,-1.87629,-0.664635,3.51637,0.283251,0.328949,-0.898913,-0.0428767
0,-0.593516,0.593516,-0.411232,0.411232,-1.87024,-0.666016,3.51902,0.282443,0.329121,-0.89915,-0.0427275
0,-0.593516,0.593516,-0.411232,0.411232,-1.86418,-0.667398,3.52168,0.281636,0.329293,-0.899386,-0.0425783
0,-0.593516,0.593516,-0.411232,0.411232,-1.85812,-0.66878,3.52433,0.280829,0.329465,-0.899622,-0.0424293
0,-0.593516,0.593516,-0.411232,0.411232,-1.85206,-0.670162,3.52699,0.280023,0.329637,-0.899859,-0.0422803
0,-0.593516,0.593516,-0.411232,0.411232,-1.84601,-0.671543,3.52964,0.279217,0.329809,-0.900095,-0.0421314
0,-0.593516,0.593516,-0.411232,0.411232,-1.83995,-0.672925,3.5323,0.278412,0.32998,-0.900331,-0.0419826
0,-0.593516,0.593516,-0.411232,0.411232,-1.83389,-0.674307,3.53496,0.277607,0.330152,-0.900567,-0.0418338
0,-0.593516,0.593516,-0.411232,0.411232,-1.82784,-0.675689,3.53761,0.276802,0.330323,-0.900803,-0.0416852
0,-0.593516,0.593516,-0.411232,0.411232,-1.82178,-0.67707,3.54027,0.275998,0.330495,-0.901039,-0.0415366
0,-0.593516,0.593516,-0.411232,0.411232,-1.81572,-0.678452,3.54292,0.275194,0.330666,-0.901275,-0.0413881
0,-0.593516,0.593516,-0.411232,0.411232,-1.80966,-0.679834,3.54558,0.274391,0.330838,-0.901511,-0.0412397
0,-0.593516,0.593516,-0.411232,0.411232,-1.80361,-0.681216,3.54823,0.273588,0.331009,-0.901746,-0.0410914
0,-0.593516,0.593516,-0.411232,0.411232,-1.79755,-0.682597,3.55089,0.272786,0.33118,-0.901982,-0.0409431
0,-0.593516,0.593516,-0.411232,0.411232,-1.79149,-0.683979,3.55354,0.271984,0.331351,-0.902218,-0.0407949
0,-0.593516,0.593516,-0.411232,0.411232,-1.78543,-0.685361,3.5562,0.271183,0.331522,-0.902453,-0.0406468
0,-0.593516,0.593516,-0.411232,0.411232,-1.77938,-0.686743,3.55886,0.270382,0.331693,-0.902689,-0.0404988
0,-0.593516,0.593516,-0.411232,0.411232,-1.77332,-0.688124,3.56151,0.269581,0.331864,-0.902924,-0.0403509
0,-0.593516,0.593516,-0.411232,0.411232,-1.76726,-0.689506,3.56417,0.268781,0.332035,-0.903159,-0.0402031
0,-0.593516,0.593516,-0.411232,0.411232,-1.76121,-0.690888,3.56682,0.267981,0.332206,-0.903395,-0.0400553
0,-0.593516,0.593516,-0.411232,0.411232,-1.75515,-0.69227,3.56948,0.267182,0.332377,-0.90363,-0.0399076
0,-0.593516,0.593516,-0.411232,0.411232,-1.75515,-0.69227,3.56948,0.267182,0.332377,-0.90363,-0.0399076
0,-0.593516,0.593516,-0.411232,0.411232,-1.75022,-0.693358,3.57089,0.266475,0.332282,-0.903836,-0.039892
0,-0.593516,0.593516,-0.411232,0.411232,-1.74529,-0.694447,3.5723,0.265768,0.332187,-0.904042,-0.0398764
0,-0.593516,0.593516,-0.411232,0.411232,-1.74035,-0.695535,3.57371,0.265062,0.332092,-0.904248,-0.0398608
0,-0.593516,0.593516,-0.411232,0.411232,-1.73542,-0.696624,3.57511,0.264356,0.331998,-0.904453,-0.0398453
0,-0.593516,0.593516,-0.411232,0.411232,-1.73049,-0.697712,3.57652,0.263651,0.331903,-0.904659,-0.0398297
0,-0.593516,0.593516,-0.411232,0.411232,-1.72556,-0.698801,3.57793,0.262946,0.331809,-0.904865,-0.0398141
0,-0.593516,0.593516,-0.411232,0.411232,-1.72063,-0.699889,3.57934,0.262241,0.331714,-0.90507,-0.0397986
0,-0.593516,0.593516,-0.411232,0.411232,-1.7157,-0.700977,3.58075,0.261536,0.33162,-0.905276,-0.0397831
0,-0.593516,0.593516,-0.411232,0.411232,-1.71077,-0.702066,3.58216,0.260832,0.331526,-0.905482,-0.0397676
0,-0.593516,0.593516,-0.411232,0.411232,-1.70584,-0.703154,3.58357,0.260128,0.331431,-0.905687,-0.039752
0,-0.593516,0.593516,-0.411232,0.411232,-1.70091,-0.704243,3.58498,0.259424,0.331337,-0.905892,-0.0397365
0,-0.593516,0.593516,-0.411232,0.411232,-1.69597,-0.705331,3.58639,0.258721,0.331243,-0.906098,-0.039721
0,-0.593516,0.593516,-0.411232,0.411232,-1.69104,-0.70642,3.5878,0.258018,0.331149,-0.906303,-0.0397055
0,-0.593516,0.593516,-0.411232,0.411232,-1.68611,-0.707508,3.58921,0.257316,0.331055,-0.906509,-0.0396901
0,-0.593516,0.593516,-0.411232,0.411232,-1.68118,-0.708597,3.59062,0.256614,0.330961,-0.906714,-0.0396746
0,-0.593516,0.593516,-0.411232,0.411232,-1.67625,-0.709685,3.59203,0.255912,0.330867,-0.906919,-0.0396591
0,-0.593516,0.593516,-0.411232,0.411232,-1.67132,-0.710774,3.59344,0.25521,0.330773,-0.907124,-0.0396437
0,-0.593516,0.593516,-0.411232,0.411232,-1.66639,-0.711862,3.59485,0.254509,0.330679,-0.907329,-0.0396282
0,-0.593516,0.593516,-0.411232,0.411232,-1.66146,-0.712951,3.59626,0.253808,0.330585,-0.907534,-0.0396128
0,-0.593516,0.593516,-0.411232,0.411232,-1.65653,-0.714039,3.59767,0.253107,0.330492,-0.907739,-0.0395974
0,-0.593516,0.593516,-0.411232,0.411232,-1.65159,-0.715128,3.59907,0.252407,0.330398,-0.907944,-0.039582
0,-0.593516,0.593516,-0.411232,0.411232,-1.64666,-0.716216,3.60048,0.251707,0.330305,-0.908149,-0.0395666
0,-0.593516,0.593516,-0.411232,0.411232,-1.64173,-0.717305,3.60189,0.251008,0.330211,-0.908354,-0.0395512
0,-0.593516,0.593516,-0.411232,0.411232,-1.6368,-0.718393,3.6033,0.250308,0.330118,-0.908559,-0.0395358
0,-0.593516,0.593516,-0.411232,0.411232,-1.63187,-0.719482,3.60471,0.24961,0.330024,-0.908764,-0.0395204
0,-0.593516,0.593516,-0.411232,0.411232,-1.62694,-0.72057,3.60612,0.248911,0.329931,-0.908969,-0.039505
0,-0.593516,0.593516,-0.411232,0.411232,-1.62201,-0.721658,3.60753,0.248213,0.329838,-0.909173,-0.0394897
0,-0.593516,0.593516,-0.411232,0.411232,-1.61708,-0.722747,3.60894,0.247515,0.329744,-0.909378,-0.0394743
0,-0.593516,0.593516,-0.411232,0.411232,-1.61215,-0.723835,3.61035,0.246817,0.329651,-0.909583,-0.039459
0,-0.593516,0.593516,-0.411232,0.411232,-1.60721,-0.724924,3.61176,0.24612,0.329558,-0.909787,-0.0394436
0,-0.593516,0.593516,-0.411232,0.411232,-1.60228,-0.726012,3.61317,0.245423,0.329465,-0.909992,-0.0394283
0,-0.593516,0.593516,-0.411232,0.411232,-1.59735,-0.727101,3.61458,0.244726,0.329372,-0.910196,-0.039413
0,-0.593516,0.593516,-0.411232,0.411232,-1.59242,-0.728189,3.61599,0.24403,0.329279,-0.910401,-0.0393977
0,-0.593516,0.593516,-0.411232,0.411232,-1.58749,-0.729278,3.6174,0.243334,0.329186,-0.910605,-0.0393824
0,-0.593516,0.593516,-0.411232,0.411232,-1.58256,-0.730366,3.61881,0.242638,0.329094,-0.91081,-0.0393671
0,-0.593516,0.593516,-0.411232,0.411232,-1.57763,-0.731455,3.62022,0.241943,0.329001,-0.911014,-0.0393518
0,-0.593516,0.593516,-0.411232,0.411232,-1.5727,-0.732543,3.62162,0.241248,0.328908,-0.911218,-0.0393365
0,-0.593516,0.593516,-0.411232,0.411232,-1.56777,-0.733632,3.62303,0.240553,0.328816,-0.911422,-0.0393213
0,-0.593516,0.593516,-0.411232,0.411232,-1.56283,-0.73472,3.62444,0.239859,0.328723,-0.911626,-0.039306
0,-0.593516,0.593516,-0.411232,0.411232,-1.5579,-0.735809,3.62585,0.239165,0.32863,-0.911831,-0.0392908
0,-0.593516,0.593516,-0.411232,0.411232,-1.55297,-0.736897,3.62726,0.238471,0.328538,-0.912035,-0.0392755
0,-0.593516,0.593516,-0.411232,0.411232,-1.54804,-0.737986,3.62867,0.237778,0.328446,-0.912239,-0.0392603
0,-0.593516,0.593516,-0.411232,0.411232,-1.54311,-0.739074,3.63008,0.237085,0.328353,-0.912443,-0.0392451
0,-0.593516,0.593516,-0.411232,0.411232,-1.53818,-0.740163,3.63149,0.236392,0.328261,-0.912647,-0.0392299
0,-0.593516,0.593516,-0.411232,0.411232,-1.53325,-0.741251,3.6329,0.235699,0.328169,-0.91285,-0.0392147
0,-0.593516,0.593516,-0.411232,0.411232,-1.52832,-0.742339,3.63431,0.235007,0.328077,-0.913054,-0.0391995
0,-0.593516,0.593516,-0.411232,0.411232,-1.52339,-0.743428,3.63572,0.234316,0.327985,-0.913258,-0.0391843
0,-0.593516,0.593516,-0.411232,0.411232,-1.51845,-0.744516,3.63713,0.233624,0.327892,-0.913462,-0.0391691
0,-0.593516,0.593516,-0.411232,0.411232,-1.51352,-0.745605,3.63854,0.232933,0.3278,-0.913666,-0.039154
0,-0.593516,0.593516,-0.411232,0.411232,-1.50859,-0.746693,3.63995,0.232242,0.327709,-0.913869,-0.0391388
0,-0.593516,0.593516,-0.411232,0.411232,-1.50366,-0.747782,3.64136,0.231552,0.327617,-0.914073,-0.0391236
0,-0.593516,0.593516,-0.411232,0.411232,-1.49873,-0.74887,3.64277,0.230861,0.327525,-0.914276,-0.0391085
0,-0.593516,0.593516,-0.411232,0.411232,-1.4938,-0.749959,3.64418,0.230171,0.327433,-0.91448,-0.0390934
0,-0.593516,0.593516,-0.411232,0.411232,-1.48887,-0.751047,3.64558,0.229482,0.327341,-0.914683,-0.0390783
0,-0.593516,0.593516,-0.411232,0.411232,-1.48394,-0.752136,3.64699,0.228793,0.32725,-0.914887,-0.0390631
0,-0.593516,0.593516,-0.411232,0.411232,-1.47901,-0.753224,3.6484,0.228104,0.327158,-0.91509,-0.039048
0,-0.593516,0.593516,-0.411232,0.411232,-1.47407,-0.754313,3.64981,0.227415,0.327067,-0.915294,-0.0390329
0,-0.593516,0.593516,-0.411232,0.411232,-1.46914,-0.755401,3.65122,0.226727,0.326975,-0.915497,-0.0390178
0,-0.593516,0.593516,-0.411232,0.411232,-1.46421,-0.75649,3.65263,0.226039,0.326884,-0.9157,-0.0390028
0,-0.593516,0.593516,-0.411232,0.411232,-1.45928,-0.757578,3.65404,0.225351,0.326792,-0.915903,-0.0389877
0,-0.593516,0.593516,-0.411232,0.411232,-1.45435,-0.758667,3.65545,0.224664,0.326701,-0.916106,-0.0389726
0,-0.593516,0.593516,-0.411232,0.411232,-1.44942,-0.759755,3.65686,0.223977,0.32661,-0.91631,-0.0389576
0,-0.593516,0.593516,-0.411232,0.411232,-1.44449,-0.760844,3.65827,0.22329,0.326519,-0.916513,-0.0389425
0,-0.593516,0.593516,-0.411232,0.411232,-1.43956,-0.761932,3.65968,0.222604,0.326427,-0.916716,-0.0389275
0,-0.593516,0.593516,-0.411232,0.411232,-1.43463,-0.763021,3.66109,0.221918,0.326336,-0.916919,-0.0389125
0,-0.593516,0.593516,-0.411232,0.411232,-1.42969,-0.764109,3.6625,0.221232,0.326245,-0.917122,-0.0388974
0,-0.593516,0.593516,-0.411232,0.411232,-1.42476,-0.765197,3.66391,0.220546,0.326154,-0.917325,-0.0388824
0,-0.593516,0.593516,-0.411232,0.411232,-1.41983,-0.766286,3.66532,0.219861,0.326063,-0.917527,-0.0388674
0,-0.593516,0.593516,-0.411232,0.411232,-1.4149,-0.767374,3.66673,0.219177,0.325973,-0.91773,-0.0388524
0,-0.593516,0.593516,-0.411232,0.411232,-1.40997,-0.768463,3.66813,0.218492,0.325882,-0.917933,-0.0388374
0,-0.593516,0.593516,-0.411232,0.411232,-1.40504,-0.769551,3.66954,0.217808,0.325791,-0.918136,-0.0388225
0,-0.593516,0.593516,-0.411232,0.411232,-1.40011,-0.77064,3.67095,0.217124,0.3257,-0.918338,-0.0388075
0,-0.593516,0.593516,-0.411232,0.411232,-1.39518,-0.771728,3.67236,0.21644,0.32561,-0.918541,-0.0387925
0,-0.593516,0.593516,-0.411232,0.411232,-1.39025,-0.772817,3.67377,0.215757,0.325519,-0.918744,-0.0387776
0,-0.593516,0.593516,-0.411232,0.411232,-1.38531,-0.773905,3.67518,0.215074,0.325429,-0.918946,-0.0387626
0,-0.593516,0.593516,-0.411232,0.411232,-1.38038,-0.774994,3.67659,0.214392,0.325338,-0.919149,-0.0387477
0,-0.593516,0.593516,-0.411232,0.411232,-1.37545,-0.776082,3.678,0.213709,0.325248,-0.919351,-0.0387328
0,-0.593516,0.593516,-0.411232,0.411232,-1.37052,-0.777171,3.67941,0.213027,0.325157,-0.919553,-0.0387179
0,-0.593516,0.593516,-0.411232,0.411232,-1.36559,-0.778259,3.68082,0.212346,0.325067,-0.919756,-0.0387029
0,-0.593516,0.593516,-0.411232,0.411232,-1.36066,-0.779348,3.68223,0.211664,0.324977,-0.919958,-0.038688
0,-0.593516,0.593516,-0.411232,0.411232,-1.35573,-0.780436,3.68364,0.210983,0.324887,-0.92016,-0.0386731
0,-0.593516,0.593516,-0.411232,0.411232,-1.3508,-0.781525,3.68505,0.210302,0.324796,-0.920363,-0.0386583
0,-0.593516,0.593516,-0.411232,0.411232,-1.34587,-0.782613,3.68646,0.209622,0.324706,-0.920565,-0.0386434
0,-0.593516,0.593516,-0.411232,0.411232,-1.34093,-0.783702,3.68787,0.208942,0.324616,-0.920767,-0.0386285
0,-0.593516,0.593516,-0.411232,0.411232,-1.336,-0.78479,3.68928,0.208262,0.324526,-0.920969,-0.0386136
0,-0.593516,0.593516,-0.411232,0.411232,-1.33107,-0.785878,3.69069,0.207582,0.324436,-0.921171,-0.0385988
0,-0.593516,0.593516,-0.411232,0.411232,-1.32614,-0.786967,3.69209,0.206903,0.324347,-0.921373,-0.038584
0,-0.593516,0.593516,-0.411232,0.411232,-1.32121,-0.788055,3.6935,0.206224,0.324257,-0.921575,-0.0385691
0,-0.593516,0.593516,-0.411232,0.411232,-1.31628,-0.789144,3.69491,0.205545,0.324167,-0.921777,-0.0385543
0,-0.593516,0.593516,-0.411232,0.411232,-1.31135,-0.790232,3.69632,0.204867,0.324077,-0.921979,-0.0385395
0,-0.593516,0.593516,-0.411232,0.411232,-1.30642,-0.791321,3.69773,0.204189,0.323988,-0.922181,-0.0385247
0,-0.593516,0.593516,-0.411232,0.411232,-1.30149,-0.792409,3.69914,0.203511,0.323898,-0.922382,-0.0385099
0,-0.593516,0.593516,-0.411232,0.411232,-1.29655,-0.793498,3.70055,0.202834,0.323809,-0.922584,-0.0384951
0,-0.593516,0.593516,-0.411232,0.411232,-1.29162,-0.794586,3.70196,0.202157,0.323719,-0.922786,-0.0384803
0,-0.593516,0.593516,-0.411232,0.411232,-1.28669,-0.795675,3.70337,0.20148,0.32363,-0.922987,-0.0384655
0,-0.593516,0.593516,-0.411232,0.411232,-1.28176,-0.796763,3.70478,0.200804,0.32354,-0.923189,-0.0384507
0,-0.593516,0.593516,-0.411232,0.411232,-1.27683,-0.797852,3.70619,0.200128,0.323451,-0.923391,-0.038436
0,-0.593516,0.593516,-0.411232,0.411232,-1.2719,-0.79894,3.7076,0.199452,0.323362,-0.923592,-0.0384212
0,-0.593516,0.593516,-0.411232,0.411232,-1.26697,-0.800029,3.70901,0.198776,0.323272,-0.923794,-0.0384065
0,-0.593516,0.593516,-0.411232,0.411232,-1.26204,-0.801117,3.71042,0.198101,0.323183,-0.923995,-0.0383918
0,-0.593516,0.593516,-0.411232,0.411232,-1.25711,-0.802206,3.71183,0.197426,0.323094,-0.924196,-0.038377
0,-0.593516,0.593516,-0.411232,0.411232,-1.25217,-0.803294,3.71324,0.196751,0.323005,-0.924398,-0.0383623
0,-0.593516,0.593516,-0.411232,0.411232,-1.24724,-0.804383,3.71464,0.196077,0.322916,-0.924599,-0.0383476
0,-0.593516,0.593516,-0.411232,0.411232,-1.24231,-0.805471,3.71605,0.195403,0.322827,-0.9248,-0.0383329
0,-0.593516,0.593516,-0.411232,0.411232,-1.23738,-0.806559,3.71746,0.194729,0.322738,-0.925002,-0.0383182
0,-0.593516,0.593516,-0.411232,0.411232,-1.23245,-0.807648,3.71887,0.194056,0.32265,-0.925203,-0.0383035
0,-0.593516,0.593516,-0.411232,0.411232,-1.22752,-0.808736,3.72028,0.193383,0.322561,-0.925404,-0.0382888
0,-0.593516,0.593516,-0.411232,0.411232,-1.22259,-0.809825,3.72169,0.19271,0.322472,-0.925605,-0.0382742
0,-0.593516,0.593516,-0.411232,0.411232,-1.21766,-0.810913,3.7231,0.192037,0.322383,-0.925806,-0.0382595
0,-0.593516,0.593516,-0.411232,0.411232,-1.21273,-0.812002,3.72451,0.191365,0.322295,-0.926007,-0.0382449
0,-0.593516,0.593516,-0.411232,0.411232,-1.20779,-0.81309,3.72592,0.190693,0.322206,-0.926208,-0.0382302
0,-0.593516,0.593516,-0.411232,0.411232,-1.20286,-0.814179,3.72733,0.190021,0.322118,-0.926409,-0.0382156
0,-0.593516,0.593516,-0.411232,0.411232,-1.19793,-0.815267,3.72874,0.18935,0.322029,-0.92661,-0.0382009
0,-0.593516,0.593516,-0.411232,0.411232,-1.193,-0.816356,3.73015,0.188679,0.321941,-0.92681,-0.0381863
0,-0.593516,0.593516,-0.411232,0.411232,-1.18807,-0.817444,3.73156,0.188008,0.321853,-0.927011,-0.0381717
0,-0.593516,0.593516,-0.411232,0.411232,-1.18314,-0.818533,3.73297,0.187338,0.321764,-0.927212,-0.0381571
0,-0.593516,0.593516,-0.411232,0.411232,-1.17821,-0.819621,3.73438,0.186668,0.321676,-0.927413,-0.0381425
0,-0.593516,0.593516,-0.411232,0.411232,-1.17328,-0.82071,3.73579,0.185998,0.321588,-0.927613,-0.0381279
0,-0.593516,0.593516,-0.411232,0.411232,-1.16835,-0.821798,3.7372,0.185328,0.3215,-0.927814,-0.0381133
0,-0.593516,0.593516,-0.411232,0.411232,-1.16835,-0.821798,3.7372,0.185328,0.3215,-0.927814,-0.0381133
0,-0.593516,0.593516,-0.411232,0.411232,-1.1625,-0.822879,3.73891,0.184772,0.321595,-0.927876,-0.0379642
0,-0.593516,0.593516,-0.411232,0.411232,-1.15665,-0.82396,3.74063,0.184215,0.32169,-0.927938,-0.0378151
0,-0.593516,0.593516,-0.411232,0.411232,-1.1508,-0.825041,3.74235,0.183658,0.321785,-0.928001,-0.037666
0,-0.593516,0.593516,-0.411232,0.411232,-1.14495,-0.826122,3.74407,0.183102,0.32188,-0.928063,-0.0375169
0,-0.593516,0.593516,-0.411232,0.411232,-1.1391,-0.827203,3.74579,0.182545,0.321974,-0.928125,-0.0373679
0,-0.593516,0.593516,-0.411232,0.411232,-1.13325,-0.828284,3.74751,0.181989,0.322069,-0.928187,-0.0372188
0,-0.593516,0.593516,-0.411232,0.411232,-1.12741,-0.829365,3.74923,0.181432,0.322164,-0.928249,-0.0370698
0,-0.593516,0.593516,-0.411232,0.411232,-1.12156,-0.830446,3.75095,0.180876,0.322259,-0.928311,-0.0369208
0,-0.593516,0.593516,-0.411232,0.411232,-1.11571,-0.831527,3.75267,0.18032,0.322354,-0.928374,-0.0367718
0,-0.593516,0.593516,-0.411232,0.411232,-1.10986,-0.832608,3.75439,0.179764,0.322449,-0.928436,-0.0366229
0,-0.593516,0.593516,-0.411232,0.411232,-1.10401,-0.833689,3.75611,0.179208,0.322544,-0.928498,-0.0364739
0,-0.593516,0.593516,-0.411232,0.411232,-1.09816,-0.83477,3.75783,0.178652,0.322638,-0.92856,-0.036325
0,-0.593516,0.593516,-0.411232,0.411232,-1.09231,-0.83585,3.75955,0.178096,0.322733,-0.928622,-0.0361761
0,-0.593516,0.593516,-0.411232,0.411232,-1.08647,-0.836931,3.76126,0.17754,0.322828,-0.928684,-0.0360272
0,-0.593516,0.593516,-0.411232,0.411232,-1.08062,-0.838012,3.76298,0.176984,0.322923,-0.928747,-0.0358784
0,-0.593516,0.593516,-0.411232,0.411232,-1.07477,-0.839093,3.7647,0.176428,0.323018,-0.928809,-0.0357296
0,-0.593516,0.593516,-0.411232,0.411232,-1.06892,-0.840174,3.76642,0.175873,0.323112,-0.928871,-0.0355807
0,-0.593516,0.593516,-0.411232,0.411232,-1.06307,-0.841255,3.76814,0.175317,0.323207,-0.928933,-0.0354319
0,-0.593516,0.593516,-0.411232,0.411232,-1.05722,-0.842336,3.76986,0.174762,0.323302,-0.928995,-0.0352832
0,-0.593516,0.593516,-0.411232,0.411232,-1.05137,-0.843417,3.77158,0.174206,0.323397,-0.929057,-0.0351344
0,-0.593516,0.593516,-0.411232,0.411232,-1.04553,-0.844498,3.7733,0.173651,0.323491,-0.929119,-0.0349857
0,-0.593516,0.593516,-0.411232,0.411232,-1.03968,-0.845579,3.77502,0.173096,0.323586,-0.929181,-0.034837
0,-0.593516,0.593516,-0.411232,0.411232,-1.03383,-0.84666,3.77674,0.172541,0.323681,-0.929244,-0.0346883
0,-0.593516,0.593516,-0.411232,0.411232,-1.02798,-0.847741,3.77846,0.171986,0.323775,-0.929306,-0.0345396
0,-0.593516,0.593516,-0.411232,0.411232,-1.02213,-0.848822,3.78018,0.171431,0.32387,-0.929368,-0.0343909
0,-0.593516,0.593516,-0.411232,0.411232,-1.01628,-0.849903,3.7819,0.170876,0.323965,-0.92943,-0.0342423
0,-0.593516,0.593516,-0.411232,0.411232,-1.01043,-0.850984,3.78362,0.170321,0.324059,-0.929492,-0.0340937
0,-0.593516,0.593516,-0.411232,0.411232,-1.00459,-0.852065,3.78533,0.169766,0.324154,-0.929554,-0.0339451
0,-0.593516,0.593516,-0.411232,0.411232,-0.998737,-0.853146,3.78705,0.169211,0.324249,-0.929616,-0.0337965
0,-0.593516,0.593516,-0.411232,0.411232,-0.992888,-0.854227,3.78877,0.168657,0.324343,-0.929678,-0.033648
0,-0.593516,0.593516,-0.411232,0.411232,-0.98704,-0.855308,3.79049,0.168102,0.324438,-0.92974,-0.0334994
0,-0.593516,0.593516,-0.411232,0.411232,-0.981191,-0.856389,3.79221,0.167548,0.324533,-0.929802,-0.0333509
0,-0.593516,0.593516,-0.411232,0.411232,-0.975342,-0.85747,3.79393,0.166993,0.324627,-0.929864,-0.0332024
0,-0.593516,0.593516,-0.411232,0.411232,-0.969494,-0.85855,3.79565,0.166439,0.324722,-0.929926,-0.0330539
0,-0.593516,0.593516,-0.411232,0.411232,-0.963645,-0.859631,3.79737,0.165885,0.324816,-0.929989,-0.0329055
0,-0.593516,0.593516,-0.411232,0.411232,-0.957797,-0.860712,3.79909,0.165331,0.324911,-0.930051,-0.032757
0,-0.593516,0.593516,-0.411232,0.411232,-0.951948,-0.861793,3.80081,0.164776,0.325005,-0.930113,-0.0326086
0,-0.593516,0.593516,-0.411232,0.411232,-0.946099,-0.862874,3.80253,0.164222,0.3251,-0.930175,-0.0324602
0,-0.593516,0.593516,-0.411232,0.411232,-0.940251,-0.863955,3.80425,0.163668,0.325194,-0.930237,-0.0323119
0,-0.593516,0.593516,-0.411232,0.411232,-0.934402,-0.865036,3.80597,0.163115,0.325289,-0.930299,-0.0321635
0,-0.593516,0.593516,-0.411232,0.411232,-0.928554,-0.866117,3.80769,0.162561,0.325383,-0.930361,-0.0320152
0,-0.593516,0.593516,-0.411232,0.411232,-0.922705,-0.867198,3.8094,0.162007,0.325478,-0.930423,-0.0318668
0,-0.593516,0.593516,-0.411232,0.411232,-0.916856,-0.868279,3.81112,0.161453,0.325572,-0.930485,-0.0317186
0,-0.593516,0.593516,-0.411232,0.411232,-0.911008,-0.86936,3.81284,0.1609,0.325667,-0.930547,-0.0315703
0,-0.593516,0.593516,-0.411232,0.411232,-0.905159,-0.870441,3.81456,0.160346,0.325761,-0.930609,-0.031422
0,-0.593516,0.593516,-0.411232,0.411232,-0.899311,-0.871522,3.81628,0.159793,0.325856,-0.930671,-0.0312738
0,-0.593516,0.593516,-0.411232,0.411232,-0.893462,-0.872603,3.818,0.159239,0.32595,-0.930733,-0.0311256
0,-0.593516,0.593516,-0.411232,0.411232,-0.887613,-0.873684,3.81972,0.158686,0.326045,-0.930795,-0.0309774
0,-0.593516,0.593516,-0.411232,0.411232,-0.881765,-0.874765,3.82144,0.158133,0.326139,-0.930857,-0.0308292
0,-0.593516,0.593516,-0.411232,0.411232,-0.875916,-0.875846,3.82316,0.15758,0.326233,-0.930919,-0.030681
0,-0.593516,0.593516,-0.411232,0.411232,-0.870068,-0.876927,3.82488,0.157027,0.326328,-0.930981,-0.0305329
0,-0.593516,0.593516,-0.411232,0.411232,-0.864219,-0.878008,3.8266,0.156474,0.326422,-0.931043,-0.0303848
0,-0.593516,0.593516,-0.411232,0.411232,-0.85837,-0.879089,3.82832,0.155921,0.326516,-0.931105,-0.0302367
0,-0.593516,0.593516,-0.411232,0.411232,-0.852522,-0.88017,3.83004,0.155368,0.326611,-0.931167,-0.0300886
0,-0.593516,0.593516,-0.411232,0.411232,-0.846673,-0.88125,3.83175,0.154815,0.326705,-0.931229,-0.0299405
0,-0.593516,0.593516,-0.411232,0.411232,-0.840825,-0.882331,3.83347,0.154262,0.326799,-0.931291,-0.0297925
0,-0.593516,0.593516,-0.411232,0.411232,-0.834976,-0.883412,3.83519,0.15371,0.326894,-0.931353,-0.0296445
0,-0.593516,0.593516,-0.411232,0.411232,-0.829127,-0.884493,3.83691,0.153157,0.326988,-0.931415,-0.0294965
0,-0.593516,0.593516,-0.411232,0.411232,-0.823279,-0.885574,3.83863,0.152605,0.327082,-0.931477,-0.0293485
0,-0.593516,0.593516,-0.411232,0.411232,-0.81743,-0.886655,3.84035,0.152052,0.327177,-0.931539,-0.0292006
0,-0.593516,0.593516,-0.411232,0.411232,-0.811582,-0.887736,3.84207,0.1515,0.327271,-0.931601,-0.0290526
0,-0.593516,0.593516,-0.411232,0.411232,-0.805733,-0.888817,3.84379,0.150948,0.327365,-0.931663,-0.0289047
0,-0.593516,0.593516,-0.411232,0.411232,-0.799884,-0.889898,3.84551,0.150396,0.32746,-0.931725,-0.0287568
0,-0.593516,0.593516,-0.411232,0.411232,-0.794036,-0.890979,3.84723,0.149843,0.327554,-0.931787,-0.0286089
0,-0.593516,0.593516,-0.411232,0.411232,-0.788187,-0.89206,3.84895,0.149291,0.327648,-0.931848,-0.0284611
0,-0.593516,0.593516,-0.411232,0.411232,-0.782339,-0.893141,3.85067,0.14874,0.327742,-0.93191,-0.0283132
0,-0.593516,0.593516,-0.411232,0.411232,-0.77649,-0.894222,3.85239,0.148188,0.327836,-0.931972,-0.0281654
0,-0.593516,0.593516,-0.411232,0.411232,-0.770641,-0.895303,3.85411,0.147636,0.327931,-0.932034,-0.0280176
0,-0.593516,0.593516,-0.411232,0.411232,-0.764793,-0.896384,3.85582,0.147084,0.328025,-0.932096,-0.0278698
0,-0.593516,0.593516,-0.411232,0.411232,-0.758944,-0.897465,3.85754,0.146532,0.328119,-0.932158,-0.0277221
0,-0.593516,0.593516,-0.411232,0.411232,-0.753096,-0.898546,3.85926,0.145981,0.328213,-0.93222,-0.0275743
0,-0.593516,0.593516,-0.411232,0.411232,-0.747247,-0.899627,3.86098,0.145429,0.328307,-0.932282,-0.0274266
0,-0.593516,0.593516,-0.411232,0.411232,-0.741398,-0.900708,3.8627,0.144878,0.328401,-0.932344,-0.0272789
0,-0.593516,0.593516,-0.411232,0.411232,-0.73555,-0.901789,3.86442,0.144327,0.328496,-0.932406,-0.0271312
0,-0.593516,0.593516,-0.411232,0.411232,-0.729701,-0.90287,3.86614,0.143775,0.32859,-0.932468,-0.0269836
0,-0.593516,0.593516,-0.411232,0.411232,-0.723853,-0.90395,3.86786,0.143224,0.328684,-0.93253,-0.0268359
0,-0.593516,0.593516,-0.411232,0.411232,-0.718004,-0.905031,3.86958,0.142673,0.328778,-0.932591,-0.0266883
0,-0.593516,0.593516,-0.411232,0.411232,-0.712155,-0.906112,3.8713,0.142122,0.328872,-0.932653,-0.0265407
0,-0.593516,0.593516,-0.411232,0.411232,-0.706307,-0.907193,3.87302,0.141571,0.328966,-0.932715,-0.0263931
0,-0.593516,0.593516,-0.411232,0.411232,-0.700458,-0.908274,3.87474,0.14102,0.32906,-0.932777,-0.0262455
0,-0.593516,0.593516,-0.411232,0.411232,-0.69461,-0.909355,3.87646,0.140469,0.329154,-0.932839,-0.026098
0,-0.593516,0.593516,-0.411232,0.411232,-0.688761,-0.910436,3.87818,0.139918,0.329248,-0.932901,-0.0259505
0,-0.593516,0.593516,-0.411232,0.411232,-0.682912,-0.911517,3.87989,0.139368,0.329342,-0.932963,-0.025803
0,-0.593516,0.593516,-0.411232,0.411232,-0.677064,-0.912598,3.88161,0.138817,0.329436,-0.933025,-0.0256555
0,-0.593516,0.593516,-0.411232,0.411232,-0.671215,-0.913679,3.88333,0.138266,0.32953,-0.933086,-0.025508
0,-0.593516,0.593516,-0.411232,0.411232,-0.665367,-0.91476,3.88505,0.137716,0.329624,-0.933148,-0.0253606
0,-0.593516,0.593516,-0.411232,0.411232,-0.659518,-0.915841,3.88677,0.137165,0.329718,-0.93321,-0.0252131
0,-0.593516,0.593516,-0.411232,0.411232,-0.65367,-0.916922,3.88849,0.136615,0.329812,-0.933272,-0.0250657
0,-0.593516,0.593516,-0.411232,0.411232,-0.647821,-0.918003,3.89021,0.136065,0.329906,-0.933334,-0.0249184
0,-0.593516,0.593516,-0.411232,0.411232,-0.641972,-0.919084,3.89193,0.135515,0.33,-0.933396,-0.024771
0,-0.593516,0.593516,-0.411232,0.411232,-0.636124,-0.920165,3.89365,0.134965,0.330094,-0.933457,-0.0246236
0,-0.593516,0.593516,-0.411232,0.411232,-0.630275,-0.921246,3.89537,0.134415,0.330188,-0.933519,-0.0244763
0,-0.593516,0.593516,-0.411232,0.411232,-0.624427,-0.922327,3.89709,0.133865,0.330282,-0.933581,-0.024329
0,-0.593516,0.593516,-0.411232,0.411232,-0.618578,-0.923408,3.89881,0.133315,0.330376,-0.933643,-0.0241817
0,-0.593516,0.593516,-0.411232,0.411232,-0.612729,-0.924489,3.90053,0.132765,0.33047,-0.933705,-0.0240344
0,-0.593516,0.593516,-0.411232,0.411232,-0.606881,-0.92557,3.90225,0.132215,0.330564,-0.933767,-0.0238872
0,-0.593516,0.593516,-0.411232,0.411232,-0.601032,-0.92665,3.90396,0.131665,0.330658,-0.933828,-0.02374
0,-0.593516,0.593516,-0.411232,0.411232,-0.595184,-0.927731,3.90568,0.131116,0.330751,-0.93389,-0.0235928
0,-0.593516,0.593516,-0.411232,0.411232,-0.589335,-0.928812,3.9074,0.130566,0.330845,-0.933952,-0.0234456
0,-0.593516,0.593516,-0.411232,0.411232,-0.583486,-0.929893,3.90912,0.130017,0.330939,-0.934014,-0.0232984
0,-0.593516,0.593516,-0.411232,0.411232,-0.577638,-0.930974,3.91084,0.129468,0.331033,-0.934076,-0.0231513
0,-0.593516,0.593516,-0.411232,0.411232,-0.571789,-0.932055,3.91256,0.128918,0.331127,-0.934137,-0.0230041
0,-0.593516,0.593516,-0.411232,0.411232,-0.565941,-0.933136,3.91428,0.128369,0.331221,-0.934199,-0.022857
0,-0.593516,0.593516,-0.411232,0.411232,-0.560092,-0.934217,3.916,0.12782,0.331314,-0.934261,-0.0227099
0,-0.593516,0.593516,-0.411232,0.411232,-0.554243,-0.935298,3.91772,0.127271,0.331408,-0.934323,-0.0225628
0,-0.593516,0.593516,-0.411232,0.411232,-0.548395,-0.936379,3.91944,0.126722,0.331502,-0.934384,-0.0224158
0,-0.593516,0.593516,-0.411232,0.411232,-0.542546,-0.93746,3.92116,0.126173,0.331596,-0.934446,-0.0222688
0,-0.593516,0.593516,-0.411232,0.411232,-0.536698,-0.938541,3.92288,0.125624,0.33169,-0.934508,-0.0221217
0,-0.593516,0.593516,-0.411232,0.411232,-0.530849,-0.939622,3.9246,0.125075,0.331783,-0.93457,-0.0219747
0,-0.593516,0.593516,-0.411232,0.411232,-0.525,-0.940703,3.92631,0.124526,0.331877,-0.934631,-0.0218278
0,-0.593516,0.593516,-0.411232,0.411232,-0.519152,-0.941784,3.92803,0.123978,0.331971,-0.934693,-0.0216808
0,-0.593516,0.593516,-0.411232,0.411232,-0.513303,-0.942865,3.92975,0.123429,0.332064,-0.934755,-0.0215339
0,-0.593516,0.593516,-0.411232,0.411232,-0.507455,-0.943946,3.93147,0.122881,0.332158,-0.934817,-0.021387
0,-0.593516,0.593516,-0.411232,0.411232,-0.501606,-0.945027,3.93319,0.122332,0.332252,-0.934878,-0.0212401
0,-0.593516,0.593516,-0.411232,0.411232,-0.495757,-0.946108,3.93491,0.121784,0.332345,-0.93494,-0.0210932
0,-0.593516,0.593516,-0.411232,0.411232,-0.489909,-0.947189,3.93663,0.121236,0.332439,-0.935002,-0.0209463
0,-0.593516,0.593516,-0.411232,0.411232,-0.48406,-0.94827,3.93835,0.120687,0.332533,-0.935064,-0.0207995
0,-0.593516,0.593516,-0.411232,0.411232,-0.478212,-0.94935,3.94007,0.120139,0.332626,-0.935125,-0.0206527
0,-0.593516,0.593516,-0.411232,0.411232,-0.472363,-0.950431,3.94179,0.119591,0.33272,-0.935187,-0.0205059
0,-0.593516,0.593516,-0.411232,0.411232,-0.472363,-0.950431,3.94179,0.119591,0.33272,-0.935187,-0.0205059
0,-0.593516,0.593516,-0.411232,0.411232,-0.466534,-0.95112,3.94296,0.118758,0.332779,-0.93523,-0.0203773
0,-0.593516,0.593516,-0.411232,0.411232,-0.460706,-0.951808,3.94414,0.117925,0.332837,-0.935273,-0.0202488
0,-0.593516,0.593516,-0.411232,0.411232,-0.454877,-0.952496,3.94531,0.117091,0.332896,-0.935316,-0.0201202
0,-0.593516,0.593516,-0.411232,0.411232,-0.449049,-0.953184,3.94649,0.116258,0.332955,-0.935359,-0.0199917
0,-0.593516,0.593516,-0.411232,0.411232,-0.44322,-0.953873,3.94766,0.115425,0.333014,-0.935402,-0.0198632
0,-0.593516,0.593516,-0.411232,0.411232,-0.437392,-0.954561,3.94884,0.114592,0.333072,-0.935445,-0.0197347
0,-0.593516,0.593516,-0.411232,0.411232,-0.431563,-0.955249,3.95001,0.113759,0.333131,-0.935488,-0.0196062
0,-0.593516,0.593516,-0.411232,0.411232,-0.425734,-0.955937,3.95118,0.112926,0.33319,-0.935531,-0.0194777
0,-0.593516,0.593516,-0.411232,0.411232,-0.419906,-0.956626,3.95236,0.112094,0.333248,-0.935574,-0.0193493
0,-0.593516,0.593516,-0.411232,0.411232,-0.414077,-0.957314,3.95353,0.111261,0.333307,-0.935617,-0.0192208
0,-0.593516,0.593516,-0.411232,0.411232,-0.408249,-0.958002,3.95471,0.110428,0.333366,-0.93566,-0.0190924
0,-0.593516,0.593516,-0.411232,0.411232,-0.40242,-0.95869,3.95588,0.109596,0.333424,-0.935703,-0.0189639
0,-0.593516,0.593516,-0.411232,0.411232,-0.396591,-0.959379,3.95706,0.108763,0.333483,-0.935746,-0.0188355
0,-0.593516,0.593516,-0.411232,0.411232,-0.390763,-0.960067,3.95823,0.107931,0.333542,-0.935789,-0.0187071
0,-0.593516,0.593516,-0.411232,0.411232,-0.384934,-0.960755,3.95941,0.107099,0.3336,-0.935832,-0.0185787
0,-0.593516,0.593516,-0.411232,0.411232,-0.379106,-0.961443,3.96058,0.106266,0.333659,-0.935875,-0.0184503
0,-0.593516,0.593516,-0.411232,0.411232,-0.373277,-0.962132,3.96176,0.105434,0.333718,-0.935918,-0.018322
0,-0.593516,0.593516,-0.411232,0.411232,-0.367449,-0.96282,3.96293,0.104602,0.333776,-0.935961,-0.0181936
0,-0.593516,0.593516,-0.411232,0.411232,-0.36162,-0.963508,3.96411,0.10377,0.333835,-0.936004,-0.0180653
0,-0.593516,0.593516,-0.411232,0.411232,-0.355791,-0.964196,3.96528,0.102938,0.333894,-0.936047,-0.0179369
0,-0.593516,0.593516,-0.411232,0.411232,-0.349963,-0.964885,3.96645,0.102106,0.333952,-0.93609,-0.0178086
0,-0.593516,0.593516,-0.411232,0.411232,-0.344134,-0.965573,3.96763,0.101275,0.334011,-0.936133,-0.0176803
0,-0.593516,0.593516,-0.411232,0.411232,-0.338306,-0.966261,3.9688,0.100443,0.334069,-0.936176,-0.017552
0,-0.593516,0.593516,-0.411232,0.411232,-0.332477,-0.966949,3.96998,0.0996113,0.334128,-0.936219,-0.0174237
0,-0.593516,0.593516,-0.411232,0.411232,-0.326649,-0.967637,3.97115,0.0987798,0.334187,-0.936262,-0.0172954
0,-0.593516,0.593516,-0.411232,0.411232,-0.32082,-0.968326,3.97233,0.0979483,0.334245,-0.936305,-0.0171672
0,-0.593516,0.593516,-0.411232,0.411232,-0.314991,-0.969014,3.9735,0.097117,0.334304,-0.936348,-0.0170389
0,-0.593516,0.593516,-0.411232,0.411232,-0.309163,-0.969702,3.97468,0.0962856,0.334362,-0.936391,-0.0169107
0,-0.593516,0.593516,-0.411232,0.411232,-0.303334,-0.97039,3.97585,0.0954544,0.334421,-0.936434,-0.0167825
0,-0.593516,0.593516,-0.411232,0.411232,-0.297506,-0.971079,3.97703,0.0946233,0.33448,-0.936477,-0.0166542
0,-0.593516,0.593516,-0.411232,0.411232,-0.291677,-0.971767,3.9782,0.0937922,0.334538,-0.93652,-0.016526
0,-0.593516,0.593516,-0.411232,0.411232,-0.285849,-0.972455,3.97937,0.0929612,0.334597,-0.936563,-0.0163979
0,-0.593516,0.593516,-0.411232,0.411232,-0.28002,-0.973143,3.98055,0.0921303,0.334655,-0.936606,-0.0162697
0,-0.593516,0.593516,-0.411232,0.411232,-0.274191,-0.973832,3.98172,0.0912994,0.334714,-0.936649,-0.0161415
0,-0.593516,0.593516,-0.411232,0.411232,-0.268363,-0.97452,3.9829,0.0904686,0.334772,-0.936692,-0.0160133
0,-0.593516,0.593516,-0.411232,0.411232,-0.262534,-0.975208,3.98407,0.0896379,0.334831,-0.936735,-0.0158852
0,-0.593516,0.593516,-0.411232,0.411232,-0.256706,-0.975896,3.98525,0.0888073,0.33489,-0.936778,-0.0157571
0,-0.593516,0.593516,-0.411232,0.411232,-0.250877,-0.976585,3.98642,0.0879768,0.334948,-0.936821,-0.0156289
0,-0.593516,0.593516,-0.411232,0.411232,-0.245049,-0.977273,3.9876,0.0871463,0.335007,-0.936864,-0.0155008
0,-0.593516,0.593516,-0.411232,0.411232,-0.23922,-0.977961,3.98877,0.0863159,0.335065,-0.936907,-0.0153727
0,-0.593516,0.593516,-0.411232,0.411232,-0.233391,-0.978649,3.98995,0.0854856,0.335124,-0.93695,-0.0152447
0,-0.593516,0.593516,-0.411232,0.411232,-0.227563,-0.979338,3.99112,0.0846554,0.335182,-0.936993,-0.0151166
0,-0.593516,0.593516,-0.411232,0.411232,-0.221734,-0.980026,3.9923,0.0838252,0.335241,-0.937036,-0.0149885
0,-0.593516,0.593516,-0.411232,0.411232,-0.215906,-0.980714,3.99347,0.0829951,0.335299,-0.937079,-0.0148605
0,-0.593516,0.593516,-0.411232,0.411232,-0.210077,-0.981402,3.99464,0.0821651,0.335358,-0.937122,-0.0147324
0,-0.593516,0.593516,-0.411232,0.411232,-0.204248,-0.982091,3.99582,0.0813352,0.335416,-0.937165,-0.0146044
0,-0.593516,0.593516,-0.411232,0.411232,-0.19842,-0.982779,3.99699,0.0805053,0.335475,-0.937208,-0.0144764
0,-0.593516,0.593516,-0.411232,0.411232,-0.192591,-0.983467,3.99817,0.0796756,0.335533,-0.937251,-0.0143484
0,-0.593516,0.593516,-0.411232,0.411232,-0.186763,-0.984155,3.99934,0.0788459,0.335592,-0.937294,-0.0142204
0,-0.593516,0.593516,-0.411232,0.411232,-0.180934,-0.984844,4.00052,0.0780163,0.33565,-0.937336,-0.0140924
0,-0.593516,0.593516,-0.411232,0.411232,-0.175106,-0.985532,4.00169,0.0771867,0.335709,-0.937379,-0.0139644
0,-0.593516,0.593516,-0.411232,0.411232,-0.169277,-0.98622,4.00287,0.0763572,0.335767,-0.937422,-0.0138365
0,-0.593516,0.593516,-0.411232,0.411232,-0.163448,-0.986908,4.00404,0.0755278,0.335826,-0.937465,-0.0137085
0,-0.593516,0.593516,-0.411232,0.411232,-0.15762,-0.987597,4.00522,0.0746985,0.335884,-0.937508,-0.0135806
0,-0.593516,0.593516,-0.411232,0.411232,-0.151791,-0.988285,4.00639,0.0738693,0.335943,-0.937551,-0.0134527
0,-0.593516,0.593516,-0.411232,0.411232,-0.145963,-0.988973,4.00756,0.0730401,0.336001,-0.937594,-0.0133248
0,-0.593516,0.593516,-0.411232,0.411232,-0.140134,-0.989661,4.00874,0.072211,0.33606,-0.937637,-0.0131969
0,-0.593516,0.593516,-0.411232,0.411232,-0.134306,-0.99035,4.00991,0.071382,0.336118,-0.93768,-0.013069
0,-0.593516,0.593516,-0.411232,0.411232,-0.128477,-0.991038,4.01109,0.070553,0.336177,-0.937723,-0.0129411
0,-0.593516,0.593516,-0.411232,0.411232,-0.122648,-0.991726,4.01226,0.0697242,0.336235,-0.937766,-0.0128133
0,-0.593516,0.593516,-0.411232,0.411232,-0.11682,-0.992414,4.01344,0.0688954,0.336293,-0.937809,-0.0126854
0,-0.593516,0.593516,-0.411232,0.411232,-0.110991,-0.993102,4.01461,0.0680667,0.336352,-0.937852,-0.0125576
0,-0.593516,0.593516,-0.411232,0.411232,-0.105163,-0.993791,4.01579,0.067238,0.33641,-0.937894,-0.0124297
0,-0.593516,0.593516,-0.411232,0.411232,-0.0993341,-0.994479,4.01696,0.0664095,0.336469,-0.937937,-0.0123019
0,-0.593516,0.593516,-0.411232,0.411232,-0.0935055,-0.995167,4.01814,0.065581,0.336527,-0.93798,-0.0121741
0,-0.593516,0.593516,-0.411232,0.411232,-0.0876769,-0.995855,4.01931,0.0647526,0.336586,-0.938023,-0.0120463
0,-0.593516,0.593516,-0.411232,0.411232,-0.0818484,-0.996544,4.02048,0.0639242,0.336644,-0.938066,-0.0119185
0,-0.593516,0.593516,-0.411232,0.411232,-0.0760198,-0.997232,4.02166,0.063096,0.336702,-0.938109,-0.0117908
0,-0.593516,0.593516,-0.411232,0.411232,-0.0701912,-0.99792,4.02283,0.0622678,0.336761,-0.938152,-0.011663
0,-0.593516,0.593516,-0.411232,0.411232,-0.0643626,-0.998608,4.02401,0.0614397,0.336819,-0.938195,-0.0115353
0,-0.593516,0.593516,-0.411232,0.411232,-0.0585341,-0.999297,4.02518,0.0606117,0.336878,-0.938238,-0.0114075
0,-0.593516,0.593516,-0.411232,0.411232,-0.0527055,-0.999985,4.02636,0.0597837,0.336936,-0.938281,-0.0112798
0,-0.593516,0.593516,-0.411232,0.411232,-0.0468769,-1.00067,4.02753,0.0589558,0.336994,-0.938323,-0.0111521
0,-0.593516,0.593516,-0.411232,0.411232,-0.0410483,-1.00136,4.02871,0.058128,0.337053,-0.938366,-0.0110244
0,-0.593516,0.593516,-0.411232,0.411232,-0.0352198,-1.00205,4.02988,0.0573003,0.337111,-0.938409,-0.0108967
0,-0.593516,0.593516,-0.411232,0.411232,-0.0293912,-1.00274,4.03106,0.0564727,0.337169,-0.938452,-0.010769
0,-0.593516,0.593516,-0.411232,0.411232,-0.0235626,-1.00343,4.03223,0.0556451,0.337228,-0.938495,-0.0106414
0,-0.593516,0.593516,-0.411232,0.411232,-0.017734,-1.00411,4.03341,0.0548176,0.337286,-0.938538,-0.0105137
0,-0.593516,0.593516,-0.411232,0.411232,-0.0119055,-1.0048,4.03458,0.0539902,0.337344,-0.938581,-0.0103861
0,-0.593516,0.593516,-0.411232,0.411232,-0.00607687,-1.00549,4.03575,0.0531628,0.337403,-0.938624,-0.0102585
0,-0.593516,0.593516,-0.411232,0.411232,-0.000248297,-1.00618,4.03693,0.0523355,0.337461,-0.938667,-0.0101308
0,-0.593516,0.593516,-0.411232,0.411232,0.00558028,-1.00687,4.0381,0.0515083,0.33752,-0.938709,-0.0100032
0,-0.593516,0.593516,-0.411232,0.411232,0.0114089,-1.00756,4.03928,0.0506812,0.337578,-0.938752,-0.00987564
0,-0.593516,0.593516,-0.411232,0.411232,0.0172374,-1.00824,4.04045,0.0498542,0.337636,-0.938795,-0.00974806
0,-0.593516,0.593516,-0.411232,0.411232,0.023066,-1.00893,4.04163,0.0490272,0.337695,-0.938838,-0.00962048
0,-0.593516,0.593516,-0.411232,0.411232,0.0288946,-1.00962,4.0428,0.0482003,0.337753,-0.938881,-0.00949293
0,-0.593516,0.593516,-0.411232,0.411232,0.0347232,-1.01031,4.04398,0.0473735,0.337811,-0.938924,-0.00936538
0,-0.593516,0.593516,-0.411232,0.411232,0.0405517,-1.011,4.04515,0.0465467,0.337869,-0.938967,-0.00923785
0,-0.593516,0.593516,-0.411232,0.411232,0.0463803,-1.01169,4.04633,0.0457201,0.337928,-0.93901,-0.00911032
0,-0.593516,0.593516,-0.411232,0.411232,0.0522089,-1.01237,4.0475,0.0448935,0.337986,-0.939052,-0.00898281
0,-0.593516,0.593516,-0.411232,0.411232,0.0580375,-1.01306,4.04867,0.044067,0.338044,-0.939095,-0.00885531
0,-0.593516,0.593516,-0.411232,0.411232,0.063866,-1.01375,4.04985,0.0432405,0.338103,-0.939138,-0.00872782
0,-0.593516,0.593516,-0.411232,0.411232,0.0696946,-1.01444,4.05102,0.0424142,0.338161,-0.939181,-0.00860034
0,-0.593516,0.593516,-0.411232,0.411232,0.0755232,-1.01513,4.0522,0.0415879,0.338219,-0.939224,-0.00847288
0,-0.593516,0.593516,-0.411232,0.411232,0.0813518,-1.01581,4.05337,0.0407617,0.338278,-0.939267,-0.00834542
0,-0.593516,0.593516,-0.411232,0.411232,0.0871804,-1.0165,4.05455,0.0399355,0.338336,-0.93931,-0.00821798
0,-0.593516,0.593516,-0.411232,0.411232,0.0930089,-1.01719,4.05572,0.0391095,0.338394,-0.939352,-0.00809055
0,-0.593516,0.593516,-0.411232,0.411232,0.0988375,-1.01788,4.0569,0.0382835,0.338452,-0.939395,-0.00796313
0,-0.593516,0.593516,-0.411232,0.411232,0.104666,-1.01857,4.05807,0.0374576,0.338511,-0.939438,-0.00783573
0,-0.593516,0.593516,-0.411232,0.411232,0.110495,-1.01926,4.05925,0.0366317,0.338569,-0.939481,-0.00770833
0,-0.593516,0.593516,-0.411232,0.411232,0.116323,-1.01994,4.06042,0.035806,0.338627,-0.939524,-0.00758095
0,-0.593516,0.593516,-0.411232,0.411232,0.122152,-1.02063,4.0616,0.0349803,0.338685,-0.939567,-0.00745357
0,-0.593516,0.593516,-0.411232,0.411232,0.12798,-1.02132,4.06277,0.0341547,0.338744,-0.939609,-0.00732621
0,-0.593516,0.593516,-0.411232,0.411232,0.133809,-1.02201,4.06394,0.0333291,0.338802,-0.939652,-0.00719887
0,-0.593516,0.593516,-0.411232,0.411232,0.139638,-1.0227,4.06512,0.0325037,0.33886,-0.939695,-0.00707153
0,-0.593516,0.593516,-0.411232,0.411232,0.145466,-1.02339,4.06629,0.0316783,0.338918,-0.939738,-0.0069442
0,-0.593516,0.593516,-0.411232,0.411232,0.151295,-1.02407,4.06747,0.030853,0.338977,-0.939781,-0.00681689
0,-0.593516,0.593516,-0.411232,0.411232,0.157123,-1.02476,4.06864,0.0300277,0.339035,-0.939824,-0.00668958
0,-0.593516,0.593516,-0.411232,0.411232,0.162952,-1.02545,4.06982,0.0292026,0.339093,-0.939866,-0.00656229
0,-0.593516,0.593516,-0.411232,0.411232,0.16878,-1.02614,4.07099,0.0283775,0.339151,-0.939909,-0.00643501
0,-0.593516,0.593516,-0.411232,0.411232,0.174609,-1.02683,4.07217,0.0275525,0.339209,-0.939952,-0.00630775
0,-0.593516,0.593516,-0.411232,0.411232,0.180438,-1.02751,4.07334,0.0267276,0.339268,-0.939995,-0.00618049
0,-0.593516,0.593516,-0.411232,0.411232,0.186266,-1.0282,4.07452,0.0259027,0.339326,-0.940038,-0.00605325
0,-0.593516,0.593516,-0.411232,0.411232,0.192095,-1.02889,4.07569,0.0250779,0.339384,-0.94008,-0.00592601
0,-0.593516,0.593516,-0.411232,0.411232,0.197923,-1.02958,4.07686,0.0242532,0.339442,-0.940123,-0.00579879
0,-0.593516,0.593516,-0.411232,0.411232,0.203752,-1.03027,4.07804,0.0234286,0.3395,-0.940166,-0.00567158
0,-0.593516,0.593516,-0.411232,0.411232,0.20958,-1.03096,4.07921,0.022604,0.339559,-0.940209,-0.00554438
0,-0.593516,0.593516,-0.411232,0.411232,0.215409,-1.03164,4.08039,0.0217795,0.339617,-0.940252,-0.0054172
0,-0.593516,0.593516,-0.411232,0.411232,0.221238,-1.03233,4.08156,0.0209551,0.339675,-0.940295,-0.00529002
0,-0.593516,0.593516,-0.411232,0.411232,0.221238,-1.03233,4.08156,0.0209551,0.339675,-0.940295,-0.00529002
0,-0.593516,0.593516,-0.411232,0.411232,0.226867,-1.03222,4.08132,0.0201804,0.339625,-0.940292,-0.0051804
0,-0.593516,0.593516,-0.411232,0.411232,0.232497,-1.0321,4.08107,0.0194056,0.339574,-0.940289,-0.00507077
0,-0.593516,0.593516,-0.411232,0.411232,0.238127,-1.03198,4.08082,0.0186309,0.339524,-0.940286,-0.00496115
0,-0.593516,0.593516,-0.411232,0.411232,0.243756,-1.03187,4.08057,0.0178562,0.339474,-0.940283,-0.00485152
0,-0.593516,0.593516,-0.411232,0.411232,0.249386,-1.03175,4.08033,0.0170814,0.339424,-0.94028,-0.00474189
0,-0.593516,0.593516,-0.411232,0.411232,0.255016,-1.03164,4.08008,0.0163066,0.339374,-0.940277,-0.00463226
0,-0.593516,0.593516,-0.411232,0.411232,0.260645,-1.03152,4.07983,0.0155319,0.339323,-0.940274,-0.00452264
0,-0.593516,0.593516,-0.411232,0.411232,0.266275,-1.0314,4.07958,0.0147571,0.339273,-0.940271,-0.00441301
0,-0.593516,0.593516,-0.411232,0.411232,0.271905,-1.03129,4.07934,0.0139823,0.339223,-0.940269,-0.00430338
0,-0.593516,0.593516,-0.411232,0.411232,0.277534,-1.03117,4.07909,0.0132076,0.339173,-0.940266,-0.00419375
0,-0.593516,0.593516,-0.411232,0.411232,0.283164,-1.03106,4.07884,0.0124328,0.339122,-0.940263,-0.00408411
0,-0.593516,0.593516,-0.411232,0.411232,0.288794,-1.03094,4.07859,0.011658,0.339072,-0.94026,-0.00397448
0,-0.593516,0.593516,-0.411232,0.411232,0.294424,-1.03082,4.07835,0.0108832,0.339022,-0.940257,-0.00386485
0,-0.593516,0.593516,-0.411232,0.411232,0.300053,-1.03071,4.0781,0.0101084,0.338972,-0.940254,-0.00375521
0,-0.593516,0.593516,-0.411232,0.411232,0.305683,-1.03059,4.07785,0.00933358,0.338921,-0.940251,-0.00364558
0,-0.593516,0.593516,-0.411232,0.411232,0.311313,-1.03048,4.0776,0.00855878,0.338871,-0.940248,-0.00353595
0,-0.593516,0.593516,-0.411232,0.411232,0.316942,-1.03036,4.07736,0.00778396,0.338821,-0.940246,-0.00342631
0,-0.593516,0.593516,-0.411232,0.411232,0.322572,-1.03024,4.07711,0.00700915,0.338771,-0.940243,-0.00331667
0,-0.593516,0.593516,-0.411232,0.411232,0.328202,-1.03013,4.07686,0.00623432,0.33872,-0.94024,-0.00320704
0,-0.593516,0.593516,-0.411232,0.411232,0.333831,-1.03001,4.07661,0.0054595,0.33867,-0.940237,-0.0030974
0,-0.593516,0.593516,-0.411232,0.411232,0.339461,-1.0299,4.07637,0.00468467,0.33862,-0.940234,-0.00298776
0,-0.593516,0.593516,-0.411232,0.411232,0.345091,-1.02978,4.07612,0.00390983,0.33857,-0.940231,-0.00287812
0,-0.593516,0.593516,-0.411232,0.411232,0.35072,-1.02966,4.07587,0.00313499,0.338519,-0.940228,-0.00276848
0,-0.593516,0.593516,-0.411232,0.411232,0.35635,-1.02955,4.07562,0.00236014,0.338469,-0.940225,-0.00265884
0,-0.593516,0.593516,-0.411232,0.411232,0.36198,-1.02943,4.07537,0.00158529,0.338419,-0.940222,-0.0025492
0,-0.593516,0.593516,-0.411232,0.411232,0.367609,-1.02932,4.07513,0.000810436,0.338369,-0.94022,-0.00243956
0,-0.593516,0.593516,-0.411232,0.411232,0.373239,-1.0292,4.07488,3.55765e-05,0.338318,-0.940217,-0.00232992
0,-0.593516,0.593516,-0.411232,0.411232,0.378869,-1.02908,4.07463,-0.000739288,0.338268,-0.940214,-0.00222027
0,-0.593516,0.593516,-0.411232,0.411232,0.384498,-1.02897,4.07438,-0.00151416,0.338218,-0.940211,-0.00211063
0,-0.593516,0.593516,-0.411232,0.411232,0.390128,-1.02885,4.07414,-0.00228903,0.338168,-0.940208,-0.00200098
0,-0.593516,0.593516,-0.411232,0.411232,0.395758,-1.02874,4.07389,-0.00306391,0.338117,-0.940205,-0.00189134
0,-0.593516,0.593516,-0.411232,0.411232,0.401387,-1.02862,4.07364,-0.00383879,0.338067,-0.940202,-0.00178169
0,-0.593516,0.593516,-0.411232,0.411232,0.407017,-1.0285,4.07339,-0.00461368,0.338017,-0.940199,-0.00167205
0,-0.593516,0.593516,-0.411232,0.411232,0.412647,-1.02839,4.07315,-0.00538858,0.337967,-0.940196,-0.0015624
0,-0.593516,0.593516,-0.411232,0.411232,0.418277,-1.02827,4.0729,-0.00616348,0.337916,-0.940194,-0.00145275
0,-0.593516,0.593516,-0.411232,0.411232,0.423906,-1.02816,4.07265,-0.00693838,0.337866,-0.940191,-0.0013431
0,-0.593516,0.593516,-0.411232,0.411232,0.429536,-1.02804,4.0724,-0.00771329,0.337816,-0.940188,-0.00123346
0,-0.593516,0.593516,-0.411232,0.411232,0.435166,-1.02792,4.07216,-0.0084882,0.337766,-0.940185,-0.00112381
0,-0.593516,0.593516,-0.411232,0.411232,0.440795,-1.02781,4.07191,-0.00926312,0.337716,-0.940182,-0.00101415
0,-0.593516,0.593516,-0.411232,0.411232,0.446425,-1.02769,4.07166,-0.010038,0.337665,-0.940179,-0.000904504
0,-0.593516,0.593516,-0.411232,0.411232,0.452055,-1.02758,4.07141,-0.010813,0.337615,-0.940176,-0.000794852
0,-0.593516,0.593516,-0.411232,0.411232,0.457684,-1.02746,4.07117,-0.0115879,0.337565,-0.940173,-0.0006852
0,-0.593516,0.593516,-0.411232,0.411232,0.463314,-1.02734,4.07092,-0.0123628,0.337515,-0.94017,-0.000575547
0,-0.593516,0.593516,-0.411232,0.411232,0.468944,-1.02723,4.07067,-0.0131378,0.337464,-0.940168,-0.000465893
0,-0.593516,0.593516,-0.411232,0.411232,0.474573,-1.02711,4.07042,-0.0139127,0.337414,-0.940165,-0.000356238
0,-0.593516,0.593516,-0.411232,0.411232,0.480203,-1.027,4.07018,-0.0146877,0.337364,-0.940162,-0.000246583
0,-0.593516,0.593516,-0.411232,0.411232,0.485833,-1.02688,4.06993,-0.0154626,0.337314,-0.940159,-0.000136927
0,-0.593516,0.593516,-0.411232,0.411232,0.491462,-1.02676,4.06968,-0.0162376,0.337263,-0.940156,-2.72708e-05
0,-0.593516,0.593516,-0.411232,0.411232,0.497092,-1.02665,4.06943,-0.0170125,0.337213,-0.940153,8.23866e-05
0,-0.593516,0.593516,-0.411232,0.411232,0.502722,-1.02653,4.06919,-0.0177875,0.337163,-0.94015,0.000192044
0,-0.593516,0.593516,-0.411232,0.411232,0.508351,-1.02642,4.06894,-0.0185625,0.337113,-0.940147,0.000301703
0,-0.593516,0.593516,-0.411232,0.411232,0.513981,-1.0263,4.06869,-0.0193375,0.337062,-0.940144,0.000411362
0,-0.593516,0.593516,-0.411232,0.411232,0.519611,-1.02618,4.06844,-0.0201125,0.337012,-0.940142,0.000521022
0,-0.593516,0.593516,-0.411232,0.411232,0.525241,-1.02607,4.0682,-0.0208874,0.336962,-0.940139,0.000630683
0,-0.593516,0.593516,-0.411232,0.411232,0.53087,-1.02595,4.06795,-0.0216624,0.336912,-0.940136,0.000740344
0,-0.593516,0.593516,-0.411232,0.411232,0.5365,-1.02584,4.0677,-0.0224374,0.336861,-0.940133,0.000850006
0,-0.593516,0.593516,-0.411232,0.411232,0.54213,-1.02572,4.06745,-0.0232124,0.336811,-0.94013,0.000959668
0,-0.593516,0.593516,-0.411232,0.411232,0.547759,-1.0256,4.06721,-0.0239874,0.336761,-0.940127,0.00106933
0,-0.593516,0.593516,-0.411232,0.411232,0.553389,-1.02549,4.06696,-0.0247625,0.336711,-0.940124,0.001179
0,-0.593516,0.593516,-0.411232,0.411232,0.559019,-1.02537,4.06671,-0.0255375,0.33666,-0.940121,0.00128866
0,-0.593516,0.593516,-0.411232,0.411232,0.564648,-1.02526,4.06646,-0.0263125,0.33661,-0.940118,0.00139833
0,-0.593516,0.593516,-0.411232,0.411232,0.570278,-1.02514,4.06622,-0.0270875,0.33656,-0.940116,0.00150799
0,-0.593516,0.593516,-0.411232,0.411232,0.575908,-1.02502,4.06597,-0.0278626,0.336509,-0.940113,0.00161766
0,-0.593516,0.593516,-0.411232,0.411232,0.581537,-1.02491,4.06572,-0.0286376,0.336459,-0.94011,0.00172732
0,-0.593516,0.593516,-0.411232,0.411232,0.587167,-1.02479,4.06547,-0.0294126,0.336409,-0.940107,0.00183699
0,-0.593516,0.593516,-0.411232,0.411232,0.592797,-1.02468,4.06523,-0.0301877,0.336359,-0.940104,0.00194666
0,-0.593516,0.593516,-0.411232,0.411232,0.598426,-1.02456,4.06498,-0.0309627,0.336308,-0.940101,0.00205633
0,-0.593516,0.593516,-0.411232,0.411232,0.604056,-1.02444,4.06473,-0.0317378,0.336258,-0.940098,0.002166
0,-0.593516,0.593516,-0.411232,0.411232,0.609686,-1.02433,4.06448,-0.0325128,0.336208,-0.940095,0.00227567
0,-0.593516,0.593516,-0.411232,0.411232,0.615315,-1.02421,4.06424,-0.0332879,0.336158,-0.940093,0.00238534
0,-0.593516,0.593516,-0.411232,0.411232,0.620945,-1.0241,4.06399,-0.034063,0.336107,-0.94009,0.00249502
0,-0.593516,0.593516,-0.411232,0.411232,0.626575,-1.02398,4.06374,-0.034838,0.336057,-0.940087,0.00260469
0,-0.593516,0.593516,-0.411232,0.411232,0.632205,-1.02386,4.06349,-0.0356131,0.336007,-0.940084,0.00271436
0,-0.593516,0.593516,-0.411232,0.411232,0.637834,-1.02375,4.06325,-0.0363882,0.335957,-0.940081,0.00282404
0,-0.593516,0.593516,-0.411232,0.411232,0.643464,-1.02363,4.063,-0.0371633,0.335906,-0.940078,0.00293371
0,-0.593516,0.593516,-0.411232,0.411232,0.649094,-1.02352,4.06275,-0.0379384,0.335856,-0.940075,0.00304339
0,-0.593516,0.593516,-0.411232,0.411232,0.654723,-1.0234,4.0625,-0.0387135,0.335806,-0.940072,0.00315306
0,-0.593516,0.593516,-0.411232,0.411232,0.660353,-1.02328,4.06226,-0.0394886,0.335756,-0.940069,0.00326274
0,-0.593516,0.593516,-0.411232,0.411232,0.665983,-1.02317,4.06201,-0.0402637,0.335705,-0.940066,0.00337242
0,-0.593516,0.593516,-0.411232,0.411232,0.671612,-1.02305,4.06176,-0.0410388,0.335655,-0.940064,0.00348209
0,-0.593516,0.593516,-0.411232,0.411232,0.677242,-1.02294,4.06151,-0.0418139,0.335605,-0.940061,0.00359177
0,-0.593516,0.593516,-0.411232,0.411232,0.682872,-1.02282,4.06127,-0.042589,0.335555,-0.940058,0.00370145
0,-0.593516,0.593516,-0.411232,0.411232,0.688501,-1.0227,4.06102,-0.0433642,0.335504,-0.940055,0.00381113
0,-0.593516,0.593516,-0.411232,0.411232,0.694131,-1.02259,4.06077,-0.0441393,0.335454,-0.940052,0.00392081
0,-0.593516,0.593516,-0.411232,0.411232,0.699761,-1.02247,4.06052,-0.0449145,0.335404,-0.940049,0.00403049
0,-0.593516,0.593516,-0.411232,0.411232,0.70539,-1.02236,4.06028,-0.0456896,0.335354,-0.940046,0.00414017
0,-0.593516,0.593516,-0.411232,0.411232,0.71102,-1.02224,4.06003,-0.0464647,0.335303,-0.940043,0.00424986
0,-0.593516,0.593516,-0.411232,0.411232,0.71665,-1.02212,4.05978,-0.0472399,0.335253,-0.940041,0.00435954
0,-0.593516,0.593516,-0.411232,0.411232,0.722279,-1.02201,4.05953,-0.048015,0.335203,-0.940038,0.00446923
0,-0.593516,0.593516,-0.411232,0.411232,0.727909,-1.02189,4.05929,-0.0487902,0.335152,-0.940035,0.00457891
0,-0.593516,0.593516,-0.411232,0.411232,0.733539,-1.02178,4.05904,-0.0495654,0.335102,-0.940032,0.0046886
0,-0.593516,0.593516,-0.411232,0.411232,0.739169,-1.02166,4.05879,-0.0503405,0.335052,-0.940029,0.00479828
0,-0.593516,0.593516,-0.411232,0.411232,0.744798,-1.02154,4.05854,-0.0511157,0.335002,-0.940026,0.00490797
0,-0.593516,0.593516,-0.411232,0.411232,0.750428,-1.02143,4.0583,-0.0518909,0.334951,-0.940023,0.00501766
0,-0.593516,0.593516,-0.411232,0.411232,0.756058,-1.02131,4.05805,-0.0526661,0.334901,-0.94002,0.00512734
0,-0.593516,0.593516,-0.411232,0.411232,0.761687,-1.0212,4.0578,-0.0534413,0.334851,-0.940017,0.00523703
0,-0.593516,0.593516,-0.411232,0.411232,0.767317,-1.02108,4.05755,-0.0542164,0.334801,-0.940015,0.00534672
0,-0.593516,0.593516,-0.411232,0.411232,0.772947,-1.02096,4.05731,-0.0549916,0.33475,-0.940012,0.00545641
0,-0.593516,0.593516,-0.411232,0.411232,0.778576,-1.02085,4.05706,-0.0557669,0.3347,-0.940009,0.00556611
0,-0.593516,0.593516,-0.411232,0.411232,0.784206,-1.02073,4.05681,-0.0565421,0.33465,-0.940006,0.0056758
0,-0.593516,0.593516,-0.411232,0.411232,0.789836,-1.02062,4.05656,-0.0573173,0.3346,-0.940003,0.00578549
0,-0.593516,0.593516,-0.411232,0.411232,0.795465,-1.0205,4.05632,-0.0580925,0.334549,-0.94,0.00589518
0,-0.593516,0.593516,-0.411232,0.411232,0.801095,-1.02038,4.05607,-0.0588677,0.334499,-0.939997,0.00600488
0,-0.593516,0.593516,-0.411232,0.411232,0.806725,-1.02027,4.05582,-0.0596429,0.334449,-0.939994,0.00611457
0,-0.593516,0.593516,-0.411232,0.411232,0.812354,-1.02015,4.05557,-0.0604182,0.334399,-0.939991,0.00622426
0,-0.593516,0.593516,-0.411232,0.411232,0.817984,-1.02004,4.05533,-0.0611934,0.334348,-0.939988,0.00633396
0,-0.593516,0.593516,-0.411232,0.411232,0.823614,-1.01992,4.05508,-0.0619686,0.334298,-0.939986,0.00644366
0,-0.593516,0.593516,-0.411232,0.411232,0.829243,-1.0198,4.05483,-0.0627439,0.334248,-0.939983,0.00655335
0,-0.593516,0.593516,-0.411232,0.411232,0.834873,-1.01969,4.05458,-0.0635191,0.334197,-0.93998,0.00666305
0,-0.593516,0.593516,-0.411232,0.411232,0.840503,-1.01957,4.05434,-0.0642944,0.334147,-0.939977,0.00677275
0,-0.593516,0.593516,-0.411232,0.411232,0.846133,-1.01946,4.05409,-0.0650697,0.334097,-0.939974,0.00688245
0,-0.593516,0.593516,-0.411232,0.411232,0.851762,-1.01934,4.05384,-0.0658449,0.334047,-0.939971,0.00699215
0,-0.593516,0.593516,-0.411232,0.411232,0.857392,-1.01922,4.05359,-0.0666202,0.333996,-0.939968,0.00710185
0,-0.593516,0.593516,-0.411232,0.411232,0.863022,-1.01911,4.05335,-0.0673955,0.333946,-0.939965,0.00721155
0,-0.593516,0.593516,-0.411232,0.411232,0.868651,-1.01899,4.0531,-0.0681707,0.333896,-0.939963,0.00732125
0,-0.593516,0.593516,-0.411232,0.411232,0.874281,-1.01887,4.05285,-0.068946,0.333846,-0.93996,0.00743095
0,-0.593516,0.593516,-0.411232,0.411232,0.879911,-1.01876,4.0526,-0.0697213,0.333795,-0.939957,0.00754065
0,-0.593516,0.593516,-0.411232,0.411232,0.88554,-1.01864,4.05236,-0.0704966,0.333745,-0.939954,0.00765036
0,-0.593516,0.593516,-0.411232,0.411232,0.89117,-1.01853,4.05211,-0.0712719,0.333695,-0.939951,0.00776006
0,-0.593516,0.593516,-0.411232,0.411232,0.89117,-1.01853,4.05211,-0.0712719,0.333695,-0.939951,0.00776006
0,-0.593516,0.593516,-0.411232,0.411232,0.896477,-1.0176,4.05042,-0.0720154,0.333549,-0.939908,0.00788241
0,-0.593516,0.593516,-0.411232,0.411232,0.901784,-1.01667,4.04873,-0.072759,0.333402,-0.939865,0.00800476
0,-0.593516,0.593516,-0.411232,0.411232,0.907091,-1.01574,4.04704,-0.0735027,0.333256,-0.939821,0.00812713
0,-0.593516,0.593516,-0.411232,0.411232,0.912398,-1.0148,4.04534,-0.0742464,0.33311,-0.939778,0.00824951
0,-0.593516,0.593516,-0.411232,0.411232,0.917705,-1.01387,4.04365,-0.0749902,0.332964,-0.939735,0.0083719
0,-0.593516,0.593516,-0.411232,0.411232,0.923012,-1.01294,4.04196,-0.0757341,0.332817,-0.939692,0.0084943
0,-0.593516,0.593516,-0.411232,0.411232,0.928319,-1.01201,4.04027,-0.076478,0.332671,-0.939648,0.00861671
0,-0.593516,0.593516,-0.411232,0.411232,0.933626,-1.01108,4.03858,-0.0772221,0.332525,-0.939605,0.00873913
0,-0.593516,0.593516,-0.411232,0.411232,0.938934,-1.01015,4.03689,-0.0779661,0.332379,-0.939562,0.00886157
0,-0.593516,0.593516,-0.411232,0.411232,0.944241,-1.00922,4.0352,-0.0787103,0.332232,-0.939519,0.00898401
0,-0.593516,0.593516,-0.411232,0.411232,0.949548,-1.00829,4.03351,-0.0794545,0.332086,-0.939475,0.00910647
0,-0.593516,0.593516,-0.411232,0.411232,0.954855,-1.00736,4.03182,-0.0801988,0.33194,-0.939432,0.00922894
0,-0.593516,0.593516,-0.411232,0.411232,0.960162,-1.00643,4.03012,-0.0809431,0.331793,-0.939389,0.00935142
0,-0.593516,0.593516,-0.411232,0.411232,0.965469,-1.0055,4.02843,-0.0816875,0.331647,-0.939345,0.00947391
0,-0.593516,0.593516,-0.411232,0.411232,0.970776,-1.00457,4.02674,-0.082432,0.331501,-0.939302,0.00959641
0,-0.593516,0.593516,-0.411232,0.411232,0.976083,-1.00364,4.02505,-0.0831766,0.331354,-0.939259,0.00971893
0,-0.593516,0.593516,-0.411232,0.411232,0.98139,-1.00271,4.02336,-0.0839212,0.331208,-0.939216,0.00984145
0,-0.593516,0.593516,-0.411232,0.411232,0.986697,-1.00178,4.02167,-0.0846659,0.331062,-0.939172,0.00996399
0,-0.593516,0.593516,-0.411232,0.411232,0.992004,-1.00085,4.01998,-0.0854107,0.330915,-0.939129,0.0100865
0,-0.593516,0.593516,-0.411232,0.411232,0.997311,-0.999916,4.01829,-0.0861555,0.330769,-0.939086,0.0102091
0,-0.593516,0.593516,-0.411232,0.411232,1.00262,-0.998985,4.0166,-0.0869004,0.330622,-0.939042,0.0103317
0,-0.593516,0.593516,-0.411232,0.411232,1.00793,-0.998055,4.0149,-0.0876454,0.330476,-0.938999,0.0104542
0,-0.593516,0.593516,-0.411232,0.411232,1.01323,-0.997124,4.01321,-0.0883904,0.330329,-0.938956,0.0105768
0,-0.593516,0.593516,-0.411232,0.411232,1.01854,-0.996194,4.01152,-0.0891355,0.330183,-0.938913,0.0106994
0,-0.593516,0.593516,-0.411232,0.411232,1.02385,-0.995263,4.00983,-0.0898807,0.330036,-0.938869,0.0108221
0,-0.593516,0.593516,-0.411232,0.411232,1.02915,-0.994333,4.00814,-0.0906259,0.32989,-0.938826,0.0109447
0,-0.593516,0.593516,-0.411232,0.411232,1.03446,-0.993402,4.00645,-0.0913713,0.329743,-0.938783,0.0110673
0,-0.593516,0.593516,-0.411232,0.411232,1.03977,-0.992472,4.00476,-0.0921166,0.329597,-0.938739,0.01119
0,-0.593516,0.593516,-0.411232,0.411232,1.04507,-0.991541,4.00307,-0.0928621,0.32945,-0.938696,0.0113126
0,-0.593516,0.593516,-0.411232,0.411232,1.05038,-0.990611,4.00138,-0.0936076,0.329304,-0.938653,0.0114353
0,-0.593516,0.593516,-0.411232,0.411232,1.05569,-0.98968,3.99969,-0.0943532,0.329157,-0.93861,0.011558
0,-0.593516,0.593516,-0.411232,0.411232,1.061,-0.988749,3.99799,-0.0950989,0.329011,-0.938566,0.0116807
0,-0.593516,0.593516,-0.411232,0.411232,1.0663,-0.987819,3.9963,-0.0958446,0.328864,-0.938523,0.0118034
0,-0.593516,0.593516,-0.411232,0.411232,1.07161,-0.986888,3.99461,-0.0965904,0.328717,-0.93848,0.0119261
0,-0.593516,0.593516,-0.411232,0.411232,1.07692,-0.985958,3.99292,-0.0973363,0.328571,-0.938436,0.0120488
0,-0.593516,0.593516,-0.411232,0.411232,1.08222,-0.985027,3.99123,-0.0980822,0.328424,-0.938393,0.0121716
0,-0.593516,0.593516,-0.411232,0.411232,1.08753,-0.984097,3.98954,-0.0988282,0.328277,-0.93835,0.0122943
0,-0.593516,0.593516,-0.411232,0.411232,1.09284,-0.983166,3.98785,-0.0995743,0.328131,-0.938306,0.0124171
0,-0.593516,0.593516,-0.411232,0.411232,1.09815,-0.982236,3.98616,-0.10032,0.327984,-0.938263,0.0125399
0,-0.593516,0.593516,-0.411232,0.411232,1.10345,-0.981305,3.98447,-0.101067,0.327837,-0.93822,0.0126627
0,-0.593516,0.593516,-0.411232,0.411232,1.10876,-0.980375,3.98277,-0.101813,0.327691,-0.938176,0.0127854
0,-0.593516,0.593516,-0.411232,0.411232,1.11407,-0.979444,3.98108,-0.102559,0.327544,-0.938133,0.0129083
0,-0.593516,0.593516,-0.411232,0.411232,1.11937,-0.978513,3.97939,-0.103306,0.327397,-0.93809,0.0130311
0,-0.593516,0.593516,-0.411232,0.411232,1.12468,-0.977583,3.9777,-0.104052,0.327251,-0.938046,0.0131539
0,-0.593516,0.593516,-0.411232,0.411232,1.12999,-0.976652,3.97601,-0.104799,0.327104,-0.938003,0.0132768
0,-0.593516,0.593516,-0.411232,0.411232,1.13529,-0.975722,3.97432,-0.105545,0.326957,-0.93796,0.0133996
0,-0.593516,0.593516,-0.411232,0.411232,1.1406,-0.974791,3.97263,-0.106292,0.32681,-0.937916,0.0135225
0,-0.593516,0.593516,-0.411232,0.411232,1.14591,-0.973861,3.97094,-0.107039,0.326664,-0.937873,0.0136453
0,-0.593516,0.593516,-0.411232,0.411232,1.15122,-0.97293,3.96925,-0.107786,0.326517,-0.93783,0.0137682
0,-0.593516,0.593516,-0.411232,0.411232,1.15652,-0.972,3.96755,-0.108533,0.32637,-0.937786,0.0138911
0,-0.593516,0.593516,-0.411232,0.411232,1.16183,-0.971069,3.96586,-0.10928,0.326223,-0.937743,0.014014
0,-0.593516,0.593516,-0.411232,0.411232,1.16714,-0.970138,3.96417,-0.110027,0.326076,-0.9377,0.014137
0,-0.593516,0.593516,-0.411232,0.411232,1.17244,-0.969208,3.96248,-0.110774,0.325929,-0.937656,0.0142599
0,-0.593516,0.593516,-0.411232,0.411232,1.17775,-0.968277,3.96079,-0.111521,0.325783,-0.937613,0.0143828
0,-0.593516,0.593516,-0.411232,0.411232,1.18306,-0.967347,3.9591,-0.112268,0.325636,-0.93757,0.0145058
0,-0.593516,0.593516,-0.411232,0.411232,1.18837,-0.966416,3.95741,-0.113015,0.325489,-0.937526,0.0146288
0,-0.593516,0.593516,-0.411232,0.411232,1.19367,-0.965486,3.95572,-0.113763,0.325342,-0.937483,0.0147518
0,-0.593516,0.593516,-0.411232,0.411232,1.19898,-0.964555,3.95403,-0.11451,0.325195,-0.93744,0.0148747
0,-0.593516,0.593516,-0.411232,0.411232,1.20429,-0.963625,3.95234,-0.115258,0.325048,-0.937396,0.0149977
0,-0.593516,0.593516,-0.411232,0.411232,1.20959,-0.962694,3.95064,-0.116005,0.324901,-0.937353,0.0151208
0,-0.593516,0.593516,-0.411232,0.411232,1.2149,-0.961764,3.94895,-0.116753,0.324754,-0.93731,0.0152438
0,-0.593516,0.593516,-0.411232,0.411232,1.22021,-0.960833,3.94726,-0.117501,0.324607,-0.937266,0.0153668
0,-0.593516,0.593516,-0.411232,0.411232,1.22551,-0.959902,3.94557,-0.118249,0.32446,-0.937223,0.0154899
0,-0.593516,0.593516,-0.411232,0.411232,1.23082,-0.958972,3.94388,-0.118997,0.324313,-0.937179,0.0156129
0,-0.593516,0.593516,-0.411232,0.411232,1.23613,-0.958041,3.94219,-0.119744,0.324166,-0.937136,0.015736
0,-0.593516,0.593516,-0.411232,0.411232,1.24144,-0.957111,3.9405,-0.120492,0.324019,-0.937093,0.0158591
0,-0.593516,0.593516,-0.411232,0.411232,1.24674,-0.95618,3.93881,-0.121241,0.323872,-0.937049,0.0159822
0,-0.593516,0.593516,-0.411232,0.411232,1.25205,-0.95525,3.93712,-0.121989,0.323725,-0.937006,0.0161053
0,-0.593516,0.593516,-0.411232,0.411232,1.25736,-0.954319,3.93542,-0.122737,0.323578,-0.936963,0.0162284
0,-0.593516,0.593516,-0.411232,0.411232,1.26266,-0.953389,3.93373,-0.123485,0.323431,-0.936919,0.0163515
0,-0.593516,0.593516,-0.411232,0.411232,1.26797,-0.952458,3.93204,-0.124234,0.323284,-0.936876,0.0164747
0,-0.593516,0.593516,-0.411232,0.411232,1.27328,-0.951528,3.93035,-0.124982,0.323137,-0.936832,0.0165978
0,-0.593516,0.593516,-0.411232,0.411232,1.27859,-0.950597,3.92866,-0.12573,0.32299,-0.936789,0.016721
0,-0.593516,0.593516,-0.411232,0.411232,1.28389,-0.949666,3.92697,-0.126479,0.322843,-0.936746,0.0168441
0,-0.593516,0.593516,-0.411232,0.411232,1.2892,-0.948736,3.92528,-0.127228,0.322696,-0.936702,0.0169673
0,-0.593516,0.593516,-0.411232,0.411232,1.29451,-0.947805,3.92359,-0.127976,0.322548,-0.936659,0.0170905
0,-0.593516,0.593516,-0.411232,0.411232,1.29981,-0.946875,3.9219,-0.128725,0.322401,-0.936615,0.0172137
0,-0.593516,0.593516,-0.411232,0.411232,1.30512,-0.945944,3.9202,-0.129474,0.322254,-0.936572,0.017337
0,-0.593516,0.593516,-0.411232,0.411232,1.31043,-0.945014,3.91851,-0.130223,0.322107,-0.936529,0.0174602
0,-0.593516,0.593516,-0.411232,0.411232,1.31573,-0.944083,3.91682,-0.130972,0.32196,-0.936485,0.0175834
0,-0.593516,0.593516,-0.411232,0.411232,1.32104,-0.943153,3.91513,-0.131721,0.321812,-0.936442,0.0177067
0,-0.593516,0.593516,-0.411232,0.411232,1.32635,-0.942222,3.91344,-0.13247,0.321665,-0.936398,0.0178299
0,-0.593516,0.593516,-0.411232,0.411232,1.33166,-0.941291,3.91175,-0.133219,0.321518,-0.936355,0.0179532
0,-0.593516,0.593516,-0.411232,0.411232,1.33696,-0.940361,3.91006,-0.133969,0.321371,-0.936312,0.0180765
0,-0.593516,0.593516,-0.411232,0.411232,1.34227,-0.93943,3.90837,-0.134718,0.321224,-0.936268,0.0181998
0,-0.593516,0.593516,-0.411232,0.411232,1.34758,-0.9385,3.90668,-0.135467,0.321076,-0.936225,0.0183231
0,-0.593516,0.593516,-0.411232,0.411232,1.35288,-0.937569,3.90499,-0.136217,0.320929,-0.936181,0.0184464
0,-0.593516,0.593516,-0.411232,0.411232,1.35819,-0.936639,3.90329,-0.136966,0.320782,-0.936138,0.0185698
0,-0.593516,0.593516,-0.411232,0.411232,1.3635,-0.935708,3.9016,-0.137716,0.320634,-0.936095,0.0186931
0,-0.593516,0.593516,-0.411232,0.411232,1.36881,-0.934778,3.89991,-0.138466,0.320487,-0.936051,0.0188165
0,-0.593516,0.593516,-0.411232,0.411232,1.37411,-0.933847,3.89822,-0.139215,0.32034,-0.936008,0.0189398
0,-0.593516,0.593516,-0.411232,0.411232,1.37942,-0.932917,3.89653,-0.139965,0.320192,-0.935964,0.0190632
0,-0.593516,0.593516,-0.411232,0.411232,1.38473,-0.931986,3.89484,-0.140715,0.320045,-0.935921,0.0191866
0,-0.593516,0.593516,-0.411232,0.411232,1.39003,-0.931055,3.89315,-0.141465,0.319898,-0.935877,0.01931
0,-0.593516,0.593516,-0.411232,0.411232,1.39534,-0.930125,3.89146,-0.142215,0.31975,-0.935834,0.0194334
0,-0.593516,0.593516,-0.411232,0.411232,1.40065,-0.929194,3.88977,-0.142965,0.319603,-0.935791,0.0195569
0,-0.593516,0.593516,-0.411232,0.411232,1.40595,-0.928264,3.88807,-0.143715,0.319455,-0.935747,0.0196803
0,-0.593516,0.593516,-0.411232,0.411232,1.41126,-0.927333,3.88638,-0.144466,0.319308,-0.935704,0.0198038
0,-0.593516,0.593516,-0.411232,0.411232,1.41657,-0.926403,3.88469,-0.145216,0.31916,-0.93566,0.0199272
0,-0.593516,0.593516,-0.411232,0.411232,1.42188,-0.925472,3.883,-0.145966,0.319013,-0.935617,0.0200507
0,-0.593516,0.593516,-0.411232,0.411232,1.42718,-0.924542,3.88131,-0.146717,0.318866,-0.935573,0.0201742
0,-0.593516,0.593516,-0.411232,0.411232,1.43249,-0.923611,3.87962,-0.147467,0.318718,-0.93553,0.0202977
0,-0.593516,0.593516,-0.411232,0.411232,1.4378,-0.922681,3.87793,-0.148218,0.318571,-0.935486,0.0204212
0,-0.593516,0.593516,-0.411232,0.411232,1.4431,-0.92175,3.87624,-0.148969,0.318423,-0.935443,0.0205447
0,-0.593516,0.593516,-0.411232,0.411232,1.44841,-0.920819,3.87455,-0.149719,0.318276,-0.9354,0.0206682
0,-0.593516,0.593516,-0.411232,0.411232,1.45372,-0.919889,3.87285,-0.15047,0.318128,-0.935356,0.0207918
0,-0.593516,0.593516,-0.411232,0.411232,1.45903,-0.918958,3.87116,-0.151221,0.31798,-0.935313,0.0209153
0,-0.593516,0.593516,-0.411232,0.411232,1.46433,-0.918028,3.86947,-0.151972,0.317833,-0.935269,0.0210389
0,-0.593516,0.593516,-0.411232,0.411232,1.46964,-0.917097,3.86778,-0.152723,0.317685,-0.935226,0.0211624
0,-0.593516,0.593516,-0.411232,0.411232,1.47495,-0.916167,3.86609,-0.153474,0.317538,-0.935182,0.021286
0,-0.593516,0.593516,-0.411232,0.411232,1.48025,-0.915236,3.8644,-0.154225,0.31739,-0.935139,0.0214096
0,-0.593516,0.593516,-0.411232,0.411232,1.48556,-0.914306,3.86271,-0.154977,0.317243,-0.935095,0.0215332
0,-0.593516,0.593516,-0.411232,0.411232,1.49087,-0.913375,3.86102,-0.155728,0.317095,-0.935052,0.0216569
0,-0.593516,0.593516,-0.411232,0.411232,1.49617,-0.912445,3.85933,-0.156479,0.316947,-0.935008,0.0217805
0,-0.593516,0.593516,-0.411232,0.411232,1.50148,-0.911514,3.85763,-0.157231,0.3168,-0.934965,0.0219041
0,-0.593516,0.593516,-0.411232,0.411232,1.50679,-0.910583,3.85594,-0.157982,0.316652,-0.934922,0.0220278
0,-0.593516,0.593516,-0.411232,0.411232,1.5121,-0.909653,3.85425,-0.158734,0.316504,-0.934878,0.0221515
0,-0.593516,0.593516,-0.411232,0.411232,1.5174,-0.908722,3.85256,-0.159485,0.316357,-0.934835,0.0222752
0,-0.593516,0.593516,-0.411232,0.411232,1.52271,-0.907792,3.85087,-0.160237,0.316209,-0.934791,0.0223988
0,-0.593516,0.593516,-0.411232,0.411232,1.52271,-0.907792,3.85087,-0.160237,0.316209,-0.934791,0.0223988
0,-0.593516,0.593516,-0.411232,0.411232,1.52763,-0.90588,3.84743,-0.160935,0.316311,-0.934595,0.0225218
0,-0.593516,0.593516,-0.411232,0.411232,1.53255,-0.903969,3.844,-0.161634,0.316414,-0.934399,0.0226448
0,-0.593516,0.593516,-0.411232,0.411232,1.53746,-0.902058,3.84056,-0.162333,0.316516,-0.934203,0.0227678
0,-0.593516,0.593516,-0.411232,0.411232,1.54238,-0.900147,3.83712,-0.163032,0.316619,-0.934006,0.0228909
0,-0.593516,0.593516,-0.411232,0.411232,1.5473,-0.898235,3.83368,-0.163732,0.316721,-0.93381,0.023014
0,-0.593516,0.593516,-0.411232,0.411232,1.55222,-0.896324,3.83025,-0.164432,0.316824,-0.933614,0.0231372
0,-0.593516,0.593516,-0.411232,0.411232,1.55714,-0.894413,3.82681,-0.165132,0.316927,-0.933417,0.0232604
0,-0.593516,0.593516,-0.411232,0.411232,1.56206,-0.892501,3.82337,-0.165832,0.317029,-0.933221,0.0233837
0,-0.593516,0.593516,-0.411232,0.411232,1.56697,-0.89059,3.81993,-0.166533,0.317132,-0.933024,0.0235071
0,-0.593516,0.593516,-0.411232,0.411232,1.57189,-0.888679,3.8165,-0.167234,0.317235,-0.932828,0.0236305
0,-0.593516,0.593516,-0.411232,0.411232,1.57681,-0.886767,3.81306,-0.167935,0.317338,-0.932631,0.0237539
0,-0.593516,0.593516,-0.411232,0.411232,1.58173,-0.884856,3.80962,-0.168637,0.317441,-0.932435,0.0238775
0,-0.593516,0.593516,-0.411232,0.411232,1.58665,-0.882945,3.80618,-0.169339,0.317544,-0.932238,0.024001
0,-0.593516,0.593516,-0.411232,0.411232,1.59156,-0.881033,3.80275,-0.170041,0.317647,-0.932041,0.0241246
0,-0.593516,0.593516,-0.411232,0.411232,1.59648,-0.879122,3.79931,-0.170744,0.31775,-0.931845,0.0242483
0,-0.593516,0.593516,-0.411232,0.411232,1.6014,-0.877211,3.79587,-0.171447,0.317853,-0.931648,0.024372
0,-0.593516,0.593516,-0.411232,0.411232,1.60632,-0.8753,3.79243,-0.17215,0.317957,-0.931451,0.0244958
0,-0.593516,0.593516,-0.411232,0.411232,1.61124,-0.873388,3.789,-0.172854,0.31806,-0.931254,0.0246196
0,-0.593516,0.593516,-0.411232,0.411232,1.61615,-0.871477,3.78556,-0.173557,0.318163,-0.931057,0.0247435
0,-0.593516,0.593516,-0.411232,0.411232,1.62107,-0.869566,3.78212,-0.174261,0.318267,-0.93086,0.0248675
0,-0.593516,0.593516,-0.411232,0.411232,1.62599,-0.867654,3.77869,-0.174966,0.31837,-0.930663,0.0249914
0,-0.593516,0.593516,-0.411232,0.411232,1.63091,-0.865743,3.77525,-0.175671,0.318474,-0.930466,0.0251155
0,-0.593516,0.593516,-0.411232,0.411232,1.63583,-0.863832,3.77181,-0.176376,0.318578,-0.930269,0.0252396
0,-0.593516,0.593516,-0.411232,0.411232,1.64075,-0.86192,3.76837,-0.177081,0.318681,-0.930072,0.0253637
0,-0.593516,0.593516,-0.411232,0.411232,1.64566,-0.860009,3.76494,-0.177787,0.318785,-0.929875,0.0254879
0,-0.593516,0.593516,-0.411232,0.411232,1.65058,-0.858098,3.7615,-0.178493,0.318889,-0.929678,0.0256122
0,-0.593516,0.593516,-0.411232,0.411232,1.6555,-0.856186,3.75806,-0.179199,0.318993,-0.929481,0.0257365
0,-0.593516,0.593516,-0.411232,0.411232,1.66042,-0.854275,3.75462,-0.179905,0.319097,-0.929284,0.0258609
0,-0.593516,0.593516,-0.411232,0.411232,1.66534,-0.852364,3.75119,-0.180612,0.319201,-0.929086,0.0259853
0,-0.593516,0.593516,-0.411232,0.411232,1.67025,-0.850453,3.74775,-0.181319,0.319305,-0.928889,0.0261098
0,-0.593516,0.593516,-0.411232,0.411232,1.67517,-0.848541,3.74431,-0.182027,0.319409,-0.928692,0.0262343
0,-0.593516,0.593516,-0.411232,0.411232,1.68009,-0.84663,3.74087,-0.182735,0.319513,-0.928494,0.0263589
0,-0.593516,0.593516,-0.411232,0.411232,1.68501,-0.844719,3.73744,-0.183443,0.319617,-0.928297,0.0264835
0,-0.593516,0.593516,-0.411232,0.411232,1.68993,-0.842807,3.734,-0.184151,0.319721,-0.928099,0.0266082
0,-0.593516,0.593516,-0.411232,0.411232,1.69484,-0.840896,3.73056,-0.18486,0.319826,-0.927902,0.026733
0,-0.593516,0.593516,-0.411232,0.411232,1.69976,-0.838985,3.72712,-0.185569,0.31993,-0.927704,0.0268578
0,-0.593516,0.593516,-0.411232,0.411232,1.70468,-0.837073,3.72369,-0.186278,0.320034,-0.927506,0.0269826
0,-0.593516,0.593516,-0.411232,0.411232,1.7096,-0.835162,3.72025,-0.186988,0.320139,-0.927309,0.0271075
0,-0.593516,0.593516,-0.411232,0.411232,1.71452,-0.833251,3.71681,-0.187698,0.320244,-0.927111,0.0272325
0,-0.593516,0.593516,-0.411232,0.411232,1.71944,-0.831339,3.71337,-0.188408,0.320348,-0.926913,0.0273575
0,-0.593516,0.593516,-0.411232,0.411232,1.72435,-0.829428,3.70994,-0.189119,0.320453,-0.926715,0.0274826
0,-0.593516,0.593516,-0.411232,0.411232,1.72927,-0.827517,3.7065,-0.18983,0.320558,-0.926517,0.0276077
0,-0.593516,0.593516,-0.411232,0.411232,1.73419,-0.825605,3.70306,-0.190541,0.320662,-0.92632,0.0277329
0,-0.593516,0.593516,-0.411232,0.411232,1.73911,-0.823694,3.69963,-0.191252,0.320767,-0.926122,0.0278581
0,-0.593516,0.593516,-0.411232,0.411232,1.74403,-0.821783,3.69619,-0.191964,0.320872,-0.925924,0.0279834
0,-0.593516,0.593516,-0.411232,0.411232,1.74894,-0.819872,3.69275,-0.192676,0.320977,-0.925726,0.0281088
0,-0.593516,0.593516,-0.411232,0.411232,1.75386,-0.81796,3.68931,-0.193389,0.321082,-0.925528,0.0282341
0,-0.593516,0.593516,-0.411232,0.411232,1.75878,-0.816049,3.68588,-0.194102,0.321187,-0.92533,0.0283596
0,-0.593516,0.593516,-0.411232,0.411232,1.7637,-0.814138,3.68244,-0.194815,0.321292,-0.925131,0.0284851
0,-0.593516,0.593516,-0.411232,0.411232,1.76862,-0.812226,3.679,-0.195528,0.321398,-0.924933,0.0286107
0,-0.593516,0.593516,-0.411232,0.411232,1.77353,-0.810315,3.67556,-0.196242,0.321503,-0.924735,0.0287363
0,-0.593516,0.593516,-0.411232,0.411232,1.77845,-0.808404,3.67213,-0.196956,0.321608,-0.924537,0.028862
0,-0.593516,0.593516,-0.411232,0.411232,1.78337,-0.806492,3.66869,-0.19767,0.321714,-0.924338,0.0289877
0,-0.593516,0.593516,-0.411232,0.411232,1.78829,-0.804581,3.66525,-0.198385,0.321819,-0.92414,0.0291135
0,-0.593516,0.593516,-0.411232,0.411232,1.79321,-0.80267,3.66181,-0.1991,0.321925,-0.923942,0.0292393
0,-0.593516,0.593516,-0.411232,0.411232,1.79813,-0.800758,3.65838,-0.199815,0.32203,-0.923743,0.0293652
0,-0.593516,0.593516,-0.411232,0.411232,1.80304,-0.798847,3.65494,-0.200531,0.322136,-0.923545,0.0294912
0,-0.593516,0.593516,-0.411232,0.411232,1.80796,-0.796936,3.6515,-0.201247,0.322242,-0.923346,0.0296172
0,-0.593516,0.593516,-0.411232,0.411232,1.81288,-0.795025,3.64806,-0.201963,0.322347,-0.923148,0.0297433
0,-0.593516,0.593516,-0.411232,0.411232,1.8178,-0.793113,3.64463,-0.20268,0.322453,-0.922949,0.0298694
0,-0.593516,0.593516,-0.411232,0.411232,1.82272,-0.791202,3.64119,-0.203396,0.322559,-0.92275,0.0299956
0,-0.593516,0.593516,-0.411232,0.411232,1.82763,-0.789291,3.63775,-0.204114,0.322665,-0.922552,0.0301218
0,-0.593516,0.593516,-0.411232,0.411232,1.83255,-0.787379,3.63431,-0.204831,0.322771,-0.922353,0.0302481
0,-0.593516,0.593516,-0.411232,0.411232,1.83747,-0.785468,3.63088,-0.205549,0.322877,-0.922154,0.0303744
0,-0.593516,0.593516,-0.411232,0.411232,1.84239,-0.783557,3.62744,-0.206267,0.322983,-0.921955,0.0305008
0,-0.593516,0.593516,-0.411232,0.411232,1.84731,-0.781645,3.624,-0.206986,0.323089,-0.921756,0.0306273
0,-0.593516,0.593516,-0.411232,0.411232,1.85222,-0.779734,3.62056,-0.207704,0.323196,-0.921557,0.0307538
0,-0.593516,0.593516,-0.411232,0.411232,1.85714,-0.777823,3.61713,-0.208424,0.323302,-0.921359,0.0308804
0,-0.593516,0.593516,-0.411232,0.411232,1.86206,-0.775911,3.61369,-0.209143,0.323408,-0.92116,0.031007
0,-0.593516,0.593516,-0.411232,0.411232,1.86698,-0.774,3.61025,-0.209863,0.323515,-0.92096,0.0311336
0,-0.593516,0.593516,-0.411232,0.411232,1.8719,-0.772089,3.60682,-0.210583,0.323621,-0.920761,0.0312604
0,-0.593516,0.593516,-0.411232,0.411232,1.87682,-0.770178,3.60338,-0.211303,0.323728,-0.920562,0.0313872
0,-0.593516,0.593516,-0.411232,0.411232,1.88173,-0.768266,3.59994,-0.212024,0.323834,-0.920363,0.031514
0,-0.593516,0.593516,-0.411232,0.411232,1.88665,-0.766355,3.5965,-0.212745,0.323941,-0.920164,0.0316409
0,-0.593516,0.593516,-0.411232,0.411232,1.89157,-0.764444,3.59307,-0.213466,0.324048,-0.919965,0.0317679
0,-0.593516,0.593516,-0.411232,0.411232,1.89649,-0.762532,3.58963,-0.214188,0.324155,-0.919765,0.0318949
0,-0.593516,0.593516,-0.411232,0.411232,1.90141,-0.760621,3.58619,-0.21491,0.324261,-0.919566,0.032022
0,-0.593516,0.593516,-0.411232,0.411232,1.90632,-0.75871,3.58275,-0.215632,0.324368,-0.919367,0.0321491
0,-0.593516,0.593516,-0.411232,0.411232,1.91124,-0.756798,3.57932,-0.216355,0.324475,-0.919167,0.0322763
0,-0.593516,0.593516,-0.411232,0.411232,1.91616,-0.754887,3.57588,-0.217078,0.324582,-0.918968,0.0324035
0,-0.593516,0.593516,-0.411232,0.411232,1.92108,-0.752976,3.57244,-0.217801,0.324689,-0.918768,0.0325308
0,-0.593516,0.593516,-0.411232,0.411232,1.926,-0.751064,3.569,-0.218525,0.324797,-0.918569,0.0326582
0,-0.593516,0.593516,-0.411232,0.411232,1.93091,-0.749153,3.56557,-0.219249,0.324904,-0.918369,0.0327856
0,-0.593516,0.593516,-0.411232,0.411232,1.93583,-0.747242,3.56213,-0.219973,0.325011,-0.918169,0.0329131
0,-0.593516,0.593516,-0.411232,0.411232,1.94075,-0.745331,3.55869,-0.220698,0.325118,-0.91797,0.0330406
0,-0.593516,0.593516,-0.411232,0.411232,1.94567,-0.743419,3.55525,-0.221423,0.325226,-0.91777,0.0331682
0,-0.593516,0.593516,-0.411232,0.411232,1.95059,-0.741508,3.55182,-0.222148,0.325333,-0.91757,0.0332958
0,-0.593516,0.593516,-0.411232,0.411232,1.95551,-0.739597,3.54838,-0.222874,0.325441,-0.91737,0.0334235
0,-0.593516,0.593516,-0.411232,0.411232,1.96042,-0.737685,3.54494,-0.2236,0.325548,-0.91717,0.0335513
0,-0.593516,0.593516,-0.411232,0.411232,1.96534,-0.735774,3.5415,-0.224326,0.325656,-0.916971,0.0336791
0,-0.593516,0.593516,-0.411232,0.411232,1.97026,-0.733863,3.53807,-0.225052,0.325764,-0.916771,0.033807
0,-0.593516,0.593516,-0.411232,0.411232,1.97518,-0.731951,3.53463,-0.225779,0.325872,-0.916571,0.0339349
0,-0.593516,0.593516,-0.411232,0.411232,1.9801,-0.73004,3.53119,-0.226507,0.32598,-0.916371,0.0340629
0,-0.593516,0.593516,-0.411232,0.411232,1.98501,-0.728129,3.52776,-0.227234,0.326087,-0.91617,0.0341909
0,-0.593516,0.593516,-0.411232,0.411232,1.98993,-0.726217,3.52432,-0.227962,0.326195,-0.91597,0.034319
0,-0.593516,0.593516,-0.411232,0.411232,1.99485,-0.724306,3.52088,-0.22869,0.326303,-0.91577,0.0344472
0,-0.593516,0.593516,-0.411232,0.411232,1.99977,-0.722395,3.51744,-0.229419,0.326411,-0.91557,0.0345754
0,-0.593516,0.593516,-0.411232,0.411232,2.00469,-0.720483,3.51401,-0.230148,0.32652,-0.91537,0.0347037
0,-0.593516,0.593516,-0.411232,0.411232,2.0096,-0.718572,3.51057,-0.230877,0.326628,-0.915169,0.034832
0,-0.593516,0.593516,-0.411232,0.411232,2.01452,-0.716661,3.50713,-0.231606,0.326736,-0.914969,0.0349604
0,-0.593516,0.593516,-0.411232,0.411232,2.01944,-0.71475,3.50369,-0.232336,0.326845,-0.914769,0.0350889
0,-0.593516,0.593516,-0.411232,0.411232,2.02436,-0.712838,3.50026,-0.233066,0.326953,-0.914568,0.0352174
0,-0.593516,0.593516,-0.411232,0.411232,2.02928,-0.710927,3.49682,-0.233797,0.327061,-0.914368,0.0353459
0,-0.593516,0.593516,-0.411232,0.411232,2.0342,-0.709016,3.49338,-0.234528,0.32717,-0.914167,0.0354746
0,-0.593516,0.593516,-0.411232,0.411232,2.03911,-0.707104,3.48994,-0.235259,0.327279,-0.913967,0.0356032
0,-0.593516,0.593516,-0.411232,0.411232,2.04403,-0.705193,3.48651,-0.235991,0.327387,-0.913766,0.035732
0,-0.593516,0.593516,-0.411232,0.411232,2.04895,-0.703282,3.48307,-0.236722,0.327496,-0.913565,0.0358608
0,-0.593516,0.593516,-0.411232,0.411232,2.05387,-0.70137,3.47963,-0.237455,0.327605,-0.913365,0.0359896
0,-0.593516,0.593516,-0.411232,0.411232,2.05879,-0.699459,3.47619,-0.238187,0.327714,-0.913164,0.0361185
0,-0.593516,0.593516,-0.411232,0.411232,2.0637,-0.697548,3.47276,-0.23892,0.327823,-0.912963,0.0362475
0,-0.593516,0.593516,-0.411232,0.411232,2.06862,-0.695636,3.46932,-0.239653,0.327932,-0.912762,0.0363766
0,-0.593516,0.593516,-0.411232,0.411232,2.07354,-0.693725,3.46588,-0.240387,0.328041,-0.912561,0.0365056
0,-0.593516,0.593516,-0.411232,0.411232,2.07846,-0.691814,3.46244,-0.241121,0.32815,-0.912361,0.0366348
0,-0.593516,0.593516,-0.411232,0.411232,2.08338,-0.689903,3.45901,-0.241855,0.328259,-0.91216,0.036764
0,-0.593516,0.593516,-0.411232,0.411232,2.08829,-0.687991,3.45557,-0.242589,0.328368,-0.911959,0.0368933
0,-0.593516,0.593516,-0.411232,0.411232,2.09321,-0.68608,3.45213,-0.243324,0.328477,-0.911758,0.0370226
0,-0.593516,0.593516,-0.411232,0.411232,2.09813,-0.684169,3.4487,-0.244059,0.328587,-0.911556,0.037152
0,-0.593516,0.593516,-0.411232,0.411232,2.10305,-0.682257,3.44526,-0.244795,0.328696,-0.911355,0.0372814
0,-0.593516,0.593516,-0.411232,0.411232,2.10797,-0.680346,3.44182,-0.245531,0.328806,-0.911154,0.0374109
0,-0.593516,0.593516,-0.411232,0.411232,2.10797,-0.680346,3.44182,-0.245531,0.328806,-0.911154,0.0374109
0,-0.593516,0.593516,-0.411232,0.411232,2.11461,-0.678481,3.43861,-0.246406,0.328724,-0.910881,0.0374876
0,-0.593516,0.593516,-0.411232,0.411232,2.12126,-0.676617,3.43541,-0.247283,0.328641,-0.910607,0.0375643
0,-0.593516,0.593516,-0.411232,0.411232,2.1279,-0.674752,3.4322,-0.24816,0.328559,-0.910334,0.0376411
0,-0.593516,0.593516,-0.411232,0.411232,2.13454,-0.672887,3.42899,-0.249037,0.328477,-0.91006,0.0377179
0,-0.593516,0.593516,-0.411232,0.411232,2.14119,-0.671023,3.42579,-0.249915,0.328395,-0.909786,0.0377948
0,-0.593516,0.593516,-0.411232,0.411232,2.14783,-0.669158,3.42258,-0.250793,0.328313,-0.909513,0.0378717
0,-0.593516,0.593516,-0.411232,0.411232,2.15448,-0.667293,3.41938,-0.251673,0.32823,-0.909239,0.0379487
0,-0.593516,0.593516,-0.411232,0.411232,2.16112,-0.665429,3.41617,-0.252552,0.328148,-0.908965,0.0380257
0,-0.593516,0.593516,-0.411232,0.411232,2.16777,-0.663564,3.41296,-0.253432,0.328066,-0.908691,0.0381028
0,-0.593516,0.593516,-0.411232,0.411232,2.17441,-0.661699,3.40976,-0.254313,0.327983,-0.908417,0.0381799
0,-0.593516,0.593516,-0.411232,0.411232,2.18105,-0.659835,3.40655,-0.255194,0.327901,-0.908142,0.0382571
0,-0.593516,0.593516,-0.411232,0.411232,2.1877,-0.65797,3.40334,-0.256076,0.327819,-0.907868,0.0383343
0,-0.593516,0.593516,-0.411232,0.411232,2.19434,-0.656105,3.40014,-0.256959,0.327736,-0.907594,0.0384116
0,-0.593516,0.593516,-0.411232,0.411232,2.20099,-0.654241,3.39693,-0.257841,0.327654,-0.907319,0.0384889
0,-0.593516,0.593516,-0.411232,0.411232,2.20763,-0.652376,3.39372,-0.258725,0.327572,-0.907045,0.0385663
0,-0.593516,0.593516,-0.411232,0.411232,2.21428,-0.650511,3.39052,-0.259609,0.327489,-0.90677,0.0386437
0,-0.593516,0.593516,-0.411232,0.411232,2.22092,-0.648647,3.38731,-0.260494,0.327407,-0.906496,0.0387212
0,-0.593516,0.593516,-0.411232,0.411232,2.22756,-0.646782,3.38411,-0.261379,0.327324,-0.906221,0.0387987
0,-0.593516,0.593516,-0.411232,0.411232,2.23421,-0.644917,3.3809,-0.262265,0.327242,-0.905946,0.0388763
0,-0.593516,0.593516,-0.411232,0.411232,2.24085,-0.643053,3.37769,-0.263151,0.327159,-0.905671,0.0389539
0,-0.593516,0.593516,-0.411232,0.411232,2.2475,-0.641188,3.37449,-0.264038,0.327077,-0.905396,0.0390316
0,-0.593516,0.593516,-0.411232,0.411232,2.25414,-0.639323,3.37128,-0.264925,0.326994,-0.905121,0.0391093
0,-0.593516,0.593516,-0.411232,0.411232,2.26079,-0.637459,3.36807,-0.265813,0.326911,-0.904845,0.0391871
0,-0.593516,0.593516,-0.411232,0.411232,2.26743,-0.635594,3.36487,-0.266702,0.326829,-0.90457,0.0392649
0,-0.593516,0.593516,-0.411232,0.411232,2.27407,-0.633729,3.36166,-0.267591,0.326746,-0.904295,0.0393428
0,-0.593516,0.593516,-0.411232,0.411232,2.28072,-0.631865,3.35845,-0.26848,0.326664,-0.904019,0.0394207
0,-0.593516,0.593516,-0.411232,0.411232,2.28736,-0.63,3.35525,-0.269371,0.326581,-0.903744,0.0394987
0,-0.593516,0.593516,-0.411232,0.411232,2.29401,-0.628135,3.35204,-0.270262,0.326498,-0.903468,0.0395767
0,-0.593516,0.593516,-0.411232,0.411232,2.30065,-0.626271,3.34884,-0.271153,0.326416,-0.903193,0.0396548
0,-0.593516,0.593516,-0.411232,0.411232,2.3073,-0.624406,3.34563,-0.272045,0.326333,-0.902917,0.039733
0,-0.593516,0.593516,-0.411232,0.411232,2.31394,-0.622541,3.34242,-0.272937,0.32625,-0.902641,0.0398112
0,-0.593516,0.593516,-0.411232,0.411232,2.32058,-0.620677,3.33922,-0.273831,0.326167,-0.902365,0.0398894
0,-0.593516,0.593516,-0.411232,0.411232,2.32723,-0.618812,3.33601,-0.274724,0.326085,-0.902089,0.0399677
0,-0.593516,0.593516,-0.411232,0.411232,2.33387,-0.616947,3.3328,-0.275618,0.326002,-0.901813,0.040046
0,-0.593516,0.593516,-0.411232,0.411232,2.34052,-0.615083,3.3296,-0.276513,0.325919,-0.901537,0.0401244
0,-0.593516,0.593516,-0.411232,0.411232,2.34716,-0.613218,3.32639,-0.277409,0.325836,-0.90126,0.0402029
0,-0.593516,0.593516,-0.411232,0.411232,2.35381,-0.611353,3.32318,-0.278305,0.325753,-0.900984,0.0402814
0,-0.593516,0.593516,-0.411232,0.411232,2.36045,-0.609489,3.31998,-0.279201,0.32567,-0.900707,0.0403599
0,-0.593516,0.593516,-0.411232,0.411232,2.36709,-0.607624,3.31677,-0.280098,0.325587,-0.900431,0.0404385
0,-0.593516,0.593516,-0.411232,0.411232,2.37374,-0.605759,3.31357,-0.280996,0.325504,-0.900154,0.0405172
0,-0.593516,0.593516,-0.411232,0.411232,2.38038,-0.603895,3.31036,-0.281894,0.325422,-0.899877,0.0405959
0,-0.593516,0.593516,-0.411232,0.411232,2.38703,-0.60203,3.30715,-0.282793,0.325339,-0.899601,0.0406747
0,-0.593516,0.593516,-0.411232,0.411232,2.39367,-0.600165,3.30395,-0.283693,0.325256,-0.899324,0.0407535
0,-0.593516,0.593516,-0.411232,0.411232,2.40032,-0.598301,3.30074,-0.284593,0.325173,-0.899047,0.0408323
0,-0.593516,0.593516,-0.411232,0.411232,2.40696,-0.596436,3.29753,-0.285493,0.32509,-0.89877,0.0409113
0,-0.593516,0.593516,-0.411232,0.411232,2.4136,-0.594571,3.29433,-0.286394,0.325007,-0.898493,0.0409902
0,-0.593516,0.593516,-0.411232,0.411232,2.42025,-0.592707,3.29112,-0.287296,0.324923,-0.898215,0.0410692
0,-0.593516,0.593516,-0.411232,0.411232,2.42689,-0.590842,3.28791,-0.288199,0.32484,-0.897938,0.0411483
0,-0.593516,0.593516,-0.411232,0.411232,2.43354,-0.588977,3.28471,-0.289102,0.324757,-0.897661,0.0412275
0,-0.593516,0.593516,-0.411232,0.411232,2.44018,-0.587113,3.2815,-0.290005,0.324674,-0.897383,0.0413066
0,-0.593516,0.593516,-0.411232,0.411232,2.44683,-0.585248,3.2783,-0.290909,0.324591,-0.897106,0.0413859
0,-0.593516,0.593516,-0.411232,0.411232,2.45347,-0.583383,3.27509,-0.291814,0.324508,-0.896828,0.0414652
0,-0.593516,0.593516,-0.411232,0.411232,2.46011,-0.581519,3.27188,-0.292719,0.324425,-0.89655,0.0415445
0,-0.593516,0.593516,-0.411232,0.411232,2.46676,-0.579654,3.26868,-0.293625,0.324341,-0.896272,0.0416239
0,-0.593516,0.593516,-0.411232,0.411232,2.4734,-0.577789,3.26547,-0.294531,0.324258,-0.895994,0.0417033
0,-0.593516,0.593516,-0.411232,0.411232,2.48005,-0.575925,3.26226,-0.295439,0.324175,-0.895716,0.0417828
0,-0.593516,0.593516,-0.411232,0.411232,2.48669,-0.57406,3.25906,-0.296346,0.324092,-0.895438,0.0418624
0,-0.593516,0.593516,-0.411232,0.411232,2.49334,-0.572195,3.25585,-0.297254,0.324008,-0.89516,0.041942
0,-0.593516,0.593516,-0.411232,0.411232,2.49998,-0.570331,3.25264,-0.298163,0.323925,-0.894882,0.0420217
0,-0.593516,0.593516,-0.411232,0.411232,2.50662,-0.568466,3.24944,-0.299073,0.323842,-0.894603,0.0421014
0,-0.593516,0.593516,-0.411232,0.411232,2.51327,-0.566601,3.24623,-0.299983,0.323758,-0.894325,0.0421811
0,-0.593516,0.593516,-0.411232,0.411232,2.51991,-0.564737,3.24303,-0.300893,0.323675,-0.894046,0.042261
0,-0.593516,0.593516,-0.411232,0.411232,2.52656,-0.562872,3.23982,-0.301805,0.323592,-0.893768,0.0423408
0,-0.593516,0.593516,-0.411232,0.411232,2.5332,-0.561007,3.23661,-0.302716,0.323508,-0.893489,0.0424208
0,-0.593516,0.593516,-0.411232,0.411232,2.53985,-0.559143,3.23341,-0.303629,0.323425,-0.89321,0.0425007
0,-0.593516,0.593516,-0.411232,0.411232,2.54649,-0.557278,3.2302,-0.304542,0.323341,-0.892932,0.0425808
0,-0.593516,0.593516,-0.411232,0.411232,2.55313,-0.555413,3.22699,-0.305455,0.323258,-0.892653,0.0426609
0,-0.593516,0.593516,-0.411232,0.411232,2.55978,-0.553549,3.22379,-0.30637,0.323174,-0.892374,0.042741
0,-0.593516,0.593516,-0.411232,0.411232,2.56642,-0.551684,3.22058,-0.307284,0.323091,-0.892094,0.0428212
0,-0.593516,0.593516,-0.411232,0.411232,2.57307,-0.549819,3.21737,-0.3082,0.323007,-0.891815,0.0429015
0,-0.593516,0.593516,-0.411232,0.411232,2.57971,-0.547955,3.21417,-0.309116,0.322924,-0.891536,0.0429818
0,-0.593516,0.593516,-0.411232,0.411232,2.58636,-0.54609,3.21096,-0.310033,0.32284,-0.891256,0.0430621
0,-0.593516,0.593516,-0.411232,0.411232,2.593,-0.544225,3.20776,-0.31095,0.322757,-0.890977,0.0431426
0,-0.593516,0.593516,-0.411232,0.411232,2.59964,-0.542361,3.20455,-0.311868,0.322673,-0.890697,0.043223
0,-0.593516,0.593516,-0.411232,0.411232,2.60629,-0.540496,3.20134,-0.312786,0.322589,-0.890418,0.0433036
0,-0.593516,0.593516,-0.411232,0.411232,2.61293,-0.538631,3.19814,-0.313705,0.322506,-0.890138,0.0433841
0,-0.593516,0.593516,-0.411232,0.411232,2.61958,-0.536767,3.19493,-0.314625,0.322422,-0.889858,0.0434648
0,-0.593516,0.593516,-0.411232,0.411232,2.62622,-0.534902,3.19172,-0.315545,0.322338,-0.889578,0.0435455
0,-0.593516,0.593516,-0.411232,0.411232,2.63287,-0.533037,3.18852,-0.316466,0.322255,-0.889298,0.0436262
0,-0.593516,0.593516,-0.411232,0.411232,2.63951,-0.531173,3.18531,-0.317387,0.322171,-0.889018,0.043707
0,-0.593516,0.593516,-0.411232,0.411232,2.64615,-0.529308,3.1821,-0.31831,0.322087,-0.888738,0.0437879
0,-0.593516,0.593516,-0.411232,0.411232,2.6528,-0.527443,3.1789,-0.319232,0.322003,-0.888458,0.0438688
0,-0.593516,0.593516,-0.411232,0.411232,2.65944,-0.525579,3.17569,-0.320156,0.321919,-0.888177,0.0439498
0,-0.593516,0.593516,-0.411232,0.411232,2.66609,-0.523714,3.17249,-0.32108,0.321836,-0.887897,0.0440308
0,-0.593516,0.593516,-0.411232,0.411232,2.67273,-0.521849,3.16928,-0.322004,0.321752,-0.887616,0.0441119
0,-0.593516,0.593516,-0.411232,0.411232,2.67938,-0.519985,3.16607,-0.322929,0.321668,-0.887336,0.044193
0,-0.593516,0.593516,-0.411232,0.411232,2.68602,-0.51812,3.16287,-0.323855,0.321584,-0.887055,0.0442742
0,-0.593516,0.593516,-0.411232,0.411232,2.69267,-0.516255,3.15966,-0.324782,0.3215,-0.886774,0.0443554
0,-0.593516,0.593516,-0.411232,0.411232,2.69931,-0.514391,3.15645,-0.325709,0.321416,-0.886493,0.0444367
0,-0.593516,0.593516,-0.411232,0.411232,2.70595,-0.512526,3.15325,-0.326636,0.321332,-0.886212,0.0445181
0,-0.593516,0.593516,-0.411232,0.411232,2.7126,-0.510661,3.15004,-0.327565,0.321248,-0.885931,0.0445995
0,-0.593516,0.593516,-0.411232,0.411232,2.71924,-0.508797,3.14684,-0.328493,0.321164,-0.88565,0.044681
0,-0.593516,0.593516,-0.411232,0.411232,2.72589,-0.506932,3.14363,-0.329423,0.32108,-0.885369,0.0447625
0,-0.593516,0.593516,-0.411232,0.411232,2.73253,-0.505067,3.14042,-0.330353,0.320996,-0.885087,0.0448441
0,-0.593516,0.593516,-0.411232,0.411232,2.73918,-0.503203,3.13722,-0.331284,0.320912,-0.884806,0.0449257
0,-0.593516,0.593516,-0.411232,0.411232,2.74582,-0.501338,3.13401,-0.332215,0.320828,-0.884524,0.0450074
0,-0.593516,0.593516,-0.411232,0.411232,2.75246,-0.499473,3.1308,-0.333147,0.320744,-0.884243,0.0450892
0,-0.593516,0.593516,-0.411232,0.411232,2.75911,-0.497609,3.1276,-0.33408,0.32066,-0.883961,0.045171
0,-0.593516,0.593516,-0.411232,0.411232,2.76575,-0.495744,3.12439,-0.335013,0.320576,-0.883679,0.0452529
0,-0.593516,0.593516,-0.411232,0.411232,2.7724,-0.493879,3.12118,-0.335947,0.320492,-0.883397,0.0453348
0,-0.593516,0.593516,-0.411232,0.411232,2.77904,-0.492015,3.11798,-0.336882,0.320407,-0.883115,0.0454168
0,-0.593516,0.593516,-0.411232,0.411232,2.78569,-0.49015,3.11477,-0.337817,0.320323,-0.882833,0.0454988
0,-0.593516,0.593516,-0.411232,0.411232,2.79233,-0.488285,3.11157,-0.338753,0.320239,-0.882551,0.0455809
0,-0.593516,0.593516,-0.411232,0.411232,2.79897,-0.486421,3.10836,-0.339689,0.320155,-0.882269,0.0456631
0,-0.593516,0.593516,-0.411232,0.411232,2.80562,-0.484556,3.10515,-0.340626,0.32007,-0.881987,0.0457453
0,-0.593516,0.593516,-0.411232,0.411232,2.81226,-0.482691,3.10195,-0.341564,0.319986,-0.881704,0.0458275
0,-0.593516,0.593516,-0.411232,0.411232,2.81891,-0.480827,3.09874,-0.342502,0.319902,-0.881422,0.0459099
0,-0.593516,0.593516,-0.411232,0.411232,2.82555,-0.478962,3.09553,-0.343441,0.319818,-0.881139,0.0459922
0,-0.593516,0.593516,-0.411232,0.411232,2.8322,-0.477097,3.09233,-0.344381,0.319733,-0.880856,0.0460747
0,-0.593516,0.593516,-0.411232,0.411232,2.83884,-0.475233,3.08912,-0.345321,0.319649,-0.880574,0.0461572
0,-0.593516,0.593516,-0.411232,0.411232,2.84548,-0.473368,3.08591,-0.346262,0.319564,-0.880291,0.0462397
0,-0.593516,0.593516,-0.411232,0.411232,2.85213,-0.471503,3.08271,-0.347204,0.31948,-0.880008,0.0463224
0,-0.593516,0.593516,-0.411232,0.411232,2.85877,-0.469639,3.0795,-0.348146,0.319396,-0.879725,0.046405
0,-0.593516,0.593516,-0.411232,0.411232,2.86542,-0.467774,3.0763,-0.349089,0.319311,-0.879442,0.0464877
0,-0.593516,0.593516,-0.411232,0.411232,2.87206,-0.465909,3.07309,-0.350032,0.319227,-0.879158,0.0465705
0,-0.593516,0.593516,-0.411232,0.411232,2.87871,-0.464045,3.06988,-0.350976,0.319142,-0.878875,0.0466534
0,-0.593516,0.593516,-0.411232,0.411232,2.88535,-0.46218,3.06668,-0.351921,0.319058,-0.878592,0.0467363
0,-0.593516,0.593516,-0.411232,0.411232,2.89199,-0.460315,3.06347,-0.352866,0.318973,-0.878308,0.0468192
0,-0.593516,0.593516,-0.411232,0.411232,2.89864,-0.458451,3.06026,-0.353812,0.318889,-0.878025,0.0469023
0,-0.593516,0.593516,-0.411232,0.411232,2.89864,-0.458451,3.06026,-0.353812,0.318889,-0.878025,0.0469023
0,-0.593516,0.593516,-0.411232,0.411232,2.90188,-0.456016,3.05556,-0.354659,0.318781,-0.877639,0.0470151
0,-0.593516,0.593516,-0.411232,0.411232,2.90512,-0.453581,3.05086,-0.355506,0.318673,-0.877254,0.047128
0,-0.593516,0.593516,-0.411232,0.411232,2.90836,-0.451146,3.04616,-0.356354,0.318566,-0.876869,0.0472411
0,-0.593516,0.593516,-0.411232,0.411232,2.9116,-0.448711,3.04146,-0.357202,0.318458,-0.876483,0.0473542
0,-0.593516,0.593516,-0.411232,0.411232,2.91484,-0.446276,3.03677,-0.358052,0.31835,-0.876097,0.0474675
0,-0.593516,0.593516,-0.411232,0.411232,2.91808,-0.443841,3.03207,-0.358902,0.318243,-0.875711,0.0475809
0,-0.593516,0.593516,-0.411232,0.411232,2.92132,-0.441406,3.02737,-0.359753,0.318135,-0.875325,0.0476944
0,-0.593516,0.593516,-0.411232,0.411232,2.92456,-0.438972,3.02267,-0.360605,0.318027,-0.874939,0.047808
0,-0.593516,0.593516,-0.411232,0.411232,2.9278,-0.436537,3.01797,-0.361458,0.317919,-0.874552,0.0479217
0,-0.593516,0.593516,-0.411232,0.411232,2.93104,-0.434102,3.01327,-0.362312,0.317811,-0.874166,0.0480355
0,-0.593516,0.593516,-0.411232,0.411232,2.93429,-0.431667,3.00857,-0.363166,0.317703,-0.873779,0.0481494
0,-0.593516,0.593516,-0.411232,0.411232,2.93753,-0.429232,3.00387,-0.364021,0.317595,-0.873392,0.0482635
0,-0.593516,0.593516,-0.411232,0.411232,2.94077,-0.426797,2.99917,-0.364877,0.317487,-0.873005,0.0483776
0,-0.593516,0.593516,-0.411232,0.411232,2.94401,-0.424362,2.99447,-0.365734,0.317379,-0.872617,0.0484919
0,-0.593516,0.593516,-0.411232,0.411232,2.94725,-0.421927,2.98977,-0.366592,0.317271,-0.87223,0.0486062
0,-0.593516,0.593516,-0.411232,0.411232,2.95049,-0.419493,2.98507,-0.367451,0.317163,-0.871842,0.0487207
0,-0.593516,0.593516,-0.411232,0.411232,2.95373,-0.417058,2.98037,-0.36831,0.317055,-0.871454,0.0488353
0,-0.593516,0.593516,-0.411232,0.411232,2.95697,-0.414623,2.97567,-0.36917,0.316947,-0.871066,0.04895
0,-0.593516,0.593516,-0.411232,0.411232,2.96021,-0.412188,2.97097,-0.370031,0.316839,-0.870678,0.0490648
0,-0.593516,0.593516,-0.411232,0.411232,2.96345,-0.409753,2.96627,-0.370893,0.31673,-0.87029,0.0491797
0,-0.593516,0.593516,-0.411232,0.411232,2.96669,-0.407318,2.96157,-0.371756,0.316622,-0.869901,0.0492948
0,-0.593516,0.593516,-0.411232,0.411232,2.96993,-0.404883,2.95687,-0.37262,0.316514,-0.869513,0.0494099
0,-0.593516,0.593516,-0.411232,0.411232,2.97317,-0.402448,2.95217,-0.373484,0.316406,-0.869124,0.0495252
0,-0.593516,0.593516,-0.411232,0.411232,2.97641,-0.400014,2.94747,-0.37435,0.316297,-0.868735,0.0496406
0,-0.593516,0.593516,-0.411232,0.411232,2.97965,-0.397579,2.94277,-0.375216,0.316189,-0.868345,0.0497561
0,-0.593516,0.593516,-0.411232,0.411232,2.9829,-0.395144,2.93807,-0.376083,0.31608,-0.867956,0.0498717
0,-0.593516,0.593516,-0.411232,0.411232,2.98614,-0.392709,2.93337,-0.376951,0.315972,-0.867566,0.0499874
0,-0.593516,0.593516,-0.411232,0.411232,2.98938,-0.390274,2.92867,-0.377819,0.315863,-0.867177,0.0501032
0,-0.593516,0.593516,-0.411232,0.411232,2.99262,-0.387839,2.92397,-0.378689,0.315755,-0.866787,0.0502191
0,-0.593516,0.593516,-0.411232,0.411232,2.99586,-0.385404,2.91927,-0.379559,0.315646,-0.866397,0.0503352
0,-0.593516,0.593516,-0.411232,0.411232,2.9991,-0.382969,2.91457,-0.380431,0.315538,-0.866006,0.0504514
0,-0.593516,0.593516,-0.411232,0.411232,3.00234,-0.380534,2.90988,-0.381303,0.315429,-0.865616,0.0505677
0,-0.593516,0.593516,-0.411232,0.411232,3.00558,-0.3781,2.90518,-0.382176,0.31532,-0.865225,0.0506841
0,-0.593516,0.593516,-0.411232,0.411232,3.00882,-0.375665,2.90048,-0.38305,0.315212,-0.864834,0.0508006
0,-0.593516,0.593516,-0.411232,0.411232,3.01206,-0.37323,2.89578,-0.383925,0.315103,-0.864443,0.0509173
0,-0.593516,0.593516,-0.411232,0.411232,3.0153,-0.370795,2.89108,-0.3848,0.314994,-0.864052,0.051034
0,-0.593516,0.593516,-0.411232,0.411232,3.01854,-0.36836,2.88638,-0.385677,0.314885,-0.863661,0.0511509
0,-0.593516,0.593516,-0.411232,0.411232,3.02178,-0.365925,2.88168,-0.386554,0.314777,-0.863269,0.0512679
0,-0.593516,0.593516,-0.411232,0.411232,3.02502,-0.36349,2.87698,-0.387433,0.314668,-0.862878,0.051385
0,-0.593516,0.593516,-0.411232,0.411232,3.02826,-0.361055,2.87228,-0.388312,0.314559,-0.862486,0.0515022
0,-0.593516,0.593516,-0.411232,0.411232,3.0315,-0.358621,2.86758,-0.389192,0.31445,-0.862094,0.0516195
0,-0.593516,0.593516,-0.411232,0.411232,3.03475,-0.356186,2.86288,-0.390073,0.314341,-0.861701,0.051737
0,-0.593516,0.593516,-0.411232,0.411232,3.03799,-0.353751,2.85818,-0.390955,0.314232,-0.861309,0.0518546
0,-0.593516,0.593516,-0.411232,0.411232,3.04123,-0.351316,2.85348,-0.391837,0.314123,-0.860916,0.0519722
0,-0.593516,0.593516,-0.411232,0.411232,3.04447,-0.348881,2.84878,-0.392721,0.314014,-0.860524,0.05209
0,-0.593516,0.593516,-0.411232,0.411232,3.04771,-0.346446,2.84408,-0.393605,0.313905,-0.860131,0.052208
0,-0.593516,0.593516,-0.411232,0.411232,3.05095,-0.344011,2.83938,-0.394491,0.313796,-0.859738,0.052326
0,-0.593516,0.593516,-0.411232,0.411232,3.05419,-0.341576,2.83468,-0.395377,0.313686,-0.859344,0.0524442
0,-0.593516,0.593516,-0.411232,0.411232,3.05743,-0.339142,2.82998,-0.396264,0.313577,-0.858951,0.0525625
0,-0.593516,0.593516,-0.411232,0.411232,3.06067,-0.336707,2.82528,-0.397152,0.313468,-0.858557,0.0526809
0,-0.593516,0.593516,-0.411232,0.411232,3.06391,-0.334272,2.82058,-0.398041,0.313359,-0.858163,0.0527994
0,-0.593516,0.593516,-0.411232,0.411232,3.06715,-0.331837,2.81588,-0.398931,0.313249,-0.857769,0.0529181
0,-0.593516,0.593516,-0.411232,0.411232,3.07039,-0.329402,2.81118,-0.399822,0.31314,-0.857375,0.0530368
0,-0.593516,0.593516,-0.411232,0.411232,3.07363,-0.326967,2.80648,-0.400713,0.313031,-0.856981,0.0531557
0,-0.593516,0.593516,-0.411232,0.411232,3.07687,-0.324532,2.80178,-0.401606,0.312921,-0.856586,0.0532747
0,-0.593516,0.593516,-0.411232,0.411232,3.08011,-0.322097,2.79708,-0.402499,0.312812,-0.856191,0.0533938
0,-0.593516,0.593516,-0.411232,0.411232,3.08336,-0.319662,2.79238,-0.403394,0.312702,-0.855796,0.0535131
0,-0.593516,0.593516,-0.411232,0.411232,3.0866,-0.317228,2.78769,-0.404289,0.312593,-0.855401,0.0536324
0,-0.593516,0.593516,-0.411232,0.411232,3.08984,-0.314793,2.78299,-0.405185,0.312483,-0.855006,0.0537519
0,-0.593516,0.593516,-0.411232,0.411232,3.09308,-0.312358,2.77829,-0.406082,0.312374,-0.854611,0.0538715
0,-0.593516,0.593516,-0.411232,0.411232,3.09632,-0.309923,2.77359,-0.40698,0.312264,-0.854215,0.0539913
0,-0.593516,0.593516,-0.411232,0.411232,3.09956,-0.307488,2.76889,-0.407879,0.312154,-0.853819,0.0541111
0,-0.593516,0.593516,-0.411232,0.411232,3.1028,-0.305053,2.76419,-0.408779,0.312045,-0.853423,0.0542311
0,-0.593516,0.593516,-0.411232,0.411232,3.10604,-0.302618,2.75949,-0.40968,0.311935,-0.853027,0.0543512
0,-0.593516,0.593516,-0.411232,0.411232,3.10928,-0.300183,2.75479,-0.410581,0.311825,-0.85263,0.0544714
0,-0.593516,0.593516,-0.411232,0.411232,3.11252,-0.297749,2.75009,-0.411484,0.311715,-0.852234,0.0545918
0,-0.593516,0.593516,-0.411232,0.411232,3.11576,-0.295314,2.74539,-0.412388,0.311606,-0.851837,0.0547123
0,-0.593516,0.593516,-0.411232,0.411232,3.119,-0.292879,2.74069,-0.413292,0.311496,-0.85144,0.0548329
0,-0.593516,0.593516,-0.411232,0.411232,3.12224,-0.290444,2.73599,-0.414198,0.311386,-0.851043,0.0549536
0,-0.593516,0.593516,-0.411232,0.411232,3.12548,-0.288009,2.73129,-0.415104,0.311276,-0.850645,0.0550745
0,-0.593516,0.593516,-0.411232,0.411232,3.12872,-0.285574,2.72659,-0.416011,0.311166,-0.850248,0.0551954
0,-0.593516,0.593516,-0.411232,0.411232,3.13196,-0.283139,2.72189,-0.41692,0.311056,-0.84985,0.0553165
0,-0.593516,0.593516,-0.411232,0.411232,3.13521,-0.280704,2.71719,-0.417829,0.310946,-0.849452,0.0554377
0,-0.593516,0.593516,-0.411232,0.411232,3.13845,-0.27827,2.71249,-0.418739,0.310836,-0.849054,0.0555591
0,-0.593516,0.593516,-0.411232,0.411232,3.14169,-0.275835,2.70779,-0.41965,0.310726,-0.848656,0.0556806
0,-0.593516,0.593516,-0.411232,0.411232,3.14493,-0.2734,2.70309,-0.420562,0.310616,-0.848258,0.0558022
0,-0.593516,0.593516,-0.411232,0.411232,3.14817,-0.270965,2.69839,-0.421475,0.310505,-0.847859,0.0559239
0,-0.593516,0.593516,-0.411232,0.411232,3.15141,-0.26853,2.69369,-0.422389,0.310395,-0.84746,0.0560458
0,-0.593516,0.593516,-0.411232,0.411232,3.15465,-0.266095,2.68899,-0.423304,0.310285,-0.847061,0.0561677
0,-0.593516,0.593516,-0.411232,0.411232,3.15789,-0.26366,2.68429,-0.42422,0.310175,-0.846662,0.0562899
0,-0.593516,0.593516,-0.411232,0.411232,3.16113,-0.261225,2.67959,-0.425137,0.310064,-0.846263,0.0564121
0,-0.593516,0.593516,-0.411232,0.411232,3.16437,-0.25879,2.67489,-0.426054,0.309954,-0.845863,0.0565345
0,-0.593516,0.593516,-0.411232,0.411232,3.16761,-0.256356,2.67019,-0.426973,0.309844,-0.845463,0.0566569
0,-0.593516,0.593516,-0.411232,0.411232,3.17085,-0.253921,2.66549,-0.427893,0.309733,-0.845063,0.0567796
0,-0.593516,0.593516,-0.411232,0.411232,3.17409,-0.251486,2.6608,-0.428813,0.309623,-0.844663,0.0569023
0,-0.593516,0.593516,-0.411232,0.411232,3.17733,-0.249051,2.6561,-0.429735,0.309512,-0.844263,0.0570252
0,-0.593516,0.593516,-0.411232,0.411232,3.18057,-0.246616,2.6514,-0.430658,0.309402,-0.843862,0.0571482
0,-0.593516,0.593516,-0.411232,0.411232,3.18382,-0.244181,2.6467,-0.431581,0.309291,-0.843462,0.0572714
0,-0.593516,0.593516,-0.411232,0.411232,3.18706,-0.241746,2.642,-0.432506,0.309181,-0.843061,0.0573946
0,-0.593516,0.593516,-0.411232,0.411232,3.1903,-0.239311,2.6373,-0.433431,0.30907,-0.84266,0.057518
0,-0.593516,0.593516,-0.411232,0.411232,3.19354,-0.236877,2.6326,-0.434358,0.308959,-0.842258,0.0576416
0,-0.593516,0.593516,-0.411232,0.411232,3.19678,-0.234442,2.6279,-0.435285,0.308848,-0.841857,0.0577652
0,-0.593516,0.593516,-0.411232,0.411232,3.20002,-0.232007,2.6232,-0.436214,0.308738,-0.841455,0.057889
0,-0.593516,0.593516,-0.411232,0.411232,3.20326,-0.229572,2.6185,-0.437143,0.308627,-0.841053,0.0580129
0,-0.593516,0.593516,-0.411232,0.411232,3.2065,-0.227137,2.6138,-0.438074,0.308516,-0.840651,0.058137
0,-0.593516,0.593516,-0.411232,0.411232,3.20974,-0.224702,2.6091,-0.439005,0.308405,-0.840249,0.0582612
0,-0.593516,0.593516,-0.411232,0.411232,3.21298,-0.222267,2.6044,-0.439938,0.308294,-0.839846,0.0583855
0,-0.593516,0.593516,-0.411232,0.411232,3.21622,-0.219832,2.5997,-0.440871,0.308184,-0.839444,0.05851
0,-0.593516,0.593516,-0.411232,0.411232,3.21946,-0.217398,2.595,-0.441806,0.308073,-0.839041,0.0586346
0,-0.593516,0.593516,-0.411232,0.411232,3.2227,-0.214963,2.5903,-0.442741,0.307962,-0.838638,0.0587593
0,-0.593516,0.593516,-0.411232,0.411232,3.22594,-0.212528,2.5856,-0.443677,0.307851,-0.838235,0.0588841
0,-0.593516,0.593516,-0.411232,0.411232,3.22918,-0.210093,2.5809,-0.444615,0.30774,-0.837831,0.0590091
0,-0.593516,0.593516,-0.411232,0.411232,3.23243,-0.207658,2.5762,-0.445553,0.307628,-0.837428,0.0591342
0,-0.593516,0.593516,-0.411232,0.411232,3.23567,-0.205223,2.5715,-0.446493,0.307517,-0.837024,0.0592595
0,-0.593516,0.593516,-0.411232,0.411232,3.23891,-0.202788,2.5668,-0.447433,0.307406,-0.83662,0.0593849
0,-0.593516,0.593516,-0.411232,0.411232,3.24215,-0.200353,2.5621,-0.448375,0.307295,-0.836216,0.0595104
0,-0.593516,0.593516,-0.411232,0.411232,3.24539,-0.197918,2.5574,-0.449317,0.307184,-0.835811,0.0596361
0,-0.593516,0.593516,-0.411232,0.411232,3.24863,-0.195484,2.5527,-0.450261,0.307072,-0.835407,0.0597619
0,-0.593516,0.593516,-0.411232,0.411232,3.25187,-0.193049,2.548,-0.451205,0.306961,-0.835002,0.0598878
0,-0.593516,0.593516,-0.411232,0.411232,3.25511,-0.190614,2.5433,-0.452151,0.30685,-0.834597,0.0600139
0,-0.593516,0.593516,-0.411232,0.411232,3.25835,-0.188179,2.53861,-0.453097,0.306738,-0.834192,0.0601401
0,-0.593516,0.593516,-0.411232,0.411232,3.26159,-0.185744,2.53391,-0.454045,0.306627,-0.833787,0.0602664
0,-0.593516,0.593516,-0.411232,0.411232,3.26483,-0.183309,2.52921,-0.454993,0.306515,-0.833381,0.0603929
0,-0.593516,0.593516,-0.411232,0.411232,3.26807,-0.180874,2.52451,-0.455943,0.306404,-0.832975,0.0605195
0,-0.593516,0.593516,-0.411232,0.411232,3.27131,-0.178439,2.51981,-0.456894,0.306293,-0.832569,0.0606463
0,-0.593516,0.593516,-0.411232,0.411232,3.27455,-0.176005,2.51511,-0.457846,0.306181,-0.832163,0.0607732
0,-0.593516,0.593516,-0.411232,0.411232,3.27779,-0.17357,2.51041,-0.458798,0.306069,-0.831757,0.0609002
0,-0.593516,0.593516,-0.411232,0.411232,3.28103,-0.171135,2.50571,-0.459752,0.305958,-0.83135,0.0610274
0,-0.593516,0.593516,-0.411232,0.411232,3.28428,-0.1687,2.50101,-0.460707,0.305846,-0.830944,0.0611547
0,-0.593516,0.593516,-0.411232,0.411232,3.28428,-0.1687,2.50101,-0.460707,0.305846,-0.830944,0.0611547
0,-0.593516,0.593516,-0.411232,0.411232,3.28738,-0.165265,2.49508,-0.46141,0.305664,-0.830535,0.0613286
0,-0.593516,0.593516,-0.411232,0.411232,3.29049,-0.16183,2.48914,-0.462113,0.305482,-0.830126,0.0615028
0,-0.593516,0.593516,-0.411232,0.411232,3.29359,-0.158395,2.48321,-0.462817,0.3053,-0.829717,0.0616771
0,-0.593516,0.593516,-0.411232,0.411232,3.2967,-0.154959,2.47728,-0.463522,0.305117,-0.829308,0.0618516
0,-0.593516,0.593516,-0.411232,0.411232,3.2998,-0.151524,2.47135,-0.464228,0.304935,-0.828899,0.0620263
0,-0.593516,0.593516,-0.411232,0.411232,3.30291,-0.148089,2.46542,-0.464934,0.304752,-0.828489,0.0622012
0,-0.593516,0.593516,-0.411232,0.411232,3.30602,-0.144654,2.45948,-0.465642,0.30457,-0.828079,0.0623762
0,-0.593516,0.593516,-0.411232,0.411232,3.30912,-0.141219,2.45355,-0.46635,0.304387,-0.827669,0.0625515
0,-0.593516,0.593516,-0.411232,0.411232,3.31223,-0.137784,2.44762,-0.467059,0.304204,-0.827259,0.062727
0,-0.593516,0.593516,-0.411232,0.411232,3.31533,-0.134349,2.44169,-0.467769,0.304021,-0.826849,0.0629026
0,-0.593516,0.593516,-0.411232,0.411232,3.31844,-0.130914,2.43576,-0.468479,0.303838,-0.826438,0.0630784
0,-0.593516,0.593516,-0.411232,0.411232,3.32155,-0.127479,2.42983,-0.469191,0.303655,-0.826027,0.0632544
0,-0.593516,0.593516,-0.411232,0.411232,3.32465,-0.124044,2.42389,-0.469903,0.303472,-0.825616,0.0634306
0,-0.593516,0.593516,-0.411232,0.411232,3.32776,-0.120608,2.41796,-0.470616,0.303288,-0.825205,0.063607
0,-0.593516,0.593516,-0.411232,0.411232,3.33086,-0.117173,2.41203,-0.47133,0.303105,-0.824794,0.0637836
0,-0.593516,0.593516,-0.411232,0.411232,3.33397,-0.113738,2.4061,-0.472045,0.302921,-0.824382,0.0639604
0,-0.593516,0.593516,-0.411232,0.411232,3.33707,-0.110303,2.40017,-0.47276,0.302738,-0.82397,0.0641374
0,-0.593516,0.593516,-0.411232,0.411232,3.34018,-0.106868,2.39423,-0.473477,0.302554,-0.823558,0.0643146
0,-0.593516,0.593516,-0.411232,0.411232,3.34329,-0.103433,2.3883,-0.474194,0.30237,-0.823146,0.0644919
0,-0.593516,0.593516,-0.411232,0.411232,3.34639,-0.0999978,2.38237,-0.474912,0.302186,-0.822734,0.0646695
0,-0.593516,0.593516,-0.411232,0.411232,3.3495,-0.0965627,2.37644,-0.475631,0.302002,-0.822321,0.0648472
0,-0.593516,0.593516,-0.411232,0.411232,3.3526,-0.0931275,2.37051,-0.476351,0.301817,-0.821908,0.0650252
0,-0.593516,0.593516,-0.411232,0.411232,3.35571,-0.0896924,2.36457,-0.477071,0.301633,-0.821495,0.0652033
0,-0.593516,0.593516,-0.411232,0.411232,3.35882,-0.0862573,2.35864,-0.477793,0.301449,-0.821082,0.0653817
0,-0.593516,0.593516,-0.411232,0.411232,3.36192,-0.0828222,2.35271,-0.478515,0.301264,-0.820668,0.0655602
0,-0.593516,0.593516,-0.411232,0.411232,3.36503,-0.0793871,2.34678,-0.479238,0.301079,-0.820255,0.0657389
0,-0.593516,0.593516,-0.411232,0.411232,3.36813,-0.075952,2.34085,-0.479962,0.300895,-0.819841,0.0659179
0,-0.593516,0.593516,-0.411232,0.411232,3.37124,-0.0725169,2.33491,-0.480687,0.30071,-0.819427,0.066097
0,-0.593516,0.593516,-0.411232,0.411232,3.37435,-0.0690818,2.32898,-0.481413,0.300525,-0.819012,0.0662763
0,-0.593516,0.593516,-0.411232,0.411232,3.37745,-0.0656467,2.32305,-0.48214,0.300339,-0.818598,0.0664558
0,-0.593516,0.593516,-0.411232,0.411232,3.38056,-0.0622116,2.31712,-0.482867,0.300154,-0.818183,0.0666356
0,-0.593516,0.593516,-0.411232,0.411232,3.38366,-0.0587765,2.31119,-0.483595,0.299969,-0.817768,0.0668155
0,-0.593516,0.593516,-0.411232,0.411232,3.38677,-0.0553414,2.30526,-0.484324,0.299783,-0.817353,0.0669956
0,-0.593516,0.593516,-0.411232,0.411232,3.38987,-0.0519063,2.29932,-0.485054,0.299598,-0.816937,0.0671759
0,-0.593516,0.593516,-0.411232,0.411232,3.39298,-0.0484712,2.29339,-0.485785,0.299412,-0.816522,0.0673565
0,-0.593516,0.593516,-0.411232,0.411232,3.39609,-0.045036,2.28746,-0.486517,0.299226,-0.816106,0.0675372
0,-0.593516,0.593516,-0.411232,0.411232,3.39919,-0.0416009,2.28153,-0.48725,0.29904,-0.81569,0.0677181
0,-0.593516,0.593516,-0.411232,0.411232,3.4023,-0.0381658,2.2756,-0.487983,0.298854,-0.815274,0.0678992
0,-0.593516,0.593516,-0.411232,0.411232,3.4054,-0.0347307,2.26966,-0.488718,0.298668,-0.814857,0.0680806
0,-0.593516,0.593516,-0.411232,0.411232,3.40851,-0.0312956,2.26373,-0.489453,0.298482,-0.814441,0.0682621
0,-0.593516,0.593516,-0.411232,0.411232,3.41162,-0.0278605,2.2578,-0.490189,0.298296,-0.814024,0.0684438
0,-0.593516,0.593516,-0.411232,0.411232,3.41472,-0.0244254,2.25187,-0.490926,0.298109,-0.813607,0.0686258
0,-0.593516,0.593516,-0.411232,0.411232,3.41783,-0.0209903,2.24594,-0.491664,0.297923,-0.81319,0.0688079
0,-0.593516,0.593516,-0.411232,0.411232,3.42093,-0.0175552,2.24,-0.492403,0.297736,-0.812772,0.0689903
0,-0.593516,0.593516,-0.411232,0.411232,3.42404,-0.0141201,2.23407,-0.493143,0.297549,-0.812354,0.0691728
0,-0.593516,0.593516,-0.411232,0.411232,3.42714,-0.010685,2.22814,-0.493883,0.297362,-0.811936,0.0693556
0,-0.593516,0.593516,-0.411232,0.411232,3.43025,-0.00724986,2.22221,-0.494625,0.297175,-0.811518,0.0695386
0,-0.593516,0.593516,-0.411232,0.411232,3.43336,-0.00381476,2.21628,-0.495367,0.296988,-0.8111,0.0697218
0,-0.593516,0.593516,-0.411232,0.411232,3.43646,-0.00037965,2.21034,-0.49611,0.296801,-0.810681,0.0699051
0,-0.593516,0.593516,-0.411232,0.411232,3.43957,0.00305546,2.20441,0.500407,-0.294266,0.80451,-0.071146
0,-0.593516,0.593516,-0.411232,0.411232,3.44267,0.00649057,2.19848,0.501169,-0.294072,0.804075,-0.0713342
0,-0.593516,0.593516,-0.411232,0.411232,3.44578,0.00992567,2.19255,0.50193,-0.29388,0.803644,-0.0715221
0,-0.593516,0.593516,-0.411232,0.411232,3.44889,0.0133608,2.18662,0.50269,-0.293688,0.803216,-0.0717095
0,-0.593516,0.593516,-0.411232,0.411232,3.45199,0.0167959,2.18069,0.503448,-0.293498,0.802791,-0.0718966
0,-0.593516,0.593516,-0.411232,0.411232,3.4551,0.020231,2.17475,0.504206,-0.293309,0.802369,-0.0720832
0,-0.593516,0.593516,-0.411232,0.411232,3.4582,0.0236661,2.16882,0.504962,-0.293121,0.80195,-0.0722694
0,-0.593516,0.593516,-0.411232,0.411232,3.46131,0.0271012,2.16289,0.505717,-0.292934,0.801534,-0.0724553
0,-0.593516,0.593516,-0.411232,0.411232,3.46441,0.0305363,2.15696,0.506471,-0.292749,0.801121,-0.0726407
0,-0.593516,0.593516,-0.411232,0.411232,3.46752,0.0339714,2.15103,0.507224,-0.292565,0.800711,-0.0728258
0,-0.593516,0.593516,-0.411232,0.411232,3.47063,0.0374065,2.14509,0.507975,-0.292382,0.800305,-0.0730104
0,-0.593516,0.593516,-0.411232,0.411232,3.47373,0.0408416,2.13916,0.508726,-0.2922,0.799901,-0.0731947
0,-0.593516,0.593516,-0.411232,0.411232,3.47684,0.0442767,2.13323,0.509475,-0.292019,0.7995,-0.0733786
0,-0.593516,0.593516,-0.411232,0.411232,3.47994,0.0477119,2.1273,0.510224,-0.29184,0.799101,-0.0735622
0,-0.593516,0.593516,-0.411232,0.411232,3.48305,0.051147,2.12137,0.510971,-0.291661,0.798706,-0.0737453
0,-0.593516,0.593516,-0.411232,0.411232,3.48616,0.0545821,2.11543,0.511717,-0.291484,0.798314,-0.0739281
0,-0.593516,0.593516,-0.411232,0.411232,3.48926,0.0580172,2.1095,0.512462,-0.291308,0.797924,-0.0741104
0,-0.593516,0.593516,-0.411232,0.411232,3.49237,0.0614523,2.10357,0.513206,-0.291133,0.797538,-0.0742925
0,-0.593516,0.593516,-0.411232,0.411232,3.49547,0.0648874,2.09764,0.513949,-0.290959,0.797154,-0.0744741
0,-0.593516,0.593516,-0.411232,0.411232,3.49858,0.0683225,2.09171,0.514691,-0.290787,0.796773,-0.0746554
0,-0.593516,0.593516,-0.411232,0.411232,3.50168,0.0717576,2.08577,0.515432,-0.290615,0.796394,-0.0748363
0,-0.593516,0.593516,-0.411232,0.411232,3.50479,0.0751927,2.07984,0.516172,-0.290444,0.796018,-0.0750168
0,-0.593516,0.593516,-0.411232,0.411232,3.5079,0.0786278,2.07391,0.516911,-0.290275,0.795646,-0.075197
0,-0.593516,0.593516,-0.411232,0.411232,3.511,0.0820629,2.06798,0.517648,-0.290106,0.795275,-0.0753768
0,-0.593516,0.593516,-0.411232,0.411232,3.51411,0.085498,2.06205,0.518385,-0.289939,0.794908,-0.0755563
0,-0.593516,0.593516,-0.411232,0.411232,3.51721,0.0889331,2.05611,0.51912,-0.289773,0.794543,-0.0757354
0,-0.593516,0.593516,-0.411232,0.411232,3.52032,0.0923683,2.05018,0.519855,-0.289608,0.79418,-0.0759141
0,-0.593516,0.593516,-0.411232,0.411232,3.52343,0.0958034,2.04425,0.520588,-0.289444,0.793821,-0.0760926
0,-0.593516,0.593516,-0.411232,0.411232,3.52653,0.0992385,2.03832,0.521321,-0.28928,0.793463,-0.0762706
0,-0.593516,0.593516,-0.411232,0.411232,3.52964,0.102674,2.03239,0.522052,-0.289118,0.793109,-0.0764483
0,-0.593516,0.593516,-0.411232,0.411232,3.53274,0.106109,2.02646,0.522783,-0.288957,0.792757,-0.0766256
0,-0.593516,0.593516,-0.411232,0.411232,3.53585,0.109544,2.02052,0.523512,-0.288797,0.792407,-0.0768026
0,-0.593516,0.593516,-0.411232,0.411232,3.53895,0.112979,2.01459,0.52424,-0.288638,0.79206,-0.0769793
0,-0.593516,0.593516,-0.411232,0.411232,3.54206,0.116414,2.00866,0.524968,-0.28848,0.791716,-0.0771556
0,-0.593516,0.593516,-0.411232,0.411232,3.54517,0.119849,2.00273,0.525694,-0.288323,0.791373,-0.0773316
0,-0.593516,0.593516,-0.411232,0.411232,3.54827,0.123284,1.9968,0.526419,-0.288167,0.791034,-0.0775072
0,-0.593516,0.593516,-0.411232,0.411232,3.55138,0.126719,1.99086,0.527144,-0.288012,0.790697,-0.0776825
0,-0.593516,0.593516,-0.411232,0.411232,3.55448,0.130154,1.98493,0.527867,-0.287858,0.790362,-0.0778575
0,-0.593516,0.593516,-0.411232,0.411232,3.55759,0.13359,1.979,0.528589,-0.287704,0.79003,-0.0780322
0,-0.593516,0.593516,-0.411232,0.411232,3.5607,0.137025,1.97307,0.529311,-0.287552,0.7897,-0.0782065
0,-0.593516,0.593516,-0.411232,0.411232,3.5638,0.14046,1.96714,0.530031,-0.287401,0.789372,-0.0783804
0,-0.593516,0.593516,-0.411232,0.411232,3.56691,0.143895,1.9612,0.53075,-0.28725,0.789047,-0.0785541
0,-0.593516,0.593516,-0.411232,0.411232,3.57001,0.14733,1.95527,0.531469,-0.287101,0.788724,-0.0787274
0,-0.593516,0.593516,-0.411232,0.411232,3.57312,0.150765,1.94934,0.532186,-0.286952,0.788403,-0.0789004
0,-0.593516,0.593516,-0.411232,0.411232,3.57623,0.1542,1.94341,0.532903,-0.286805,0.788085,-0.0790731
0,-0.593516,0.593516,-0.411232,0.411232,3.57933,0.157635,1.93748,0.533618,-0.286658,0.787769,-0.0792454
0,-0.593516,0.593516,-0.411232,0.411232,3.58244,0.16107,1.93154,0.534333,-0.286512,0.787455,-0.0794175
0,-0.593516,0.593516,-0.411232,0.411232,3.58554,0.164506,1.92561,0.535047,-0.286368,0.787143,-0.0795892
0,-0.593516,0.593516,-0.411232,0.411232,3.58865,0.167941,1.91968,0.535759,-0.286224,0.786834,-0.0797606
0,-0.593516,0.593516,-0.411232,0.411232,3.59175,0.171376,1.91375,0.536471,-0.286081,0.786527,-0.0799317
0,-0.593516,0.593516,-0.411232,0.411232,3.59486,0.174811,1.90782,0.537182,-0.285938,0.786222,-0.0801025
0,-0.593516,0.593516,-0.411232,0.411232,3.59797,0.178246,1.90189,0.537892,-0.285797,0.785919,-0.0802729
0,-0.593516,0.593516,-0.411232,0.411232,3.60107,0.181681,1.89595,0.538601,-0.285657,0.785618,-0.0804431
0,-0.593516,0.593516,-0.411232,0.411232,3.60418,0.185116,1.89002,0.539308,-0.285517,0.78532,-0.080613
0,-0.593516,0.593516,-0.411232,0.411232,3.60728,0.188551,1.88409,0.540016,-0.285378,0.785023,-0.0807825
0,-0.593516,0.593516,-0.411232,0.411232,3.61039,0.191986,1.87816,0.540722,-0.28524,0.784729,-0.0809517
0,-0.593516,0.593516,-0.411232,0.411232,3.6135,0.195421,1.87223,0.541427,-0.285103,0.784437,-0.0811206
0,-0.593516,0.593516,-0.411232,0.411232,3.6166,0.198857,1.86629,0.542131,-0.284967,0.784147,-0.0812893
0,-0.593516,0.593516,-0.411232,0.411232,3.61971,0.202292,1.86036,0.542834,-0.284832,0.783859,-0.0814576
0,-0.593516,0.593516,-0.411232,0.411232,3.62281,0.205727,1.85443,0.543537,-0.284697,0.783573,-0.0816256
0,-0.593516,0.593516,-0.411232,0.411232,3.62592,0.209162,1.8485,0.544239,-0.284563,0.783289,-0.0817934
0,-0.593516,0.593516,-0.411232,0.411232,3.62902,0.212597,1.84257,0.544939,-0.284431,0.783007,-0.0819608
0,-0.593516,0.593516,-0.411232,0.411232,3.63213,0.216032,1.83663,0.545639,-0.284298,0.782727,-0.0821279
0,-0.593516,0.593516,-0.411232,0.411232,3.63524,0.219467,1.8307,0.546338,-0.284167,0.78245,-0.0822948
0,-0.593516,0.593516,-0.411232,0.411232,3.63834,0.222902,1.82477,0.547036,-0.284037,0.782174,-0.0824614
0,-0.593516,0.593516,-0.411232,0.411232,3.64145,0.226337,1.81884,0.547733,-0.283907,0.7819,-0.0826276
0,-0.593516,0.593516,-0.411232,0.411232,3.64455,0.229773,1.81291,0.548429,-0.283778,0.781628,-0.0827936
0,-0.593516,0.593516,-0.411232,0.411232,3.64766,0.233208,1.80697,0.549124,-0.28365,0.781358,-0.0829593
0,-0.593516,0.593516,-0.411232,0.411232,3.65077,0.236643,1.80104,0.549819,-0.283523,0.78109,-0.0831247
0,-0.593516,0.593516,-0.411232,0.411232,3.65387,0.240078,1.79511,0.550512,-0.283396,0.780824,-0.0832898
0,-0.593516,0.593516,-0.411232,0.411232,3.65387,0.240078,1.79511,0.550512,-0.283396,0.780824,-0.0832898
0,-0.593516,0.593516,-0.411232,0.411232,3.65441,0.241882,1.79045,0.55117,-0.283411,0.780212,-0.083244
0,-0.593516,0.593516,-0.411232,0.411232,3.65496,0.243686,1.78579,0.551826,-0.283426,0.779602,-0.0831984
0,-0.593516,0.593516,-0.411232,0.411232,3.6555,0.24549,1.78113,0.552482,-0.283441,0.778995,-0.083153
0,-0.593516,0.593516,-0.411232,0.411232,3.65604,0.247295,1.77647,0.553137,-0.283457,0.778391,-0.0831078
0,-0.593516,0.593516,-0.411232,0.411232,3.65659,0.249099,1.77181,0.553791,-0.283473,0.777789,-0.0830628
0,-0.593516,0.593516,-0.411232,0.411232,3.65713,0.250903,1.76716,0.554444,-0.283489,0.777189,-0.0830181
0,-0.593516,0.593516,-0.411232,0.411232,3.65767,0.252707,1.7625,0.555097,-0.283506,0.776592,-0.0829736
0,-0.593516,0.593516,-0.411232,0.411232,3.65822,0.254511,1.75784,0.555749,-0.283523,0.775998,-0.0829293
0,-0.593516,0.593516,-0.411232,0.411232,3.65876,0.256315,1.75318,0.5564,-0.283541,0.775406,-0.0828853
0,-0.593516,0.593516,-0.411232,0.411232,3.6593,0.25812,1.74852,0.55705,-0.283559,0.774816,-0.0828414
0,-0.593516,0.593516,-0.411232,0.411232,3.65985,0.259924,1.74386,0.5577,-0.283577,0.774229,-0.0827978
0,-0.593516,0.593516,-0.411232,0.411232,3.66039,0.261728,1.7392,0.558349,-0.283595,0.773645,-0.0827544
0,-0.593516,0.593516,-0.411232,0.411232,3.66093,0.263532,1.73454,0.558997,-0.283614,0.773062,-0.0827111
0,-0.593516,0.593516,-0.411232,0.411232,3.66148,0.265336,1.72988,0.559644,-0.283633,0.772482,-0.0826682
0,-0.593516,0.593516,-0.411232,0.411232,3.66202,0.26714,1.72522,0.560291,-0.283653,0.771905,-0.0826254
0,-0.593516,0.593516,-0.411232,0.411232,3.66256,0.268945,1.72056,0.560937,-0.283673,0.77133,-0.0825828
0,-0.593516,0.593516,-0.411232,0.411232,3.66311,0.270749,1.7159,0.561582,-0.283693,0.770757,-0.0825404
0,-0.593516,0.593516,-0.411232,0.411232,3.66365,0.272553,1.71124,0.562226,-0.283713,0.770186,-0.0824982
0,-0.593516,0.593516,-0.411232,0.411232,3.66419,0.274357,1.70659,0.56287,-0.283734,0.769618,-0.0824563
0,-0.593516,0.593516,-0.411232,0.411232,3.66474,0.276161,1.70193,0.563513,-0.283756,0.769052,-0.0824145
0,-0.593516,0.593516,-0.411232,0.411232,3.66528,0.277965,1.69727,0.564155,-0.283777,0.768488,-0.082373
0,-0.593516,0.593516,-0.411232,0.411232,3.66582,0.27977,1.69261,0.564796,-0.283799,0.767927,-0.0823316
0,-0.593516,0.593516,-0.411232,0.411232,3.66637,0.281574,1.68795,0.565437,-0.283821,0.767368,-0.0822904
0,-0.593516,0.593516,-0.411232,0.411232,3.66691,0.283378,1.68329,0.566077,-0.283843,0.766811,-0.0822495
0,-0.593516,0.593516,-0.411232,0.411232,3.66745,0.285182,1.67863,0.566716,-0.283866,0.766256,-0.0822087
0,-0.593516,0.593516,-0.411232,0.411232,3.66799,0.286986,1.67397,0.567355,-0.283889,0.765704,-0.0821682
0,-0.593516,0.593516,-0.411232,0.411232,3.66854,0.28879,1.66931,0.567992,-0.283913,0.765154,-0.0821278
0,-0.593516,0.593516,-0.411232,0.411232,3.66908,0.290595,1.66465,0.568629,-0.283936,0.764606,-0.0820876
0,-0.593516,0.593516,-0.411232,0.411232,3.66962,0.292399,1.65999,0.569266,-0.28396,0.76406,-0.0820476
0,-0.593516,0.593516,-0.411232,0.411232,3.67017,0.294203,1.65533,0.569902,-0.283984,0.763516,-0.0820078
0,-0.593516,0.593516,-0.411232,0.411232,3.67071,0.296007,1.65067,0.570536,-0.284009,0.762975,-0.0819682
0,-0.593516,0.593516,-0.411232,0.411232,3.67125,0.297811,1.64602,0.571171,-0.284034,0.762435,-0.0819288
0,-0.593516,0.593516,-0.411232,0.411232,3.6718,0.299615,1.64136,0.571804,-0.284059,0.761898,-0.0818896
0,-0.593516,0.593516,-0.411232,0.411232,3.67234,0.30142,1.6367,0.572437,-0.284085,0.761363,-0.0818506
0,-0.593516,0.593516,-0.411232,0.411232,3.67288,0.303224,1.63204,0.573069,-0.28411,0.76083,-0.0818117
0,-0.593516,0.593516,-0.411232,0.411232,3.67343,0.305028,1.62738,0.573701,-0.284136,0.760299,-0.0817731
0,-0.593516,0.593516,-0.411232,0.411232,3.67397,0.306832,1.62272,0.574332,-0.284163,0.759771,-0.0817346
0,-0.593516,0.593516,-0.411232,0.411232,3.67451,0.308636,1.61806,0.574962,-0.284189,0.759244,-0.0816963
0,-0.593516,0.593516,-0.411232,0.411232,3.67506,0.31044,1.6134,0.575591,-0.284216,0.758719,-0.0816582
0,-0.593516,0.593516,-0.411232,0.411232,3.6756,0.312245,1.60874,0.57622,-0.284243,0.758197,-0.0816202
0,-0.593516,0.593516,-0.411232,0.411232,3.67614,0.314049,1.60408,0.576848,-0.284271,0.757676,-0.0815825
0,-0.593516,0.593516,-0.411232,0.411232,3.67669,0.315853,1.59942,0.577475,-0.284298,0.757158,-0.0815449
0,-0.593516,0.593516,-0.411232,0.411232,3.67723,0.317657,1.59476,0.578102,-0.284326,0.756641,-0.0815075
0,-0.593516,0.593516,-0.411232,0.411232,3.67777,0.319461,1.5901,0.578728,-0.284355,0.756127,-0.0814702
0,-0.593516,0.593516,-0.411232,0.411232,3.67832,0.321265,1.58544,0.579353,-0.284383,0.755614,-0.0814332
0,-0.593516,0.593516,-0.411232,0.411232,3.67886,0.32307,1.58079,0.579978,-0.284412,0.755103,-0.0813963
0,-0.593516,0.593516,-0.411232,0.411232,3.6794,0.324874,1.57613,0.580601,-0.284441,0.754595,-0.0813596
0,-0.593516,0.593516,-0.411232,0.411232,3.67995,0.326678,1.57147,0.581225,-0.28447,0.754088,-0.0813231
0,-0.593516,0.593516,-0.411232,0.411232,3.68049,0.328482,1.56681,0.581847,-0.2845,0.753584,-0.0812867
0,-0.593516,0.593516,-0.411232,0.411232,3.68103,0.330286,1.56215,0.582469,-0.28453,0.753081,-0.0812505
0,-0.593516,0.593516,-0.411232,0.411232,3.68157,0.332091,1.55749,0.583091,-0.28456,0.75258,-0.0812145
0,-0.593516,0.593516,-0.411232,0.411232,3.68212,0.333895,1.55283,0.583711,-0.284591,0.752081,-0.0811787
0,-0.593516,0.593516,-0.411232,0.411232,3.68266,0.335699,1.54817,0.584331,-0.284621,0.751584,-0.081143
0,-0.593516,0.593516,-0.411232,0.411232,3.6832,0.337503,1.54351,0.58495,-0.284652,0.751089,-0.0811075
0,-0.593516,0.593516,-0.411232,0.411232,3.68375,0.339307,1.53885,0.585569,-0.284683,0.750596,-0.0810721
0,-0.593516,0.593516,-0.411232,0.411232,3.68429,0.341111,1.53419,0.586187,-0.284715,0.750105,-0.081037
0,-0.593516,0.593516,-0.411232,0.411232,3.68483,0.342916,1.52953,0.586804,-0.284746,0.749615,-0.0810019
0,-0.593516,0.593516,-0.411232,0.411232,3.68538,0.34472,1.52487,0.587421,-0.284778,0.749128,-0.0809671
0,-0.593516,0.593516,-0.411232,0.411232,3.68592,0.346524,1.52022,0.588037,-0.28481,0.748642,-0.0809324
0,-0.593516,0.593516,-0.411232,0.411232,3.68646,0.348328,1.51556,0.588652,-0.284843,0.748158,-0.0808978
0,-0.593516,0.593516,-0.411232,0.411232,3.68701,0.350132,1.5109,0.589267,-0.284875,0.747676,-0.0808635
0,-0.593516,0.593516,-0.411232,0.411232,3.68755,0.351936,1.50624,0.589881,-0.284908,0.747196,-0.0808292
0,-0.593516,0.593516,-0.411232,0.411232,3.68809,0.353741,1.50158,0.590495,-0.284941,0.746717,-0.0807952
0,-0.593516,0.593516,-0.411232,0.411232,3.68864,0.355545,1.49692,0.591108,-0.284975,0.746241,-0.0807613
0,-0.593516,0.593516,-0.411232,0.411232,3.68918,0.357349,1.49226,0.59172,-0.285008,0.745766,-0.0807276
0,-0.593516,0.593516,-0.411232,0.411232,3.68972,0.359153,1.4876,0.592331,-0.285042,0.745293,-0.080694
0,-0.593516,0.593516,-0.411232,0.411232,3.69027,0.360957,1.48294,0.592942,-0.285076,0.744821,-0.0806606
0,-0.593516,0.593516,-0.411232,0.411232,3.69081,0.362761,1.47828,0.593553,-0.28511,0.744352,-0.0806273
0,-0.593516,0.593516,-0.411232,0.411232,3.69135,0.364566,1.47362,0.594162,-0.285145,0.743884,-0.0805942
0,-0.593516,0.593516,-0.411232,0.411232,3.6919,0.36637,1.46896,0.594772,-0.28518,0.743418,-0.0805612
0,-0.593516,0.593516,-0.411232,0.411232,3.69244,0.368174,1.4643,0.59538,-0.285215,0.742954,-0.0805284
0,-0.593516,0.593516,-0.411232,0.411232,3.69298,0.369978,1.45965,0.595988,-0.28525,0.742491,-0.0804957
0,-0.593516,0.593516,-0.411232,0.411232,3.69353,0.371782,1.45499,0.596595,-0.285285,0.74203,-0.0804632
0,-0.593516,0.593516,-0.411232,0.411232,3.69407,0.373586,1.45033,0.597202,-0.285321,0.741571,-0.0804308
0,-0.593516,0.593516,-0.411232,0.411232,3.69461,0.375391,1.44567,0.597808,-0.285357,0.741113,-0.0803986
0,-0.593516,0.593516,-0.411232,0.411232,3.69515,0.377195,1.44101,0.598413,-0.285393,0.740658,-0.0803665
0,-0.593516,0.593516,-0.411232,0.411232,3.6957,0.378999,1.43635,0.599018,-0.285429,0.740204,-0.0803346
0,-0.593516,0.593516,-0.411232,0.411232,3.69624,0.380803,1.43169,0.599622,-0.285466,0.739751,-0.0803028
0,-0.593516,0.593516,-0.411232,0.411232,3.69678,0.382607,1.42703,0.600225,-0.285503,0.7393,-0.0802712
0,-0.593516,0.593516,-0.411232,0.411232,3.69733,0.384411,1.42237,0.600828,-0.285539,0.738851,-0.0802397
0,-0.593516,0.593516,-0.411232,0.411232,3.69787,0.386216,1.41771,0.60143,-0.285577,0.738404,-0.0802084
0,-0.593516,0.593516,-0.411232,0.411232,3.69841,0.38802,1.41305,0.602032,-0.285614,0.737958,-0.0801772
0,-0.593516,0.593516,-0.411232,0.411232,3.69896,0.389824,1.40839,0.602633,-0.285652,0.737513,-0.0801461
0,-0.593516,0.593516,-0.411232,0.411232,3.6995,0.391628,1.40373,0.603234,-0.285689,0.737071,-0.0801152
0,-0.593516,0.593516,-0.411232,0.411232,3.70004,0.393432,1.39908,0.603834,-0.285727,0.73663,-0.0800844
0,-0.593516,0.593516,-0.411232,0.411232,3.70059,0.395236,1.39442,0.604433,-0.285766,0.73619,-0.0800537
0,-0.593516,0.593516,-0.411232,0.411232,3.70113,0.397041,1.38976,0.605032,-0.285804,0.735753,-0.0800233
0,-0.593516,0.593516,-0.411232,0.411232,3.70167,0.398845,1.3851,0.60563,-0.285843,0.735316,-0.0799929
0,-0.593516,0.593516,-0.411232,0.411232,3.70222,0.400649,1.38044,0.606227,-0.285882,0.734882,-0.0799627
0,-0.593516,0.593516,-0.411232,0.411232,3.70276,0.402453,1.37578,0.606824,-0.285921,0.734449,-0.0799326
0,-0.593516,0.593516,-0.411232,0.411232,3.7033,0.404257,1.37112,0.607421,-0.28596,0.734017,-0.0799026
0,-0.593516,0.593516,-0.411232,0.411232,3.70385,0.406061,1.36646,0.608017,-0.285999,0.733587,-0.0798728
0,-0.593516,0.593516,-0.411232,0.411232,3.70439,0.407866,1.3618,0.608612,-0.286039,0.733159,-0.0798431
0,-0.593516,0.593516,-0.411232,0.411232,3.70493,0.40967,1.35714,0.609206,-0.286079,0.732732,-0.0798136
0,-0.593516,0.593516,-0.411232,0.411232,3.70548,0.411474,1.35248,0.6098,-0.286119,0.732306,-0.0797842
0,-0.593516,0.593516,-0.411232,0.411232,3.70602,0.413278,1.34782,0.610394,-0.286159,0.731882,-0.0797549
0,-0.593516,0.593516,-0.411232,0.411232,3.70656,0.415082,1.34316,0.610987,-0.286199,0.73146,-0.0797258
0,-0.593516,0.593516,-0.411232,0.411232,3.70711,0.416886,1.33851,0.611579,-0.28624,0.731039,-0.0796968
0,-0.593516,0.593516,-0.411232,0.411232,3.70765,0.418691,1.33385,0.612171,-0.286281,0.73062,-0.0796679
0,-0.593516,0.593516,-0.411232,0.411232,3.70819,0.420495,1.32919,0.612762,-0.286322,0.730202,-0.0796391
0,-0.593516,0.593516,-0.411232,0.411232,3.70874,0.422299,1.32453,0.613353,-0.286363,0.729786,-0.0796105
0,-0.593516,0.593516,-0.411232,0.411232,3.70928,0.424103,1.31987,0.613943,-0.286404,0.729371,-0.079582
0,-0.593516,0.593516,-0.411232,0.411232,3.70982,0.425907,1.31521,0.614532,-0.286446,0.728957,-0.0795536
0,-0.593516,0.593516,-0.411232,0.411232,3.71036,0.427711,1.31055,0.615121,-0.286487,0.728545,-0.0795254
0,-0.593516,0.593516,-0.411232,0.411232,3.71091,0.429516,1.30589,0.615709,-0.286529,0.728135,-0.0794973
0,-0.593516,0.593516,-0.411232,0.411232,3.71145,0.43132,1.30123,0.616297,-0.286571,0.727726,-0.0794693
0,-0.593516,0.593516,-0.411232,0.411232,3.71199,0.433124,1.29657,0.616884,-0.286614,0.727318,-0.0794414
0,-0.593516,0.593516,-0.411232,0.411232,3.71254,0.434928,1.29191,0.617471,-0.286656,0.726912,-0.0794137
0,-0.593516,0.593516,-0.411232,0.411232,3.71308,0.436732,1.28725,0.618057,-0.286699,0.726507,-0.0793861
0,-0.593516,0.593516,-0.411232,0.411232,3.71362,0.438536,1.28259,0.618642,-0.286741,0.726104,-0.0793586
0,-0.593516,0.593516,-0.411232,0.411232,3.71417,0.440341,1.27793,0.619227,-0.286784,0.725702,-0.0793312
0,-0.593516,0.593516,-0.411232,0.411232,3.71471,0.442145,1.27328,0.619812,-0.286827,0.725301,-0.079304
0,-0.593516,0.593516,-0.411232,0.411232,3.71525,0.443949,1.26862,0.620396,-0.286871,0.724902,-0.0792769
0,-0.593516,0.593516,-0.411232,0.411232,3.7158,0.445753,1.26396,0.620979,-0.286914,0.724504,-0.0792499
0,-0.593516,0.593516,-0.411232,0.411232,3.71634,0.447557,1.2593,0.621562,-0.286958,0.724108,-0.079223
0,-0.593516,0.593516,-0.411232,0.411232,3.71688,0.449362,1.25464,0.622144,-0.287002,0.723713,-0.0791962
0,-0.593516,0.593516,-0.411232,0.411232,3.71743,0.451166,1.24998,0.622726,-0.287046,0.723319,-0.0791696
0,-0.593516,0.593516,-0.411232,0.411232,3.71797,0.45297,1.24532,0.623307,-0.28709,0.722927,-0.0791431
0,-0.593516,0.593516,-0.411232,0.411232,3.71851,0.454774,1.24066,0.623888,-0.287134,0.722536,-0.0791166
0,-0.593516,0.593516,-0.411232,0.411232,3.71851,0.454774,1.24066,0.623888,-0.287134,0.722536,-0.0791166
0,-0.593516,0.593516,-0.411232,0.411232,3.71741,0.457898,1.23523,0.624518,-0.286915,0.721941,-0.079166
0,-0.593516,0.593516,-0.411232,0.411232,3.71631,0.461022,1.22981,0.625147,-0.286696,0.721348,-0.0792153
0,-0.593516,0.593516,-0.411232,0.411232,3.71521,0.464146,1.22438,0.625775,-0.286477,0.720756,-0.0792645
0,-0.593516,0.593516,-0.411232,0.411232,3.71411,0.46727,1.21895,0.626403,-0.28626,0.720167,-0.0793138
0,-0.593516,0.593516,-0.411232,0.411232,3.713,0.470394,1.21352,0.627031,-0.286043,0.719579,-0.079363
0,-0.593516,0.593516,-0.411232,0.411232,3.7119,0.473519,1.2081,0.627658,-0.285827,0.718994,-0.0794123
0,-0.593516,0.593516,-0.411232,0.411232,3.7108,0.476643,1.20267,0.628284,-0.285612,0.71841,-0.0794614
0,-0.593516,0.593516,-0.411232,0.411232,3.7097,0.479767,1.19724,0.628909,-0.285398,0.717828,-0.0795106
0,-0.593516,0.593516,-0.411232,0.411232,3.7086,0.482891,1.19181,0.629534,-0.285184,0.717248,-0.0795598
0,-0.593516,0.593516,-0.411232,0.411232,3.7075,0.486015,1.18639,0.630158,-0.284971,0.716669,-0.0796089
0,-0.593516,0.593516,-0.411232,0.411232,3.7064,0.489139,1.18096,0.630782,-0.284758,0.716093,-0.0796581
0,-0.593516,0.593516,-0.411232,0.411232,3.70529,0.492263,1.17553,0.631405,-0.284546,0.715519,-0.0797072
0,-0.593516,0.593516,-0.411232,0.411232,3.70419,0.495387,1.17011,0.632027,-0.284335,0.714946,-0.0797563
0,-0.593516,0.593516,-0.411232,0.411232,3.70309,0.498511,1.16468,0.632649,-0.284125,0.714375,-0.0798053
0,-0.593516,0.593516,-0.411232,0.411232,3.70199,0.501635,1.15925,0.63327,-0.283915,0.713806,-0.0798544
0,-0.593516,0.593516,-0.411232,0.411232,3.70089,0.504759,1.15382,0.633891,-0.283706,0.713239,-0.0799034
0,-0.593516,0.593516,-0.411232,0.411232,3.69979,0.507883,1.1484,0.634511,-0.283498,0.712673,-0.0799524
0,-0.593516,0.593516,-0.411232,0.411232,3.69868,0.511008,1.14297,0.63513,-0.28329,0.712109,-0.0800014
0,-0.593516,0.593516,-0.411232,0.411232,3.69758,0.514132,1.13754,0.635749,-0.283083,0.711547,-0.0800504
0,-0.593516,0.593516,-0.411232,0.411232,3.69648,0.517256,1.13211,0.636367,-0.282877,0.710987,-0.0800993
0,-0.593516,0.593516,-0.411232,0.411232,3.69538,0.52038,1.12669,0.636985,-0.282672,0.710429,-0.0801482
0,-0.593516,0.593516,-0.411232,0.411232,3.69428,0.523504,1.12126,0.637602,-0.282467,0.709872,-0.0801972
0,-0.593516,0.593516,-0.411232,0.411232,3.69318,0.526628,1.11583,0.638218,-0.282262,0.709317,-0.0802461
0,-0.593516,0.593516,-0.411232,0.411232,3.69208,0.529752,1.1104,0.638834,-0.282059,0.708764,-0.0802949
0,-0.593516,0.593516,-0.411232,0.411232,3.69097,0.532876,1.10498,0.639449,-0.281856,0.708212,-0.0803438
0,-0.593516,0.593516,-0.411232,0.411232,3.68987,0.536,1.09955,0.640064,-0.281653,0.707663,-0.0803926
0,-0.593516,0.593516,-0.411232,0.411232,3.68877,0.539124,1.09412,0.640678,-0.281452,0.707115,-0.0804414
0,-0.593516,0.593516,-0.411232,0.411232,3.68767,0.542248,1.0887,0.641291,-0.281251,0.706568,-0.0804902
0,-0.593516,0.593516,-0.411232,0.411232,3.68657,0.545373,1.08327,0.641904,-0.28105,0.706024,-0.080539
0,-0.593516,0.593516,-0.411232,0.411232,3.68547,0.548497,1.07784,0.642516,-0.28085,0.705481,-0.0805878
0,-0.593516,0.593516,-0.411232,0.411232,3.68436,0.551621,1.07241,0.643128,-0.280651,0.704939,-0.0806365
0,-0.593516,0.593516,-0.411232,0.411232,3.68326,0.554745,1.06699,0.643739,-0.280453,0.7044,-0.0806852
0,-0.593516,0.593516,-0.411232,0.411232,3.68216,0.557869,1.06156,0.644349,-0.280255,0.703862,-0.0807339
0,-0.593516,0.593516,-0.411232,0.411232,3.68106,0.560993,1.05613,0.644959,-0.280058,0.703325,-0.0807826
0,-0.593516,0.593516,-0.411232,0.411232,3.67996,0.564117,1.0507,0.645569,-0.279861,0.70279,-0.0808312
0,-0.593516,0.593516,-0.411232,0.411232,3.67886,0.567241,1.04528,0.646177,-0.279665,0.702257,-0.0808799
0,-0.593516,0.593516,-0.411232,0.411232,3.67775,0.570365,1.03985,0.646786,-0.27947,0.701726,-0.0809285
0,-0.593516,0.593516,-0.411232,0.411232,3.67665,0.573489,1.03442,0.647393,-0.279275,0.701196,-0.0809771
0,-0.593516,0.593516,-0.411232,0.411232,3.67555,0.576613,1.02899,0.648,-0.279081,0.700668,-0.0810257
0,-0.593516,0.593516,-0.411232,0.411232,3.67445,0.579737,1.02357,0.648607,-0.278887,0.700141,-0.0810742
0,-0.593516,0.593516,-0.411232,0.411232,3.67335,0.582862,1.01814,0.649213,-0.278694,0.699616,-0.0811227
0,-0.593516,0.593516,-0.411232,0.411232,3.67225,0.585986,1.01271,0.649818,-0.278502,0.699093,-0.0811713
0,-0.593516,0.593516,-0.411232,0.411232,3.67115,0.58911,1.00728,0.650423,-0.27831,0.698571,-0.0812198
0,-0.593516,0.593516,-0.411232,0.411232,3.67004,0.592234,1.00186,0.651027,-0.278119,0.698051,-0.0812682
0,-0.593516,0.593516,-0.411232,0.411232,3.66894,0.595358,0.99643,0.651631,-0.277928,0.697532,-0.0813167
0,-0.593516,0.593516,-0.411232,0.411232,3.66784,0.598482,0.991003,0.652234,-0.277738,0.697015,-0.0813651
0,-0.593516,0.593516,-0.411232,0.411232,3.66674,0.601606,0.985575,0.652836,-0.277549,0.696499,-0.0814135
0,-0.593516,0.593516,-0.411232,0.411232,3.66564,0.60473,0.980148,0.653438,-0.27736,0.695985,-0.0814619
0,-0.593516,0.593516,-0.411232,0.411232,3.66454,0.607854,0.974721,0.65404,-0.277172,0.695472,-0.0815103
0,-0.593516,0.593516,-0.411232,0.411232,3.66343,0.610978,0.969293,0.654641,-0.276984,0.694961,-0.0815587
0,-0.593516,0.593516,-0.411232,0.411232,3.66233,0.614102,0.963866,0.655241,-0.276797,0.694452,-0.081607
0,-0.593516,0.593516,-0.411232,0.411232,3.66123,0.617227,0.958439,0.655841,-0.276611,0.693944,-0.0816553
0,-0.593516,0.593516,-0.411232,0.411232,3.66013,0.620351,0.953011,0.65644,-0.276425,0.693438,-0.0817036
0,-0.593516,0.593516,-0.411232,0.411232,3.65903,0.623475,0.947584,0.657039,-0.276239,0.692933,-0.0817519
0,-0.593516,0.593516,-0.411232,0.411232,3.65793,0.626599,0.942157,0.657637,-0.276055,0.692429,-0.0818001
0,-0.593516,0.593516,-0.411232,0.411232,3.65683,0.629723,0.936729,0.658235,-0.275871,0.691927,-0.0818484
0,-0.593516,0.593516,-0.411232,0.411232,3.65572,0.632847,0.931302,0.658832,-0.275687,0.691427,-0.0818966
0,-0.593516,0.593516,-0.411232,0.411232,3.65462,0.635971,0.925875,0.659428,-0.275504,0.690927,-0.0819448
0,-0.593516,0.593516,-0.411232,0.411232,3.65352,0.639095,0.920447,0.660024,-0.275321,0.69043,-0.081993
0,-0.593516,0.593516,-0.411232,0.411232,3.65242,0.642219,0.91502,0.66062,-0.275139,0.689934,-0.0820411
0,-0.593516,0.593516,-0.411232,0.411232,3.65132,0.645343,0.909593,0.661215,-0.274958,0.689439,-0.0820893
0,-0.593516,0.593516,-0.411232,0.411232,3.65022,0.648467,0.904165,0.661809,-0.274777,0.688946,-0.0821374
0,-0.593516,0.593516,-0.411232,0.411232,3.64911,0.651591,0.898738,0.662403,-0.274597,0.688454,-0.0821855
0,-0.593516,0.593516,-0.411232,0.411232,3.64801,0.654716,0.89331,0.662996,-0.274417,0.687964,-0.0822335
0,-0.593516,0.593516,-0.411232,0.411232,3.64691,0.65784,0.887883,0.663589,-0.274238,0.687475,-0.0822816
0,-0.593516,0.593516,-0.411232,0.411232,3.64581,0.660964,0.882456,0.664181,-0.274059,0.686987,-0.0823296
0,-0.593516,0.593516,-0.411232,0.411232,3.64471,0.664088,0.877028,0.664773,-0.273881,0.686501,-0.0823776
0,-0.593516,0.593516,-0.411232,0.411232,3.64361,0.667212,0.871601,0.665364,-0.273703,0.686017,-0.0824256
0,-0.593516,0.593516,-0.411232,0.411232,3.6425,0.670336,0.866174,0.665955,-0.273526,0.685533,-0.0824736
0,-0.593516,0.593516,-0.411232,0.411232,3.6414,0.67346,0.860746,0.666545,-0.273349,0.685051,-0.0825216
0,-0.593516,0.593516,-0.411232,0.411232,3.6403,0.676584,0.855319,0.667135,-0.273173,0.684571,-0.0825695
0,-0.593516,0.593516,-0.411232,0.411232,3.6392,0.679708,0.849892,0.667724,-0.272998,0.684092,-0.0826174
0,-0.593516,0.593516,-0.411232,0.411232,3.6381,0.682832,0.844464,0.668312,-0.272823,0.683614,-0.0826653
0,-0.593516,0.593516,-0.411232,0.411232,3.637,0.685956,0.839037,0.6689,-0.272648,0.683138,-0.0827132
0,-0.593516,0.593516,-0.411232,0.411232,3.6359,0.689081,0.83361,0.669488,-0.272474,0.682663,-0.082761
0,-0.593516,0.593516,-0.411232,0.411232,3.63479,0.692205,0.828182,0.670075,-0.272301,0.682189,-0.0828089
0,-0.593516,0.593516,-0.411232,0.411232,3.63369,0.695329,0.822755,0.670661,-0.272128,0.681717,-0.0828567
0,-0.593516,0.593516,-0.411232,0.411232,3.63259,0.698453,0.817328,0.671247,-0.271955,0.681246,-0.0829045
0,-0.593516,0.593516,-0.411232,0.411232,3.63149,0.701577,0.8119,0.671833,-0.271783,0.680776,-0.0829522
0,-0.593516,0.593516,-0.411232,0.411232,3.63039,0.704701,0.806473,0.672418,-0.271612,0.680308,-0.083
0,-0.593516,0.593516,-0.411232,0.411232,3.62929,0.707825,0.801045,0.673002,-0.271441,0.679841,-0.0830477
0,-0.593516,0.593516,-0.411232,0.411232,3.62818,0.710949,0.795618,0.673586,-0.271271,0.679375,-0.0830954
0,-0.593516,0.593516,-0.411232,0.411232,3.62708,0.714073,0.790191,0.67417,-0.271101,0.678911,-0.0831431
0,-0.593516,0.593516,-0.411232,0.411232,3.62598,0.717197,0.784763,0.674753,-0.270931,0.678448,-0.0831908
0,-0.593516,0.593516,-0.411232,0.411232,3.62488,0.720321,0.779336,0.675335,-0.270762,0.677986,-0.0832384
0,-0.593516,0.593516,-0.411232,0.411232,3.62378,0.723445,0.773909,0.675917,-0.270594,0.677526,-0.0832861
0,-0.593516,0.593516,-0.411232,0.411232,3.62268,0.72657,0.768481,0.676499,-0.270426,0.677067,-0.0833337
0,-0.593516,0.593516,-0.411232,0.411232,3.62157,0.729694,0.763054,0.67708,-0.270258,0.676609,-0.0833813
0,-0.593516,0.593516,-0.411232,0.411232,3.62047,0.732818,0.757627,0.67766,-0.270091,0.676153,-0.0834288
0,-0.593516,0.593516,-0.411232,0.411232,3.61937,0.735942,0.752199,0.67824,-0.269925,0.675697,-0.0834764
0,-0.593516,0.593516,-0.411232,0.411232,3.61827,0.739066,0.746772,0.67882,-0.269759,0.675243,-0.0835239
0,-0.593516,0.593516,-0.411232,0.411232,3.61717,0.74219,0.741345,0.679399,-0.269593,0.674791,-0.0835714
0,-0.593516,0.593516,-0.411232,0.411232,3.61607,0.745314,0.735917,0.679977,-0.269428,0.674339,-0.0836189
0,-0.593516,0.593516,-0.411232,0.411232,3.61497,0.748438,0.73049,0.680555,-0.269264,0.673889,-0.0836664
0,-0.593516,0.593516,-0.411232,0.411232,3.61386,0.751562,0.725063,0.681133,-0.2691,0.67344,-0.0837138
0,-0.593516,0.593516,-0.411232,0.411232,3.61276,0.754686,0.719635,0.68171,-0.268936,0.672992,-0.0837612
0,-0.593516,0.593516,-0.411232,0.411232,3.61166,0.75781,0.714208,0.682286,-0.268773,0.672546,-0.0838086
0,-0.593516,0.593516,-0.411232,0.411232,3.61056,0.760934,0.70878,0.682862,-0.26861,0.6721,-0.083856
0,-0.593516,0.593516,-0.411232,0.411232,3.60946,0.764059,0.703353,0.683438,-0.268448,0.671656,-0.0839034
0,-0.593516,0.593516,-0.411232,0.411232,3.60836,0.767183,0.697926,0.684013,-0.268286,0.671214,-0.0839507
0,-0.593516,0.593516,-0.411232,0.411232,3.60725,0.770307,0.692498,0.684587,-0.268125,0.670772,-0.0839981
0,-0.593516,0.593516,-0.411232,0.411232,3.60615,0.773431,0.687071,0.685161,-0.267964,0.670332,-0.0840454
0,-0.593516,0.593516,-0.411232,0.411232,3.60505,0.776555,0.681644,0.685735,-0.267803,0.669893,-0.0840926
0,-0.593516,0.593516,-0.411232,0.411232,3.60395,0.779679,0.676216,0.686308,-0.267643,0.669455,-0.0841399
0,-0.593516,0.593516,-0.411232,0.411232,3.60285,0.782803,0.670789,0.686881,-0.267484,0.669018,-0.0841872
0,-0.593516,0.593516,-0.411232,0.411232,3.60175,0.785927,0.665362,0.687453,-0.267325,0.668582,-0.0842344
0,-0.593516,0.593516,-0.411232,0.411232,3.60065,0.789051,0.659934,0.688025,-0.267166,0.668148,-0.0842816
0,-0.593516,0.593516,-0.411232,0.411232,3.59954,0.792175,0.654507,0.688596,-0.267008,0.667715,-0.0843288
0,-0.593516,0.593516,-0.411232,0.411232,3.59844,0.795299,0.64908,0.689167,-0.26685,0.667283,-0.0843759
0,-0.593516,0.593516,-0.411232,0.411232,3.59734,0.798424,0.643652,0.689737,-0.266693,0.666852,-0.0844231
0,-0.593516,0.593516,-0.411232,0.411232,3.59624,0.801548,0.638225,0.690307,-0.266536,0.666422,-0.0844702
0,-0.593516,0.593516,-0.411232,0.411232,3.59514,0.804672,0.632798,0.690876,-0.26638,0.665994,-0.0845173
0,-0.593516,0.593516,-0.411232,0.411232,3.59404,0.807796,0.62737,0.691445,-0.266224,0.665566,-0.0845644
0,-0.593516,0.593516,-0.411232,0.411232,3.59293,0.81092,0.621943,0.692014,-0.266069,0.66514,-0.0846114
0,-0.593516,0.593516,-0.411232,0.411232,3.59183,0.814044,0.616515,0.692581,-0.265913,0.664715,-0.0846585
0,-0.593516,0.593516,-0.411232,0.411232,3.59073,0.817168,0.611088,0.693149,-0.265759,0.664291,-0.0847055
0,-0.593516,0.593516,-0.411232,0.411232,3.58963,0.820292,0.605661,0.693716,-0.265605,0.663868,-0.0847525
0,-0.593516,0.593516,-0.411232,0.411232,3.58853,0.823416,0.600233,0.694283,-0.265451,0.663447,-0.0847995
0,-0.593516,0.593516,-0.411232,0.411232,3.58743,0.82654,0.594806,0.694849,-0.265298,0.663026,-0.0848465
0,-0.593516,0.593516,-0.411232,0.411232,3.58743,0.82654,0.594806,0.694849,-0.265298,0.663026,-0.0848465
0,-0.593516,0.593516,-0.411232,0.411232,3.58688,0.829452,0.589075,0.695675,-0.264936,0.662053,-0.0848711
0,-0.593516,0.593516,-0.411232,0.411232,3.58633,0.832364,0.583344,0.6965,-0.264575,0.661084,-0.0848958
0,-0.593516,0.593516,-0.411232,0.411232,3.58579,0.835275,0.577612,0.697324,-0.264216,0.660117,-0.0849206
0,-0.593516,0.593516,-0.411232,0.411232,3.58524,0.838187,0.571881,0.698148,-0.263858,0.659154,-0.0849454
0,-0.593516,0.593516,-0.411232,0.411232,3.5847,0.841098,0.56615,0.69897,-0.263501,0.658194,-0.0849703
0,-0.593516,0.593516,-0.411232,0.411232,3.58415,0.84401,0.560419,0.699791,-0.263145,0.657237,-0.0849953
0,-0.593516,0.593516,-0.411232,0.411232,3.58361,0.846922,0.554688,0.700612,-0.26279,0.656283,-0.0850203
0,-0.593516,0.593516,-0.411232,0.411232,3.58306,0.849833,0.548956,0.701431,-0.262437,0.655332,-0.0850454
0,-0.593516,0.593516,-0.411232,0.411232,3.58251,0.852745,0.543225,0.70225,-0.262085,0.654385,-0.0850705
0,-0.593516,0.593516,-0.411232,0.411232,3.58197,0.855656,0.537494,0.703067,-0.261734,0.65344,-0.0850957
0,-0.593516,0.593516,-0.411232,0.411232,3.58142,0.858568,0.531763,0.703884,-0.261384,0.652499,-0.0851209
0,-0.593516,0.593516,-0.411232,0.411232,3.58088,0.86148,0.526032,0.7047,-0.261035,0.65156,-0.0851462
0,-0.593516,0.593516,-0.411232,0.411232,3.58033,0.864391,0.5203,0.705514,-0.260688,0.650625,-0.0851716
0,-0.593516,0.593516,-0.411232,0.411232,3.57978,0.867303,0.514569,0.706328,-0.260341,0.649693,-0.085197
0,-0.593516,0.593516,-0.411232,0.411232,3.57924,0.870214,0.508838,0.707141,-0.259996,0.648764,-0.0852225
0,-0.593516,0.593516,-0.411232,0.411232,3.57869,0.873126,0.503107,0.707953,-0.259652,0.647837,-0.085248
0,-0.593516,0.593516,-0.411232,0.411232,3.57815,0.876038,0.497376,0.708764,-0.259309,0.646914,-0.0852736
0,-0.593516,0.593516,-0.411232,0.411232,3.5776,0.878949,0.491644,0.709574,-0.258967,0.645994,-0.0852992
0,-0.593516,0.593516,-0.411232,0.411232,3.57706,0.881861,0.485913,0.710383,-0.258626,0.645076,-0.0853249
0,-0.593516,0.593516,-0.411232,0.411232,3.57651,0.884772,0.480182,0.711191,-0.258287,0.644162,-0.0853506
0,-0.593516,0.593516,-0.411232,0.411232,3.57596,0.887684,0.474451,0.711998,-0.257948,0.64325,-0.0853764
0,-0.593516,0.593516,-0.411232,0.411232,3.57542,0.890596,0.468719,0.712805,-0.257611,0.642342,-0.0854022
0,-0.593516,0.593516,-0.411232,0.411232,3.57487,0.893507,0.462988,0.71361,-0.257274,0.641436,-0.0854281
0,-0.593516,0.593516,-0.411232,0.411232,3.57433,0.896419,0.457257,0.714415,-0.256939,0.640533,-0.085454
0,-0.593516,0.593516,-0.411232,0.411232,3.57378,0.89933,0.451526,0.715218,-0.256605,0.639633,-0.08548
0,-0.593516,0.593516,-0.411232,0.411232,3.57323,0.902242,0.445795,0.716021,-0.256272,0.638735,-0.085506
0,-0.593516,0.593516,-0.411232,0.411232,3.57269,0.905154,0.440063,0.716823,-0.25594,0.637841,-0.0855321
0,-0.593516,0.593516,-0.411232,0.411232,3.57214,0.908065,0.434332,0.717624,-0.255609,0.636949,-0.0855582
0,-0.593516,0.593516,-0.411232,0.411232,3.5716,0.910977,0.428601,0.718424,-0.255279,0.63606,-0.0855844
0,-0.593516,0.593516,-0.411232,0.411232,3.57105,0.913888,0.42287,0.719223,-0.25495,0.635174,-0.0856106
0,-0.593516,0.593516,-0.411232,0.411232,3.5705,0.9168,0.417139,0.720021,-0.254622,0.634291,-0.0856369
0,-0.593516,0.593516,-0.411232,0.411232,3.56996,0.919712,0.411407,0.720819,-0.254295,0.63341,-0.0856632
0,-0.593516,0.593516,-0.411232,0.411232,3.56941,0.922623,0.405676,0.721615,-0.253969,0.632532,-0.0856896
0,-0.593516,0.593516,-0.411232,0.411232,3.56887,0.925535,0.399945,0.722411,-0.253645,0.631657,-0.085716
0,-0.593516,0.593516,-0.411232,0.411232,3.56832,0.928446,0.394214,0.723205,-0.253321,0.630784,-0.0857425
0,-0.593516,0.593516,-0.411232,0.411232,3.56778,0.931358,0.388483,0.723999,-0.252998,0.629914,-0.085769
0,-0.593516,0.593516,-0.411232,0.411232,3.56723,0.93427,0.382751,0.724792,-0.252677,0.629047,-0.0857955
0,-0.593516,0.593516,-0.411232,0.411232,3.56668,0.937181,0.37702,0.725584,-0.252356,0.628182,-0.0858221
0,-0.593516,0.593516,-0.411232,0.411232,3.56614,0.940093,0.371289,0.726376,-0.252036,0.62732,-0.0858488
0,-0.593516,0.593516,-0.411232,0.411232,3.56559,0.943004,0.365558,0.727166,-0.251718,0.626461,-0.0858754
0,-0.593516,0.593516,-0.411232,0.411232,3.56505,0.945916,0.359826,0.727956,-0.2514,0.625604,-0.0859022
0,-0.593516,0.593516,-0.411232,0.411232,3.5645,0.948828,0.354095,0.728744,-0.251083,0.62475,-0.0859289
0,-0.593516,0.593516,-0.411232,0.411232,3.56395,0.951739,0.348364,0.729532,-0.250767,0.623899,-0.0859557
0,-0.593516,0.593516,-0.411232,0.411232,3.56341,0.954651,0.342633,0.730319,-0.250453,0.623049,-0.0859826
0,-0.593516,0.593516,-0.411232,0.411232,3.56286,0.957562,0.336902,0.731105,-0.250139,0.622203,-0.0860095
0,-0.593516,0.593516,-0.411232,0.411232,3.56232,0.960474,0.33117,0.731891,-0.249826,0.621359,-0.0860364
0,-0.593516,0.593516,-0.411232,0.411232,3.56177,0.963386,0.325439,0.732675,-0.249514,0.620518,-0.0860634
0,-0.593516,0.593516,-0.411232,0.411232,3.56123,0.966297,0.319708,0.733459,-0.249203,0.619679,-0.0860904
0,-0.593516,0.593516,-0.411232,0.411232,3.56068,0.969209,0.313977,0.734242,-0.248893,0.618842,-0.0861175
0,-0.593516,0.593516,-0.411232,0.411232,3.56013,0.97212,0.308246,0.735024,-0.248584,0.618009,-0.0861446
0,-0.593516,0.593516,-0.411232,0.411232,3.55959,0.975032,0.302514,0.735805,-0.248276,0.617177,-0.0861717
0,-0.593516,0.593516,-0.411232,0.411232,3.55904,0.977944,0.296783,0.736585,-0.247969,0.616348,-0.0861989
0,-0.593516,0.593516,-0.411232,0.411232,3.5585,0.980855,0.291052,0.737364,-0.247663,0.615522,-0.0862261
0,-0.593516,0.593516,-0.411232,0.411232,3.55795,0.983767,0.285321,0.738143,-0.247357,0.614697,-0.0862533
0,-0.593516,0.593516,-0.411232,0.411232,3.5574,0.986678,0.27959,0.738921,-0.247053,0.613876,-0.0862806
0,-0.593516,0.593516,-0.411232,0.411232,3.55686,0.98959,0.273858,0.739698,-0.246749,0.613056,-0.086308
0,-0.593516,0.593516,-0.411232,0.411232,3.55631,0.992502,0.268127,0.740474,-0.246447,0.61224,-0.0863353
0,-0.593516,0.593516,-0.411232,0.411232,3.55577,0.995413,0.262396,0.74125,-0.246145,0.611425,-0.0863627
0,-0.593516,0.593516,-0.411232,0.411232,3.55522,0.998325,0.256665,0.742024,-0.245844,0.610613,-0.0863902
0,-0.593516,0.593516,-0.411232,0.411232,3.55467,1.00124,0.250934,0.742798,-0.245545,0.609803,-0.0864177
0,-0.593516,0.593516,-0.411232,0.411232,3.55413,1.00415,0.245202,0.743571,-0.245246,0.608996,-0.0864452
0,-0.593516,0.593516,-0.411232,0.411232,3.55358,1.00706,0.239471,0.744343,-0.244948,0.608191,-0.0864727
0,-0.593516,0.593516,-0.411232,0.411232,3.55304,1.00997,0.23374,0.745114,-0.24465,0.607388,-0.0865003
0,-0.593516,0.593516,-0.411232,0.411232,3.55249,1.01288,0.228009,0.745885,-0.244354,0.606587,-0.0865279
0,-0.593516,0.593516,-0.411232,0.411232,3.55195,1.01579,0.222277,0.746655,-0.244058,0.605789,-0.0865556
0,-0.593516,0.593516,-0.411232,0.411232,3.5514,1.01871,0.216546,0.747424,-0.243764,0.604993,-0.0865833
0,-0.593516,0.593516,-0.411232,0.411232,3.55085,1.02162,0.210815,0.748192,-0.24347,0.6042,-0.086611
0,-0.593516,0.593516,-0.411232,0.411232,3.55031,1.02453,0.205084,0.748959,-0.243177,0.603408,-0.0866388
0,-0.593516,0.593516,-0.411232,0.411232,3.54976,1.02744,0.199353,0.749726,-0.242885,0.602619,-0.0866666
0,-0.593516,0.593516,-0.411232,0.411232,3.54922,1.03035,0.193621,0.750492,-0.242594,0.601832,-0.0866944
0,-0.593516,0.593516,-0.411232,0.411232,3.54867,1.03326,0.18789,0.751257,-0.242304,0.601048,-0.0867223
0,-0.593516,0.593516,-0.411232,0.411232,3.54812,1.03618,0.182159,0.752021,-0.242014,0.600265,-0.0867502
0,-0.593516,0.593516,-0.411232,0.411232,3.54758,1.03909,0.176428,0.752784,-0.241725,0.599485,-0.0867781
0,-0.593516,0.593516,-0.411232,0.411232,3.54703,1.042,0.170697,0.753547,-0.241438,0.598707,-0.0868061
0,-0.593516,0.593516,-0.411232,0.411232,3.54649,1.04491,0.164965,0.754309,-0.241151,0.597931,-0.086834
0,-0.593516,0.593516,-0.411232,0.411232,3.54594,1.04782,0.159234,0.75507,-0.240864,0.597157,-0.0868621
0,-0.593516,0.593516,-0.411232,0.411232,3.5454,1.05073,0.153503,0.755831,-0.240579,0.596386,-0.0868901
0,-0.593516,0.593516,-0.411232,0.411232,3.54485,1.05365,0.147772,0.75659,-0.240295,0.595617,-0.0869182
0,-0.593516,0.593516,-0.411232,0.411232,3.5443,1.05656,0.142041,0.757349,-0.240011,0.594849,-0.0869463
0,-0.593516,0.593516,-0.411232,0.411232,3.54376,1.05947,0.136309,0.758107,-0.239728,0.594084,-0.0869745
0,-0.593516,0.593516,-0.411232,0.411232,3.54321,1.06238,0.130578,0.758865,-0.239446,0.593321,-0.0870027
0,-0.593516,0.593516,-0.411232,0.411232,3.54267,1.06529,0.124847,0.759621,-0.239164,0.592561,-0.0870309
0,-0.593516,0.593516,-0.411232,0.411232,3.54212,1.0682,0.119116,0.760377,-0.238884,0.591802,-0.0870591
0,-0.593516,0.593516,-0.411232,0.411232,3.54157,1.07111,0.113384,0.761132,-0.238604,0.591045,-0.0870874
0,-0.593516,0.593516,-0.411232,0.411232,3.54103,1.07403,0.107653,0.761887,-0.238325,0.590291,-0.0871157
0,-0.593516,0.593516,-0.411232,0.411232,3.54048,1.07694,0.101922,0.76264,-0.238047,0.589538,-0.087144
0,-0.593516,0.593516,-0.411232,0.411232,3.53994,1.07985,0.0961908,0.763393,-0.23777,0.588788,-0.0871724
0,-0.593516,0.593516,-0.411232,0.411232,3.53939,1.08276,0.0904596,0.764145,-0.237493,0.588039,-0.0872008
0,-0.593516,0.593516,-0.411232,0.411232,3.53884,1.08567,0.0847284,0.764897,-0.237217,0.587293,-0.0872292
0,-0.593516,0.593516,-0.411232,0.411232,3.5383,1.08858,0.0789972,0.765647,-0.236942,0.586549,-0.0872576
0,-0.593516,0.593516,-0.411232,0.411232,3.53775,1.0915,0.073266,0.766397,-0.236668,0.585806,-0.0872861
0,-0.593516,0.593516,-0.411232,0.411232,3.53721,1.09441,0.0675348,0.767146,-0.236394,0.585066,-0.0873146
0,-0.593516,0.593516,-0.411232,0.411232,3.53666,1.09732,0.0618036,0.767895,-0.236122,0.584328,-0.0873431
0,-0.593516,0.593516,-0.411232,0.411232,3.53612,1.10023,0.0560724,0.768642,-0.23585,0.583591,-0.0873717
0,-0.593516,0.593516,-0.411232,0.411232,3.53557,1.10314,0.0503412,0.769389,-0.235578,0.582857,-0.0874003
0,-0.593516,0.593516,-0.411232,0.411232,3.53502,1.10605,0.04461,0.770136,-0.235308,0.582125,-0.0874289
0,-0.593516,0.593516,-0.411232,0.411232,3.53448,1.10897,0.0388787,0.770881,-0.235038,0.581394,-0.0874575
0,-0.593516,0.593516,-0.411232,0.411232,3.53393,1.11188,0.0331475,0.771626,-0.234769,0.580666,-0.0874862
0,-0.593516,0.593516,-0.411232,0.411232,3.53339,1.11479,0.0274163,0.77237,-0.234501,0.579939,-0.0875148
0,-0.593516,0.593516,-0.411232,0.411232,3.53284,1.1177,0.0216851,0.773114,-0.234233,0.579215,-0.0875436
0,-0.593516,0.593516,-0.411232,0.411232,3.53229,1.12061,0.0159539,0.773856,-0.233966,0.578492,-0.0875723
0,-0.593516,0.593516,-0.411232,0.411232,3.53175,1.12352,0.0102227,0.774598,-0.2337,0.577771,-0.0876011
0,-0.593516,0.593516,-0.411232,0.411232,3.5312,1.12644,0.00449149,0.775339,-0.233435,0.577053,-0.0876299
0,-0.593516,0.593516,-0.411232,0.411232,3.53066,1.12935,-0.00123972,0.77608,-0.23317,0.576336,-0.0876587
0,-0.593516,0.593516,-0.411232,0.411232,3.53011,1.13226,-0.00697093,0.77682,-0.232906,0.575621,-0.0876875
0,-0.593516,0.593516,-0.411232,0.411232,3.52957,1.13517,-0.0127021,0.777559,-0.232643,0.574908,-0.0877164
0,-0.593516,0.593516,-0.411232,0.411232,3.52902,1.13808,-0.0184334,0.778297,-0.232381,0.574196,-0.0877453
0,-0.593516,0.593516,-0.411232,0.411232,3.52847,1.14099,-0.0241646,0.779035,-0.232119,0.573487,-0.0877742
0,-0.593516,0.593516,-0.411232,0.411232,3.52793,1.14391,-0.0298958,0.779772,-0.231858,0.572779,-0.0878031
0,-0.593516,0.593516,-0.411232,0.411232,3.52738,1.14682,-0.035627,0.780509,-0.231597,0.572074,-0.0878321
0,-0.593516,0.593516,-0.411232,0.411232,3.52684,1.14973,-0.0413582,0.781244,-0.231338,0.57137,-0.0878611
0,-0.593516,0.593516,-0.411232,0.411232,3.52629,1.15264,-0.0470894,0.781979,-0.231079,0.570668,-0.0878901
0,-0.593516,0.593516,-0.411232,0.411232,3.52574,1.15555,-0.0528206,0.782713,-0.23082,0.569968,-0.0879191
0,-0.593516,0.593516,-0.411232,0.411232,3.5252,1.15846,-0.0585518,0.783447,-0.230563,0.569269,-0.0879482
0,-0.593516,0.593516,-0.411232,0.411232,3.52465,1.16137,-0.064283,0.78418,-0.230306,0.568573,-0.0879772
0,-0.593516,0.593516,-0.411232,0.411232,3.52411,1.16429,-0.0700142,0.784912,-0.230049,0.567878,-0.0880063
0,-0.593516,0.593516,-0.411232,0.411232,3.52356,1.1672,-0.0757454,0.785644,-0.229794,0.567185,-0.0880354
0,-0.593516,0.593516,-0.411232,0.411232,3.52301,1.17011,-0.0814767,0.786375,-0.229539,0.566494,-0.0880646
0,-0.593516,0.593516,-0.411232,0.411232,3.52247,1.17302,-0.0872079,0.787105,-0.229284,0.565804,-0.0880938
0,-0.593516,0.593516,-0.411232,0.411232,3.52247,1.17302,-0.0872079,0.787105,-0.229284,0.565804,-0.0880938
0,-0.593516,0.593516,-0.411232,0.411232,3.52109,1.17619,-0.0927936,0.787648,-0.22888,0.565011,-0.0883631
0,-0.593516,0.593516,-0.411232,0.411232,3.51972,1.17935,-0.0983793,0.788191,-0.228477,0.56422,-0.0886321
0,-0.593516,0.593516,-0.411232,0.411232,3.51835,1.18252,-0.103965,0.788734,-0.228074,0.56343,-0.0889008
0,-0.593516,0.593516,-0.411232,0.411232,3.51697,1.18568,-0.109551,0.789276,-0.227673,0.562641,-0.0891692
0,-0.593516,0.593516,-0.411232,0.411232,3.5156,1.18885,-0.115136,0.789818,-0.227271,0.561853,-0.0894372
0,-0.593516,0.593516,-0.411232,0.411232,3.51422,1.19201,-0.120722,0.79036,-0.22687,0.561067,-0.0897049
0,-0.593516,0.593516,-0.411232,0.411232,3.51285,1.19518,-0.126308,0.790901,-0.22647,0.560282,-0.0899723
0,-0.593516,0.593516,-0.411232,0.411232,3.51147,1.19834,-0.131893,0.791442,-0.226071,0.559499,-0.0902393
0,-0.593516,0.593516,-0.411232,0.411232,3.5101,1.20151,-0.137479,0.791982,-0.225672,0.558717,-0.090506
0,-0.593516,0.593516,-0.411232,0.411232,3.50873,1.20467,-0.143065,0.792522,-0.225274,0.557936,-0.0907725
0,-0.593516,0.593516,-0.411232,0.411232,3.50735,1.20784,-0.148651,0.793062,-0.224877,0.557157,-0.0910386
0,-0.593516,0.593516,-0.411232,0.411232,3.50598,1.211,-0.154236,0.793601,-0.22448,0.556378,-0.0913043
0,-0.593516,0.593516,-0.411232,0.411232,3.5046,1.21416,-0.159822,0.79414,-0.224084,0.555601,-0.0915698
0,-0.593516,0.593516,-0.411232,0.411232,3.50323,1.21733,-0.165408,0.794679,-0.223688,0.554826,-0.0918349
0,-0.593516,0.593516,-0.411232,0.411232,3.50185,1.22049,-0.170993,0.795217,-0.223293,0.554052,-0.0920997
0,-0.593516,0.593516,-0.411232,0.411232,3.50048,1.22366,-0.176579,0.795755,-0.222899,0.553279,-0.0923642
0,-0.593516,0.593516,-0.411232,0.411232,3.4991,1.22682,-0.182165,0.796293,-0.222506,0.552507,-0.0926284
0,-0.593516,0.593516,-0.411232,0.411232,3.49773,1.22999,-0.187751,0.79683,-0.222113,0.551737,-0.0928923
0,-0.593516,0.593516,-0.411232,0.411232,3.49636,1.23315,-0.193336,0.797367,-0.22172,0.550968,-0.0931559
0,-0.593516,0.593516,-0.411232,0.411232,3.49498,1.23632,-0.198922,0.797903,-0.221329,0.5502,-0.0934191
0,-0.593516,0.593516,-0.411232,0.411232,3.49361,1.23948,-0.204508,0.798439,-0.220937,0.549434,-0.0936821
0,-0.593516,0.593516,-0.411232,0.411232,3.49223,1.24265,-0.210093,0.798975,-0.220547,0.548668,-0.0939447
0,-0.593516,0.593516,-0.411232,0.411232,3.49086,1.24581,-0.215679,0.79951,-0.220157,0.547904,-0.094207
0,-0.593516,0.593516,-0.411232,0.411232,3.48948,1.24898,-0.221265,0.800045,-0.219768,0.547142,-0.094469
0,-0.593516,0.593516,-0.411232,0.411232,3.48811,1.25214,-0.22685,0.80058,-0.219379,0.54638,-0.0947307
0,-0.593516,0.593516,-0.411232,0.411232,3.48673,1.25531,-0.232436,0.801114,-0.218991,0.54562,-0.0949921
0,-0.593516,0.593516,-0.411232,0.411232,3.48536,1.25847,-0.238022,0.801648,-0.218604,0.544861,-0.0952532
0,-0.593516,0.593516,-0.411232,0.411232,3.48399,1.26164,-0.243608,0.802182,-0.218217,0.544104,-0.095514
0,-0.593516,0.593516,-0.411232,0.411232,3.48261,1.2648,-0.249193,0.802715,-0.217831,0.543347,-0.0957744
0,-0.593516,0.593516,-0.411232,0.411232,3.48124,1.26797,-0.254779,0.803248,-0.217446,0.542592,-0.0960346
0,-0.593516,0.593516,-0.411232,0.411232,3.47986,1.27113,-0.260365,0.80378,-0.217061,0.541838,-0.0962945
0,-0.593516,0.593516,-0.411232,0.411232,3.47849,1.2743,-0.26595,0.804313,-0.216676,0.541085,-0.096554
0,-0.593516,0.593516,-0.411232,0.411232,3.47711,1.27746,-0.271536,0.804844,-0.216293,0.540334,-0.0968133
0,-0.593516,0.593516,-0.411232,0.411232,3.47574,1.28063,-0.277122,0.805376,-0.215909,0.539584,-0.0970723
0,-0.593516,0.593516,-0.411232,0.411232,3.47437,1.28379,-0.282707,0.805907,-0.215527,0.538835,-0.0973309
0,-0.593516,0.593516,-0.411232,0.411232,3.47299,1.28696,-0.288293,0.806438,-0.215145,0.538087,-0.0975893
0,-0.593516,0.593516,-0.411232,0.411232,3.47162,1.29012,-0.293879,0.806968,-0.214764,0.53734,-0.0978474
0,-0.593516,0.593516,-0.411232,0.411232,3.47024,1.29329,-0.299465,0.807498,-0.214383,0.536595,-0.0981052
0,-0.593516,0.593516,-0.411232,0.411232,3.46887,1.29645,-0.30505,0.808028,-0.214003,0.535851,-0.0983627
0,-0.593516,0.593516,-0.411232,0.411232,3.46749,1.29962,-0.310636,0.808557,-0.213623,0.535108,-0.0986198
0,-0.593516,0.593516,-0.411232,0.411232,3.46612,1.30278,-0.316222,0.809086,-0.213244,0.534366,-0.0988767
0,-0.593516,0.593516,-0.411232,0.411232,3.46474,1.30595,-0.321807,0.809615,-0.212866,0.533626,-0.0991333
0,-0.593516,0.593516,-0.411232,0.411232,3.46337,1.30911,-0.327393,0.810143,-0.212488,0.532886,-0.0993896
0,-0.593516,0.593516,-0.411232,0.411232,3.462,1.31228,-0.332979,0.810671,-0.212111,0.532148,-0.0996456
0,-0.593516,0.593516,-0.411232,0.411232,3.46062,1.31544,-0.338564,0.811199,-0.211734,0.531411,-0.0999014
0,-0.593516,0.593516,-0.411232,0.411232,3.45925,1.31861,-0.34415,0.811726,-0.211358,0.530675,-0.100157
0,-0.593516,0.593516,-0.411232,0.411232,3.45787,1.32177,-0.349736,0.812253,-0.210983,0.529941,-0.100412
0,-0.593516,0.593516,-0.411232,0.411232,3.4565,1.32494,-0.355322,0.81278,-0.210608,0.529207,-0.100667
0,-0.593516,0.593516,-0.411232,0.411232,3.45512,1.3281,-0.360907,0.813306,-0.210233,0.528475,-0.100921
0,-0.593516,0.593516,-0.411232,0.411232,3.45375,1.33127,-0.366493,0.813832,-0.20986,0.527744,-0.101176
0,-0.593516,0.593516,-0.411232,0.411232,3.45238,1.33443,-0.372079,0.814358,-0.209486,0.527014,-0.10143
0,-0.593516,0.593516,-0.411232,0.411232,3.451,1.3376,-0.377664,0.814883,-0.209114,0.526285,-0.101683
0,-0.593516,0.593516,-0.411232,0.411232,3.44963,1.34076,-0.38325,0.815408,-0.208742,0.525558,-0.101937
0,-0.593516,0.593516,-0.411232,0.411232,3.44825,1.34393,-0.388836,0.815933,-0.20837,0.524831,-0.10219
0,-0.593516,0.593516,-0.411232,0.411232,3.44688,1.34709,-0.394421,0.816457,-0.207999,0.524106,-0.102443
0,-0.593516,0.593516,-0.411232,0.411232,3.4455,1.35026,-0.400007,0.816981,-0.207629,0.523382,-0.102695
0,-0.593516,0.593516,-0.411232,0.411232,3.44413,1.35342,-0.405593,0.817504,-0.207259,0.522659,-0.102948
0,-0.593516,0.593516,-0.411232,0.411232,3.44275,1.35659,-0.411179,0.818027,-0.20689,0.521937,-0.1032
0,-0.593516,0.593516,-0.411232,0.411232,3.44138,1.35975,-0.416764,0.81855,-0.206521,0.521216,-0.103451
0,-0.593516,0.593516,-0.411232,0.411232,3.44001,1.36292,-0.42235,0.819073,-0.206153,0.520497,-0.103703
0,-0.593516,0.593516,-0.411232,0.411232,3.43863,1.36608,-0.427936,0.819595,-0.205786,0.519778,-0.103954
0,-0.593516,0.593516,-0.411232,0.411232,3.43726,1.36925,-0.433521,0.820117,-0.205419,0.519061,-0.104205
0,-0.593516,0.593516,-0.411232,0.411232,3.43588,1.37241,-0.439107,0.820639,-0.205052,0.518345,-0.104456
0,-0.593516,0.593516,-0.411232,0.411232,3.43451,1.37558,-0.444693,0.82116,-0.204686,0.517629,-0.104706
0,-0.593516,0.593516,-0.411232,0.411232,3.43313,1.37874,-0.450279,0.821681,-0.204321,0.516915,-0.104956
0,-0.593516,0.593516,-0.411232,0.411232,3.43176,1.38191,-0.455864,0.822201,-0.203956,0.516202,-0.105206
0,-0.593516,0.593516,-0.411232,0.411232,3.43038,1.38507,-0.46145,0.822722,-0.203592,0.515491,-0.105455
0,-0.593516,0.593516,-0.411232,0.411232,3.42901,1.38824,-0.467036,0.823242,-0.203228,0.51478,-0.105704
0,-0.593516,0.593516,-0.411232,0.411232,3.42764,1.3914,-0.472621,0.823761,-0.202865,0.51407,-0.105953
0,-0.593516,0.593516,-0.411232,0.411232,3.42626,1.39457,-0.478207,0.824281,-0.202502,0.513362,-0.106202
0,-0.593516,0.593516,-0.411232,0.411232,3.42489,1.39773,-0.483793,0.824799,-0.20214,0.512655,-0.106451
0,-0.593516,0.593516,-0.411232,0.411232,3.42351,1.40089,-0.489378,0.825318,-0.201778,0.511948,-0.106699
0,-0.593516,0.593516,-0.411232,0.411232,3.42214,1.40406,-0.494964,0.825836,-0.201417,0.511243,-0.106947
0,-0.593516,0.593516,-0.411232,0.411232,3.42076,1.40722,-0.50055,0.826354,-0.201057,0.510539,-0.107194
0,-0.593516,0.593516,-0.411232,0.411232,3.41939,1.41039,-0.506136,0.826872,-0.200697,0.509836,-0.107442
0,-0.593516,0.593516,-0.411232,0.411232,3.41802,1.41355,-0.511721,0.827389,-0.200337,0.509134,-0.107689
0,-0.593516,0.593516,-0.411232,0.411232,3.41664,1.41672,-0.517307,0.827906,-0.199978,0.508433,-0.107936
0,-0.593516,0.593516,-0.411232,0.411232,3.41527,1.41988,-0.522893,0.828423,-0.19962,0.507733,-0.108182
0,-0.593516,0.593516,-0.411232,0.411232,3.41389,1.42305,-0.528478,0.828939,-0.199262,0.507035,-0.108428
0,-0.593516,0.593516,-0.411232,0.411232,3.41252,1.42621,-0.534064,0.829455,-0.198904,0.506337,-0.108674
0,-0.593516,0.593516,-0.411232,0.411232,3.41114,1.42938,-0.53965,0.829971,-0.198548,0.50564,-0.10892
0,-0.593516,0.593516,-0.411232,0.411232,3.40977,1.43254,-0.545235,0.830486,-0.198191,0.504945,-0.109166
0,-0.593516,0.593516,-0.411232,0.411232,3.40839,1.43571,-0.550821,0.831002,-0.197835,0.50425,-0.109411
0,-0.593516,0.593516,-0.411232,0.411232,3.40702,1.43887,-0.556407,0.831516,-0.19748,0.503557,-0.109656
0,-0.593516,0.593516,-0.411232,0.411232,3.40565,1.44204,-0.561993,0.832031,-0.197125,0.502864,-0.109901
0,-0.593516,0.593516,-0.411232,0.411232,3.40427,1.4452,-0.567578,0.832545,-0.196771,0.502173,-0.110145
0,-0.593516,0.593516,-0.411232,0.411232,3.4029,1.44837,-0.573164,0.833059,-0.196417,0.501483,-0.110389
0,-0.593516,0.593516,-0.411232,0.411232,3.40152,1.45153,-0.57875,0.833572,-0.196064,0.500794,-0.110633
0,-0.593516,0.593516,-0.411232,0.411232,3.40015,1.4547,-0.584335,0.834085,-0.195711,0.500105,-0.110877
0,-0.593516,0.593516,-0.411232,0.411232,3.39877,1.45786,-0.589921,0.834598,-0.195359,0.499418,-0.11112
0,-0.593516,0.593516,-0.411232,0.411232,3.3974,1.46103,-0.595507,0.835111,-0.195007,0.498732,-0.111363
0,-0.593516,0.593516,-0.411232,0.411232,3.39603,1.46419,-0.601092,0.835623,-0.194656,0.498047,-0.111606
0,-0.593516,0.593516,-0.411232,0.411232,3.39465,1.46736,-0.606678,0.836135,-0.194305,0.497363,-0.111849
0,-0.593516,0.593516,-0.411232,0.411232,3.39328,1.47052,-0.612264,0.836646,-0.193955,0.49668,-0.112091
0,-0.593516,0.593516,-0.411232,0.411232,3.3919,1.47369,-0.61785,0.837158,-0.193605,0.495998,-0.112334
0,-0.593516,0.593516,-0.411232,0.411232,3.39053,1.47685,-0.623435,0.837669,-0.193256,0.495317,-0.112575
0,-0.593516,0.593516,-0.411232,0.411232,3.38915,1.48002,-0.629021,0.838179,-0.192907,0.494637,-0.112817
0,-0.593516,0.593516,-0.411232,0.411232,3.38778,1.48318,-0.634607,0.83869,-0.192559,0.493958,-0.113058
0,-0.593516,0.593516,-0.411232,0.411232,3.3864,1.48635,-0.640192,0.8392,-0.192211,0.49328,-0.1133
0,-0.593516,0.593516,-0.411232,0.411232,3.38503,1.48951,-0.645778,0.839709,-0.191864,0.492603,-0.11354
0,-0.593516,0.593516,-0.411232,0.411232,3.38366,1.49268,-0.651364,0.840219,-0.191518,0.491927,-0.113781
0,-0.593516,0.593516,-0.411232,0.411232,3.38228,1.49584,-0.65695,0.840728,-0.191171,0.491252,-0.114021
0,-0.593516,0.593516,-0.411232,0.411232,3.38091,1.49901,-0.662535,0.841237,-0.190825,0.490578,-0.114262
0,-0.593516,0.593516,-0.411232,0.411232,3.37953,1.50217,-0.668121,0.841745,-0.19048,0.489905,-0.114501
0,-0.593516,0.593516,-0.411232,0.411232,3.37816,1.50534,-0.673707,0.842253,-0.190135,0.489233,-0.114741
0,-0.593516,0.593516,-0.411232,0.411232,3.37678,1.5085,-0.679292,0.842761,-0.189791,0.488562,-0.11498
0,-0.593516,0.593516,-0.411232,0.411232,3.37541,1.51167,-0.684878,0.843269,-0.189447,0.487892,-0.11522
0,-0.593516,0.593516,-0.411232,0.411232,3.37403,1.51483,-0.690464,0.843776,-0.189104,0.487223,-0.115459
0,-0.593516,0.593516,-0.411232,0.411232,3.37266,1.518,-0.696049,0.844283,-0.188761,0.486555,-0.115697
0,-0.593516,0.593516,-0.411232,0.411232,3.37129,1.52116,-0.701635,0.84479,-0.188419,0.485887,-0.115936
0,-0.593516,0.593516,-0.411232,0.411232,3.36991,1.52433,-0.707221,0.845296,-0.188077,0.485221,-0.116174
0,-0.593516,0.593516,-0.411232,0.411232,3.36854,1.52749,-0.712807,0.845802,-0.187735,0.484556,-0.116412
0,-0.593516,0.593516,-0.411232,0.411232,3.36716,1.53066,-0.718392,0.846308,-0.187394,0.483892,-0.116649
0,-0.593516,0.593516,-0.411232,0.411232,3.36579,1.53382,-0.723978,0.846813,-0.187054,0.483229,-0.116887
0,-0.593516,0.593516,-0.411232,0.411232,3.36441,1.53699,-0.729564,0.847318,-0.186714,0.482567,-0.117124
0,-0.593516,0.593516,-0.411232,0.411232,3.36304,1.54015,-0.735149,0.847823,-0.186374,0.481905,-0.117361
0,-0.593516,0.593516,-0.411232,0.411232,3.36167,1.54332,-0.740735,0.848328,-0.186035,0.481245,-0.117598
0,-0.593516,0.593516,-0.411232,0.411232,3.36029,1.54648,-0.746321,0.848832,-0.185697,0.480586,-0.117834
0,-0.593516,0.593516,-0.411232,0.411232,3.35892,1.54965,-0.751906,0.849336,-0.185359,0.479927,-0.11807
0,-0.593516,0.593516,-0.411232,0.411232,3.35892,1.54965,-0.751906,0.849336,-0.185359,0.479927,-0.11807
0,-0.593516,0.593516,-0.411232,0.411232,3.35668,1.55285,-0.757361,0.849773,-0.185049,0.479078,-0.118246
0,-0.593516,0.593516,-0.411232,0.411232,3.35444,1.55605,-0.762816,0.85021,-0.18474,0.478229,-0.118422
0,-0.593516,0.593516,-0.411232,0.411232,3.3522,1.55925,-0.768271,0.850647,-0.184431,0.477382,-0.118597
0,-0.593516,0.593516,-0.411232,0.411232,3.34996,1.56245,-0.773726,0.851083,-0.184123,0.476536,-0.118773
0,-0.593516,0.593516,-0.411232,0.411232,3.34772,1.56565,-0.779181,0.851519,-0.183815,0.47569,-0.118948
0,-0.593516,0.593516,-0.411232,0.411232,3.34548,1.56885,-0.784636,0.851955,-0.183507,0.474846,-0.119123
0,-0.593516,0.593516,-0.411232,0.411232,3.34324,1.57205,-0.790091,0.852391,-0.1832,0.474002,-0.119298
0,-0.593516,0.593516,-0.411232,0.411232,3.34101,1.57526,-0.795546,0.852826,-0.182893,0.47316,-0.119473
0,-0.593516,0.593516,-0.411232,0.411232,3.33877,1.57846,-0.801001,0.853262,-0.182586,0.472319,-0.119647
0,-0.593516,0.593516,-0.411232,0.411232,3.33653,1.58166,-0.806456,0.853697,-0.18228,0.471478,-0.119822
0,-0.593516,0.593516,-0.411232,0.411232,3.33429,1.58486,-0.811911,0.854132,-0.181974,0.470639,-0.119996
0,-0.593516,0.593516,-0.411232,0.411232,3.33205,1.58806,-0.817366,0.854566,-0.181669,0.4698,-0.12017
0,-0.593516,0.593516,-0.411232,0.411232,3.32981,1.59126,-0.822821,0.855001,-0.181364,0.468963,-0.120344
0,-0.593516,0.593516,-0.411232,0.411232,3.32757,1.59446,-0.828276,0.855435,-0.181059,0.468126,-0.120518
0,-0.593516,0.593516,-0.411232,0.411232,3.32533,1.59766,-0.833731,0.855869,-0.180754,0.467291,-0.120692
0,-0.593516,0.593516,-0.411232,0.411232,3.3231,1.60086,-0.839186,0.856303,-0.18045,0.466456,-0.120866
0,-0.593516,0.593516,-0.411232,0.411232,3.32086,1.60407,-0.844641,0.856736,-0.180147,0.465622,-0.121039
0,-0.593516,0.593516,-0.411232,0.411232,3.31862,1.60727,-0.850096,0.857169,-0.179843,0.46479,-0.121212
0,-0.593516,0.593516,-0.411232,0.411232,3.31638,1.61047,-0.855551,0.857603,-0.17954,0.463958,-0.121386
0,-0.593516,0.593516,-0.411232,0.411232,3.31414,1.61367,-0.861006,0.858035,-0.179237,0.463127,-0.121559
0,-0.593516,0.593516,-0.411232,0.411232,3.3119,1.61687,-0.866461,0.858468,-0.178935,0.462297,-0.121732
0,-0.593516,0.593516,-0.411232,0.411232,3.30966,1.62007,-0.871916,0.8589,-0.178633,0.461468,-0.121904
0,-0.593516,0.593516,-0.411232,0.411232,3.30742,1.62327,-0.877371,0.859333,-0.178332,0.460641,-0.122077
0,-0.593516,0.593516,-0.411232,0.411232,3.30518,1.62647,-0.882826,0.859765,-0.17803,0.459814,-0.122249
0,-0.593516,0.593516,-0.411232,0.411232,3.30295,1.62967,-0.888281,0.860196,-0.177729,0.458988,-0.122422
0,-0.593516,0.593516,-0.411232,0.411232,3.30071,1.63288,-0.893736,0.860628,-0.177429,0.458162,-0.122594
0,-0.593516,0.593516,-0.411232,0.411232,3.29847,1.63608,-0.899191,0.861059,-0.177129,0.457338,-0.122766
0,-0.593516,0.593516,-0.411232,0.411232,3.29623,1.63928,-0.904646,0.861491,-0.176829,0.456515,-0.122938
0,-0.593516,0.593516,-0.411232,0.411232,3.29399,1.64248,-0.910101,0.861921,-0.176529,0.455693,-0.12311
0,-0.593516,0.593516,-0.411232,0.411232,3.29175,1.64568,-0.915555,0.862352,-0.17623,0.454872,-0.123281
0,-0.593516,0.593516,-0.411232,0.411232,3.28951,1.64888,-0.92101,0.862783,-0.175931,0.454051,-0.123453
0,-0.593516,0.593516,-0.411232,0.411232,3.28727,1.65208,-0.926465,0.863213,-0.175633,0.453232,-0.123624
0,-0.593516,0.593516,-0.411232,0.411232,3.28503,1.65528,-0.93192,0.863643,-0.175334,0.452413,-0.123795
0,-0.593516,0.593516,-0.411232,0.411232,3.2828,1.65848,-0.937375,0.864073,-0.175037,0.451596,-0.123966
0,-0.593516,0.593516,-0.411232,0.411232,3.28056,1.66169,-0.94283,0.864502,-0.174739,0.450779,-0.124137
0,-0.593516,0.593516,-0.411232,0.411232,3.27832,1.66489,-0.948285,0.864932,-0.174442,0.449963,-0.124308
0,-0.593516,0.593516,-0.411232,0.411232,3.27608,1.66809,-0.95374,0.865361,-0.174145,0.449148,-0.124478
0,-0.593516,0.593516,-0.411232,0.411232,3.27384,1.67129,-0.959195,0.86579,-0.173849,0.448334,-0.124649
0,-0.593516,0.593516,-0.411232,0.411232,3.2716,1.67449,-0.96465,0.866219,-0.173552,0.447521,-0.124819
0,-0.593516,0.593516,-0.411232,0.411232,3.26936,1.67769,-0.970105,0.866647,-0.173257,0.446709,-0.12499
0,-0.593516,0.593516,-0.411232,0.411232,3.26712,1.68089,-0.97556,0.867076,-0.172961,0.445898,-0.12516
0,-0.593516,0.593516,-0.411232,0.411232,3.26488,1.68409,-0.981015,0.867504,-0.172666,0.445088,-0.12533
0,-0.593516,0.593516,-0.411232,0.411232,3.26265,1.6873,-0.98647,0.867932,-0.172371,0.444279,-0.125499
0,-0.593516,0.593516,-0.411232,0.411232,3.26041,1.6905,-0.991925,0.86836,-0.172077,0.44347,-0.125669
0,-0.593516,0.593516,-0.411232,0.411232,3.25817,1.6937,-0.99738,0.868787,-0.171783,0.442663,-0.125839
0,-0.593516,0.593516,-0.411232,0.411232,3.25593,1.6969,-1.00283,0.869214,-0.171489,0.441856,-0.126008
0,-0.593516,0.593516,-0.411232,0.411232,3.25369,1.7001,-1.00829,0.869642,-0.171195,0.44105,-0.126177
0,-0.593516,0.593516,-0.411232,0.411232,3.25145,1.7033,-1.01374,0.870068,-0.170902,0.440245,-0.126346
0,-0.593516,0.593516,-0.411232,0.411232,3.24921,1.7065,-1.0192,0.870495,-0.170609,0.439441,-0.126515
0,-0.593516,0.593516,-0.411232,0.411232,3.24697,1.7097,-1.02465,0.870922,-0.170317,0.438638,-0.126684
0,-0.593516,0.593516,-0.411232,0.411232,3.24474,1.7129,-1.03011,0.871348,-0.170025,0.437836,-0.126853
0,-0.593516,0.593516,-0.411232,0.411232,3.2425,1.71611,-1.03556,0.871774,-0.169733,0.437035,-0.127021
0,-0.593516,0.593516,-0.411232,0.411232,3.24026,1.71931,-1.04102,0.8722,-0.169441,0.436234,-0.12719
0,-0.593516,0.593516,-0.411232,0.411232,3.23802,1.72251,-1.04647,0.872625,-0.16915,0.435435,-0.127358
0,-0.593516,0.593516,-0.411232,0.411232,3.23578,1.72571,-1.05193,0.873051,-0.168859,0.434636,-0.127526
0,-0.593516,0.593516,-0.411232,0.411232,3.23354,1.72891,-1.05738,0.873476,-0.168569,0.433839,-0.127694
0,-0.593516,0.593516,-0.411232,0.411232,3.2313,1.73211,-1.06284,0.873901,-0.168279,0.433042,-0.127862
0,-0.593516,0.593516,-0.411232,0.411232,3.22906,1.73531,-1.06829,0.874326,-0.167989,0.432246,-0.12803
0,-0.593516,0.593516,-0.411232,0.411232,3.22682,1.73851,-1.07375,0.87475,-0.167699,0.431451,-0.128198
0,-0.593516,0.593516,-0.411232,0.411232,3.22459,1.74171,-1.0792,0.875175,-0.16741,0.430656,-0.128365
0,-0.593516,0.593516,-0.411232,0.411232,3.22235,1.74492,-1.08466,0.875599,-0.167121,0.429863,-0.128533
0,-0.593516,0.593516,-0.411232,0.411232,3.22011,1.74812,-1.09011,0.876023,-0.166832,0.42907,-0.1287
0,-0.593516,0.593516,-0.411232,0.411232,3.21787,1.75132,-1.09557,0.876447,-0.166544,0.428279,-0.128867
0,-0.593516,0.593516,-0.411232,0.411232,3.21563,1.75452,-1.10102,0.87687,-0.166256,0.427488,-0.129034
0,-0.593516,0.593516,-0.411232,0.411232,3.21339,1.75772,-1.10648,0.877294,-0.165968,0.426698,-0.129201
0,-0.593516,0.593516,-0.411232,0.411232,3.21115,1.76092,-1.11193,0.877717,-0.165681,0.425909,-0.129368
0,-0.593516,0.593516,-0.411232,0.411232,3.20891,1.76412,-1.11739,0.87814,-0.165394,0.425121,-0.129534
0,-0.593516,0.593516,-0.411232,0.411232,3.20667,1.76732,-1.12284,0.878563,-0.165107,0.424334,-0.129701
0,-0.593516,0.593516,-0.411232,0.411232,3.20444,1.77053,-1.1283,0.878985,-0.164821,0.423547,-0.129867
0,-0.593516,0.593516,-0.411232,0.411232,3.2022,1.77373,-1.13375,0.879407,-0.164535,0.422761,-0.130033
0,-0.593516,0.593516,-0.411232,0.411232,3.19996,1.77693,-1.13921,0.87983,-0.164249,0.421977,-0.130199
0,-0.593516,0.593516,-0.411232,0.411232,3.19772,1.78013,-1.14466,0.880252,-0.163963,0.421193,-0.130365
0,-0.593516,0.593516,-0.411232,0.411232,3.19548,1.78333,-1.15012,0.880673,-0.163678,0.42041,-0.130531
0,-0.593516,0.593516,-0.411232,0.411232,3.19324,1.78653,-1.15557,0.881095,-0.163393,0.419628,-0.130697
0,-0.593516,0.593516,-0.411232,0.411232,3.191,1.78973,-1.16103,0.881516,-0.163109,0.418846,-0.130862
0,-0.593516,0.593516,-0.411232,0.411232,3.18876,1.79293,-1.16648,0.881937,-0.162825,0.418066,-0.131028
0,-0.593516,0.593516,-0.411232,0.411232,3.18653,1.79613,-1.17194,0.882358,-0.162541,0.417286,-0.131193
0,-0.593516,0.593516,-0.411232,0.411232,3.18429,1.79934,-1.17739,0.882779,-0.162257,0.416507,-0.131358
0,-0.593516,0.593516,-0.411232,0.411232,3.18205,1.80254,-1.18285,0.8832,-0.161974,0.415729,-0.131523
0,-0.593516,0.593516,-0.411232,0.411232,3.17981,1.80574,-1.1883,0.88362,-0.161691,0.414952,-0.131688
0,-0.593516,0.593516,-0.411232,0.411232,3.17757,1.80894,-1.19376,0.88404,-0.161408,0.414175,-0.131853
0,-0.593516,0.593516,-0.411232,0.411232,3.17533,1.81214,-1.19921,0.88446,-0.161126,0.4134,-0.132018
0,-0.593516,0.593516,-0.411232,0.411232,3.17309,1.81534,-1.20467,0.88488,-0.160844,0.412625,-0.132182
0,-0.593516,0.593516,-0.411232,0.411232,3.17085,1.81854,-1.21012,0.885299,-0.160562,0.411851,-0.132347
0,-0.593516,0.593516,-0.411232,0.411232,3.16861,1.82174,-1.21558,0.885719,-0.16028,0.411078,-0.132511
0,-0.593516,0.593516,-0.411232,0.411232,3.16638,1.82494,-1.22103,0.886138,-0.159999,0.410306,-0.132675
0,-0.593516,0.593516,-0.411232,0.411232,3.16414,1.82815,-1.22649,0.886557,-0.159718,0.409535,-0.132839
0,-0.593516,0.593516,-0.411232,0.411232,3.1619,1.83135,-1.23194,0.886975,-0.159438,0.408764,-0.133003
0,-0.593516,0.593516,-0.411232,0.411232,3.15966,1.83455,-1.2374,0.887394,-0.159158,0.407994,-0.133167
0,-0.593516,0.593516,-0.411232,0.411232,3.15742,1.83775,-1.24285,0.887812,-0.158878,0.407225,-0.133331
0,-0.593516,0.593516,-0.411232,0.411232,3.15518,1.84095,-1.24831,0.88823,-0.158598,0.406457,-0.133494
0,-0.593516,0.593516,-0.411232,0.411232,3.15294,1.84415,-1.25376,0.888648,-0.158319,0.40569,-0.133658
0,-0.593516,0.593516,-0.411232,0.411232,3.1507,1.84735,-1.25922,0.889066,-0.158039,0.404923,-0.133821
0,-0.593516,0.593516,-0.411232,0.411232,3.14846,1.85055,-1.26467,0.889484,-0.157761,0.404158,-0.133984
0,-0.593516,0.593516,-0.411232,0.411232,3.14623,1.85375,-1.27013,0.889901,-0.157482,0.403393,-0.134147
0,-0.593516,0.593516,-0.411232,0.411232,3.14399,1.85696,-1.27558,0.890318,-0.157204,0.402629,-0.13431
0,-0.593516,0.593516,-0.411232,0.411232,3.14175,1.86016,-1.28104,0.890735,-0.156926,0.401866,-0.134473
0,-0.593516,0.593516,-0.411232,0.411232,3.13951,1.86336,-1.28649,0.891152,-0.156648,0.401103,-0.134635
0,-0.593516,0.593516,-0.411232,0.411232,3.13727,1.86656,-1.29195,0.891569,-0.156371,0.400341,-0.134798
0,-0.593516,0.593516,-0.411232,0.411232,3.13503,1.86976,-1.2974,0.891985,-0.156094,0.39958,-0.13496
0,-0.593516,0.593516,-0.411232,0.411232,3.13279,1.87296,-1.30286,0.892401,-0.155817,0.39882,-0.135123
0,-0.593516,0.593516,-0.411232,0.411232,3.13055,1.87616,-1.30831,0.892817,-0.155541,0.398061,-0.135285
0,-0.593516,0.593516,-0.411232,0.411232,3.12831,1.87936,-1.31377,0.893233,-0.155265,0.397303,-0.135447
0,-0.593516,0.593516,-0.411232,0.411232,3.12608,1.88257,-1.31922,0.893649,-0.154989,0.396545,-0.135609
0,-0.593516,0.593516,-0.411232,0.411232,3.12384,1.88577,-1.32468,0.894064,-0.154713,0.395788,-0.135771
0,-0.593516,0.593516,-0.411232,0.411232,3.1216,1.88897,-1.33013,0.894479,-0.154438,0.395032,-0.135932
0,-0.593516,0.593516,-0.411232,0.411232,3.11936,1.89217,-1.33559,0.894894,-0.154163,0.394276,-0.136094
0,-0.593516,0.593516,-0.411232,0.411232,3.11712,1.89537,-1.34104,0.895309,-0.153889,0.393522,-0.136255
0,-0.593516,0.593516,-0.411232,0.411232,3.11488,1.89857,-1.3465,0.895724,-0.153614,0.392768,-0.136417
0,-0.593516,0.593516,-0.411232,0.411232,3.11264,1.90177,-1.35195,0.896138,-0.15334,0.392015,-0.136578
0,-0.593516,0.593516,-0.411232,0.411232,3.1104,1.90497,-1.35741,0.896552,-0.153066,0.391263,-0.136739
0,-0.593516,0.593516,-0.411232,0.411232,3.10817,1.90817,-1.36286,0.896967,-0.152793,0.390512,-0.1369
0,-0.593516,0.593516,-0.411232,0.411232,3.10593,1.91138,-1.36832,0.89738,-0.152519,0.389761,-0.137061
0,-0.593516,0.593516,-0.411232,0.411232,3.10369,1.91458,-1.37377,0.897794,-0.152246,0.389011,-0.137222
0,-0.593516,0.593516,-0.411232,0.411232,3.10145,1.91778,-1.37923,0.898208,-0.151974,0.388262,-0.137382
0,-0.593516,0.593516,-0.411232,0.411232,3.09921,1.92098,-1.38468,0.898621,-0.151701,0.387514,-0.137543
0,-0.593516,0.593516,-0.411232,0.411232,3.09697,1.92418,-1.39014,0.899034,-0.151429,0.386766,-0.137703
0,-0.593516,0.593516,-0.411232,0.411232,3.09473,1.92738,-1.39559,0.899447,-0.151157,0.386019,-0.137863
0,-0.593516,0.593516,-0.411232,0.411232,3.09249,1.93058,-1.40105,0.89986,-0.150886,0.385273,-0.138024
0,-0.593516,0.593516,-0.411232,0.411232,3.09249,1.93058,-1.40105,0.89986,-0.150886,0.385273,-0.138024
0,-0.593516,0.593516,-0.411232,0.411232,3.08932,1.93311,-1.40595,0.900154,-0.150583,0.384542,-0.138131
0,-0.593516,0.593516,-0.411232,0.411232,3.08615,1.93565,-1.41085,0.900448,-0.150281,0.383811,-0.138238
0,-0.593516,0.593516,-0.411232,0.411232,3.08297,1.93818,-1.41575,0.900743,-0.149979,0.383081,-0.138345
0,-0.593516,0.593516,-0.411232,0.411232,3.0798,1.94071,-1.42065,0.901037,-0.149678,0.382352,-0.138453
0,-0.593516,0.593516,-0.411232,0.411232,3.07662,1.94324,-1.42555,0.901331,-0.149376,0.381623,-0.13856
0,-0.593516,0.593516,-0.411232,0.411232,3.07345,1.94578,-1.43045,0.901625,-0.149075,0.380894,-0.138667
0,-0.593516,0.593516,-0.411232,0.411232,3.07027,1.94831,-1.43536,0.901919,-0.148774,0.380166,-0.138774
0,-0.593516,0.593516,-0.411232,0.411232,3.0671,1.95084,-1.44026,0.902212,-0.148473,0.379438,-0.138881
0,-0.593516,0.593516,-0.411232,0.411232,3.06393,1.95337,-1.44516,0.902506,-0.148172,0.378711,-0.138988
0,-0.593516,0.593516,-0.411232,0.411232,3.06075,1.95591,-1.45006,0.902799,-0.147872,0.377985,-0.139095
0,-0.593516,0.593516,-0.411232,0.411232,3.05758,1.95844,-1.45496,0.903093,-0.147572,0.377259,-0.139201
0,-0.593516,0.593516,-0.411232,0.411232,3.0544,1.96097,-1.45986,0.903386,-0.147272,0.376534,-0.139308
0,-0.593516,0.593516,-0.411232,0.411232,3.05123,1.9635,-1.46476,0.90368,-0.146972,0.375809,-0.139415
0,-0.593516,0.593516,-0.411232,0.411232,3.04806,1.96604,-1.46966,0.903973,-0.146672,0.375084,-0.139521
0,-0.593516,0.593516,-0.411232,0.411232,3.04488,1.96857,-1.47456,0.904266,-0.146373,0.37436,-0.139628
0,-0.593516,0.593516,-0.411232,0.411232,3.04171,1.9711,-1.47947,0.904559,-0.146074,0.373637,-0.139735
0,-0.593516,0.593516,-0.411232,0.411232,3.03853,1.97363,-1.48437,0.904852,-0.145775,0.372914,-0.139841
0,-0.593516,0.593516,-0.411232,0.411232,3.03536,1.97617,-1.48927,0.905144,-0.145476,0.372191,-0.139947
0,-0.593516,0.593516,-0.411232,0.411232,3.03219,1.9787,-1.49417,0.905437,-0.145178,0.371469,-0.140054
0,-0.593516,0.593516,-0.411232,0.411232,3.02901,1.98123,-1.49907,0.90573,-0.144879,0.370748,-0.14016
0,-0.593516,0.593516,-0.411232,0.411232,3.02584,1.98376,-1.50397,0.906022,-0.144581,0.370027,-0.140266
0,-0.593516,0.593516,-0.411232,0.411232,3.02266,1.9863,-1.50887,0.906315,-0.144283,0.369307,-0.140373
0,-0.593516,0.593516,-0.411232,0.411232,3.01949,1.98883,-1.51377,0.906607,-0.143986,0.368587,-0.140479
0,-0.593516,0.593516,-0.411232,0.411232,3.01632,1.99136,-1.51868,0.906899,-0.143688,0.367867,-0.140585
0,-0.593516,0.593516,-0.411232,0.411232,3.01314,1.9939,-1.52358,0.907191,-0.143391,0.367148,-0.140691
0,-0.593516,0.593516,-0.411232,0.411232,3.00997,1.99643,-1.52848,0.907483,-0.143094,0.36643,-0.140797
0,-0.593516,0.593516,-0.411232,0.411232,3.00679,1.99896,-1.53338,0.907775,-0.142797,0.365712,-0.140903
0,-0.593516,0.593516,-0.411232,0.411232,3.00362,2.00149,-1.53828,0.908067,-0.1425,0.364995,-0.141009
0,-0.593516,0.593516,-0.411232,0.411232,3.00044,2.00403,-1.54318,0.908359,-0.142204,0.364278,-0.141114
0,-0.593516,0.593516,-0.411232,0.411232,2.99727,2.00656,-1.54808,0.908651,-0.141907,0.363561,-0.14122
0,-0.593516,0.593516,-0.411232,0.411232,2.9941,2.00909,-1.55298,0.908942,-0.141611,0.362846,-0.141326
0,-0.593516,0.593516,-0.411232,0.411232,2.99092,2.01162,-1.55788,0.909234,-0.141315,0.36213,-0.141432
0,-0.593516,0.593516,-0.411232,0.411232,2.98775,2.01416,-1.56279,0.909525,-0.14102,0.361415,-0.141537
0,-0.593516,0.593516,-0.411232,0.411232,2.98457,2.01669,-1.56769,0.909816,-0.140724,0.360701,-0.141643
0,-0.593516,0.593516,-0.411232,0.411232,2.9814,2.01922,-1.57259,0.910107,-0.140429,0.359987,-0.141748
0,-0.593516,0.593516,-0.411232,0.411232,2.97823,2.02175,-1.57749,0.910399,-0.140134,0.359273,-0.141854
0,-0.593516,0.593516,-0.411232,0.411232,2.97505,2.02429,-1.58239,0.91069,-0.139839,0.358561,-0.141959
0,-0.593516,0.593516,-0.411232,0.411232,2.97188,2.02682,-1.58729,0.91098,-0.139545,0.357848,-0.142064
0,-0.593516,0.593516,-0.411232,0.411232,2.9687,2.02935,-1.59219,0.911271,-0.13925,0.357136,-0.14217
0,-0.593516,0.593516,-0.411232,0.411232,2.96553,2.03188,-1.59709,0.911562,-0.138956,0.356425,-0.142275
0,-0.593516,0.593516,-0.411232,0.411232,2.96236,2.03442,-1.602,0.911853,-0.138662,0.355714,-0.14238
0,-0.593516,0.593516,-0.411232,0.411232,2.95918,2.03695,-1.6069,0.912143,-0.138368,0.355003,-0.142485
0,-0.593516,0.593516,-0.411232,0.411232,2.95601,2.03948,-1.6118,0.912434,-0.138074,0.354293,-0.14259
0,-0.593516,0.593516,-0.411232,0.411232,2.95283,2.04201,-1.6167,0.912724,-0.137781,0.353584,-0.142695
0,-0.593516,0.593516,-0.411232,0.411232,2.94966,2.04455,-1.6216,0.913014,-0.137488,0.352875,-0.1428
0,-0.593516,0.593516,-0.411232,0.411232,2.94649,2.04708,-1.6265,0.913304,-0.137195,0.352166,-0.142905
0,-0.593516,0.593516,-0.411232,0.411232,2.94331,2.04961,-1.6314,0.913594,-0.136902,0.351458,-0.14301
0,-0.593516,0.593516,-0.411232,0.411232,2.94014,2.05214,-1.6363,0.913884,-0.136609,0.35075,-0.143115
0,-0.593516,0.593516,-0.411232,0.411232,2.93696,2.05468,-1.6412,0.914174,-0.136317,0.350043,-0.14322
0,-0.593516,0.593516,-0.411232,0.411232,2.93379,2.05721,-1.64611,0.914464,-0.136025,0.349337,-0.143325
0,-0.593516,0.593516,-0.411232,0.411232,2.93062,2.05974,-1.65101,0.914754,-0.135733,0.348631,-0.143429
0,-0.593516,0.593516,-0.411232,0.411232,2.92744,2.06227,-1.65591,0.915043,-0.135441,0.347925,-0.143534
0,-0.593516,0.593516,-0.411232,0.411232,2.92427,2.06481,-1.66081,0.915333,-0.135149,0.34722,-0.143638
0,-0.593516,0.593516,-0.411232,0.411232,2.92109,2.06734,-1.66571,0.915622,-0.134858,0.346515,-0.143743
0,-0.593516,0.593516,-0.411232,0.411232,2.91792,2.06987,-1.67061,0.915912,-0.134566,0.345811,-0.143847
0,-0.593516,0.593516,-0.411232,0.411232,2.91474,2.0724,-1.67551,0.916201,-0.134275,0.345107,-0.143952
0,-0.593516,0.593516,-0.411232,0.411232,2.91157,2.07494,-1.68041,0.91649,-0.133985,0.344404,-0.144056
0,-0.593516,0.593516,-0.411232,0.411232,2.9084,2.07747,-1.68531,0.916779,-0.133694,0.343701,-0.14416
0,-0.593516,0.593516,-0.411232,0.411232,2.90522,2.08,-1.69022,0.917068,-0.133404,0.342999,-0.144265
0,-0.593516,0.593516,-0.411232,0.411232,2.90205,2.08253,-1.69512,0.917357,-0.133113,0.342297,-0.144369
0,-0.593516,0.593516,-0.411232,0.411232,2.89887,2.08507,-1.70002,0.917646,-0.132823,0.341596,-0.144473
0,-0.593516,0.593516,-0.411232,0.411232,2.8957,2.0876,-1.70492,0.917935,-0.132533,0.340895,-0.144577
0,-0.593516,0.593516,-0.411232,0.411232,2.89253,2.09013,-1.70982,0.918223,-0.132244,0.340195,-0.144681
0,-0.593516,0.593516,-0.411232,0.411232,2.88935,2.09266,-1.71472,0.918512,-0.131954,0.339495,-0.144785
0,-0.593516,0.593516,-0.411232,0.411232,2.88618,2.0952,-1.71962,0.9188,-0.131665,0.338795,-0.144889
0,-0.593516,0.593516,-0.411232,0.411232,2.883,2.09773,-1.72452,0.919089,-0.131376,0.338096,-0.144993
0,-0.593516,0.593516,-0.411232,0.411232,2.87983,2.10026,-1.72943,0.919377,-0.131087,0.337398,-0.145097
0,-0.593516,0.593516,-0.411232,0.411232,2.87666,2.10279,-1.73433,0.919665,-0.130798,0.3367,-0.145201
0,-0.593516,0.593516,-0.411232,0.411232,2.87348,2.10533,-1.73923,0.919953,-0.13051,0.336002,-0.145304
0,-0.593516,0.593516,-0.411232,0.411232,2.87031,2.10786,-1.74413,0.920241,-0.130221,0.335305,-0.145408
0,-0.593516,0.593516,-0.411232,0.411232,2.86713,2.11039,-1.74903,0.920529,-0.129933,0.334609,-0.145512
0,-0.593516,0.593516,-0.411232,0.411232,2.86396,2.11292,-1.75393,0.920817,-0.129645,0.333912,-0.145615
0,-0.593516,0.593516,-0.411232,0.411232,2.86079,2.11546,-1.75883,0.921104,-0.129358,0.333217,-0.145719
0,-0.593516,0.593516,-0.411232,0.411232,2.85761,2.11799,-1.76373,0.921392,-0.12907,0.332522,-0.145822
0,-0.593516,0.593516,-0.411232,0.411232,2.85444,2.12052,-1.76863,0.92168,-0.128783,0.331827,-0.145926
0,-0.593516,0.593516,-0.411232,0.411232,2.85126,2.12305,-1.77354,0.921967,-0.128496,0.331133,-0.146029
0,-0.593516,0.593516,-0.411232,0.411232,2.84809,2.12559,-1.77844,0.922254,-0.128209,0.330439,-0.146132
0,-0.593516,0.593516,-0.411232,0.411232,2.84491,2.12812,-1.78334,0.922542,-0.127922,0.329745,-0.146236
0,-0.593516,0.593516,-0.411232,0.411232,2.84174,2.13065,-1.78824,0.922829,-0.127635,0.329052,-0.146339
0,-0.593516,0.593516,-0.411232,0.411232,2.83857,2.13318,-1.79314,0.923116,-0.127349,0.32836,-0.146442
0,-0.593516,0.593516,-0.411232,0.411232,2.83539,2.13572,-1.79804,0.923403,-0.127063,0.327668,-0.146545
0,-0.593516,0.593516,-0.411232,0.411232,2.83222,2.13825,-1.80294,0.92369,-0.126777,0.326977,-0.146648
0,-0.593516,0.593516,-0.411232,0.411232,2.82904,2.14078,-1.80784,0.923977,-0.126491,0.326286,-0.146751
0,-0.593516,0.593516,-0.411232,0.411232,2.82587,2.14331,-1.81274,0.924263,-0.126205,0.325595,-0.146854
0,-0.593516,0.593516,-0.411232,0.411232,2.8227,2.14585,-1.81765,0.92455,-0.12592,0.324905,-0.146957
0,-0.593516,0.593516,-0.411232,0.411232,2.81952,2.14838,-1.82255,0.924837,-0.125635,0.324215,-0.14706
0,-0.593516,0.593516,-0.411232,0.411232,2.81635,2.15091,-1.82745,0.925123,-0.12535,0.323526,-0.147163
0,-0.593516,0.593516,-0.411232,0.411232,2.81317,2.15344,-1.83235,0.925409,-0.125065,0.322837,-0.147266
0,-0.593516,0.593516,-0.411232,0.411232,2.81,2.15598,-1.83725,0.925696,-0.12478,0.322149,-0.147369
0,-0.593516,0.593516,-0.411232,0.411232,2.80683,2.15851,-1.84215,0.925982,-0.124496,0.321461,-0.147471
0,-0.593516,0.593516,-0.411232,0.411232,2.80365,2.16104,-1.84705,0.926268,-0.124211,0.320774,-0.147574
0,-0.593516,0.593516,-0.411232,0.411232,2.80048,2.16357,-1.85195,0.926554,-0.123927,0.320087,-0.147676
0,-0.593516,0.593516,-0.411232,0.411232,2.7973,2.16611,-1.85686,0.92684,-0.123643,0.3194,-0.147779
0,-0.593516,0.593516,-0.411232,0.411232,2.79413,2.16864,-1.86176,0.927126,-0.123359,0.318714,-0.147882
0,-0.593516,0.593516,-0.411232,0.411232,2.79096,2.17117,-1.86666,0.927412,-0.123076,0.318029,-0.147984
0,-0.593516,0.593516,-0.411232,0.411232,2.78778,2.1737,-1.87156,0.927697,-0.122792,0.317344,-0.148086
0,-0.593516,0.593516,-0.411232,0.411232,2.78461,2.17624,-1.87646,0.927983,-0.122509,0.316659,-0.148189
0,-0.593516,0.593516,-0.411232,0.411232,2.78143,2.17877,-1.88136,0.928268,-0.122226,0.315975,-0.148291
0,-0.593516,0.593516,-0.411232,0.411232,2.77826,2.1813,-1.88626,0.928554,-0.121943,0.315291,-0.148393
0,-0.593516,0.593516,-0.411232,0.411232,2.77508,2.18383,-1.89116,0.928839,-0.121661,0.314608,-0.148495
0,-0.593516,0.593516,-0.411232,0.411232,2.77191,2.18637,-1.89606,0.929124,-0.121378,0.313925,-0.148598
0,-0.593516,0.593516,-0.411232,0.411232,2.76874,2.1889,-1.90097,0.929409,-0.121096,0.313243,-0.1487
0,-0.593516,0.593516,-0.411232,0.411232,2.76556,2.19143,-1.90587,0.929694,-0.120814,0.312561,-0.148802
0,-0.593516,0.593516,-0.411232,0.411232,2.76239,2.19396,-1.91077,0.929979,-0.120532,0.311879,-0.148904
0,-0.593516,0.593516,-0.411232,0.411232,2.75921,2.1965,-1.91567,0.930264,-0.12025,0.311198,-0.149006
0,-0.593516,0.593516,-0.411232,0.411232,2.75604,2.19903,-1.92057,0.930549,-0.119969,0.310517,-0.149108
0,-0.593516,0.593516,-0.411232,0.411232,2.75287,2.20156,-1.92547,0.930834,-0.119688,0.309837,-0.149209
0,-0.593516,0.593516,-0.411232,0.411232,2.74969,2.20409,-1.93037,0.931118,-0.119406,0.309158,-0.149311
0,-0.593516,0.593516,-0.411232,0.411232,2.74652,2.20663,-1.93527,0.931403,-0.119125,0.308478,-0.149413
0,-0.593516,0.593516,-0.411232,0.411232,2.74334,2.20916,-1.94017,0.931687,-0.118845,0.307799,-0.149515
0,-0.593516,0.593516,-0.411232,0.411232,2.74017,2.21169,-1.94508,0.931972,-0.118564,0.307121,-0.149616
0,-0.593516,0.593516,-0.411232,0.411232,2.737,2.21422,-1.94998,0.932256,-0.118284,0.306443,-0.149718
0,-0.593516,0.593516,-0.411232,0.411232,2.73382,2.21676,-1.95488,0.93254,-0.118003,0.305766,-0.14982
0,-0.593516,0.593516,-0.411232,0.411232,2.73065,2.21929,-1.95978,0.932824,-0.117723,0.305089,-0.149921
0,-0.593516,0.593516,-0.411232,0.411232,2.72747,2.22182,-1.96468,0.933108,-0.117443,0.304412,-0.150023
0,-0.593516,0.593516,-0.411232,0.411232,2.7243,2.22435,-1.96958,0.933392,-0.117164,0.303736,-0.150124
0,-0.593516,0.593516,-0.411232,0.411232,2.72113,2.22689,-1.97448,0.933676,-0.116884,0.30306,-0.150225
0,-0.593516,0.593516,-0.411232,0.411232,2.71795,2.22942,-1.97938,0.93396,-0.116605,0.302385,-0.150327
0,-0.593516,0.593516,-0.411232,0.411232,2.71478,2.23195,-1.98429,0.934244,-0.116326,0.30171,-0.150428
0,-0.593516,0.593516,-0.411232,0.411232,2.71478,2.23195,-1.98429,0.934244,-0.116326,0.30171,-0.150428
0,-0.593516,0.593516,-0.411232,0.411232,2.7117,2.23439,-1.98888,0.934429,-0.116064,0.301083,-0.150525
0,-0.593516,0.593516,-0.411232,0.411232,2.70862,2.23683,-1.99348,0.934614,-0.115802,0.300456,-0.150623
0,-0.593516,0.593516,-0.411232,0.411232,2.70555,2.23928,-1.99808,0.9348,-0.11554,0.29983,-0.15072
0,-0.593516,0.593516,-0.411232,0.411232,2.70247,2.24172,-2.00268,0.934985,-0.115278,0.299204,-0.150817
0,-0.593516,0.593516,-0.411232,0.411232,2.69939,2.24416,-2.00728,0.935171,-0.115016,0.298578,-0.150914
0,-0.593516,0.593516,-0.411232,0.411232,2.69631,2.2466,-2.01187,0.935356,-0.114754,0.297953,-0.151011
0,-0.593516,0.593516,-0.411232,0.411232,2.69324,2.24904,-2.01647,0.935541,-0.114493,0.297327,-0.151108
0,-0.593516,0.593516,-0.411232,0.411232,2.69016,2.25149,-2.02107,0.935727,-0.114232,0.296702,-0.151205
0,-0.593516,0.593516,-0.411232,0.411232,2.68708,2.25393,-2.02567,0.935912,-0.11397,0.296077,-0.151302
0,-0.593516,0.593516,-0.411232,0.411232,2.684,2.25637,-2.03027,0.936097,-0.113709,0.295453,-0.151399
0,-0.593516,0.593516,-0.411232,0.411232,2.68093,2.25881,-2.03487,0.936282,-0.113448,0.294829,-0.151496
0,-0.593516,0.593516,-0.411232,0.411232,2.67785,2.26125,-2.03946,0.936467,-0.113187,0.294205,-0.151593
0,-0.593516,0.593516,-0.411232,0.411232,2.67477,2.2637,-2.04406,0.936652,-0.112926,0.293581,-0.15169
0,-0.593516,0.593516,-0.411232,0.411232,2.67169,2.26614,-2.04866,0.936838,-0.112665,0.292957,-0.151787
0,-0.593516,0.593516,-0.411232,0.411232,2.66862,2.26858,-2.05326,0.937023,-0.112405,0.292334,-0.151883
0,-0.593516,0.593516,-0.411232,0.411232,2.66554,2.27102,-2.05786,0.937208,-0.112144,0.291711,-0.15198
0,-0.593516,0.593516,-0.411232,0.411232,2.66246,2.27346,-2.06246,0.937393,-0.111884,0.291088,-0.152077
0,-0.593516,0.593516,-0.411232,0.411232,2.65938,2.27591,-2.06705,0.937577,-0.111624,0.290466,-0.152174
0,-0.593516,0.593516,-0.411232,0.411232,2.65631,2.27835,-2.07165,0.937762,-0.111363,0.289844,-0.15227
0,-0.593516,0.593516,-0.411232,0.411232,2.65323,2.28079,-2.07625,0.937947,-0.111103,0.289222,-0.152367
0,-0.593516,0.593516,-0.411232,0.411232,2.65015,2.28323,-2.08085,0.938132,-0.110843,0.2886,-0.152464
0,-0.593516,0.593516,-0.411232,0.411232,2.64707,2.28567,-2.08545,0.938317,-0.110583,0.287979,-0.15256
0,-0.593516,0.593516,-0.411232,0.411232,2.644,2.28812,-2.09004,0.938501,-0.110324,0.287358,-0.152657
0,-0.593516,0.593516,-0.411232,0.411232,2.64092,2.29056,-2.09464,0.938686,-0.110064,0.286737,-0.152753
0,-0.593516,0.593516,-0.411232,0.411232,2.63784,2.293,-2.09924,0.938871,-0.109804,0.286116,-0.15285
0,-0.593516,0.593516,-0.411232,0.411232,2.63476,2.29544,-2.10384,0.939055,-0.109545,0.285496,-0.152946
0,-0.593516,0.593516,-0.411232,0.411232,2.63169,2.29788,-2.10844,0.93924,-0.109285,0.284875,-0.153043
0,-0.593516,0.593516,-0.411232,0.411232,2.62861,2.30033,-2.11304,0.939424,-0.109026,0.284255,-0.153139
0,-0.593516,0.593516,-0.411232,0.411232,2.62553,2.30277,-2.11763,0.939609,-0.108767,0.283636,-0.153235
0,-0.593516,0.593516,-0.411232,0.411232,2.62245,2.30521,-2.12223,0.939793,-0.108508,0.283016,-0.153332
0,-0.593516,0.593516,-0.411232,0.411232,2.61938,2.30765,-2.12683,0.939978,-0.108249,0.282397,-0.153428
0,-0.593516,0.593516,-0.411232,0.411232,2.6163,2.31009,-2.13143,0.940162,-0.10799,0.281778,-0.153524
0,-0.593516,0.593516,-0.411232,0.411232,2.61322,2.31254,-2.13603,0.940347,-0.107732,0.28116,-0.15362
0,-0.593516,0.593516,-0.411232,0.411232,2.61014,2.31498,-2.14063,0.940531,-0.107473,0.280541,-0.153717
0,-0.593516,0.593516,-0.411232,0.411232,2.60707,2.31742,-2.14522,0.940715,-0.107214,0.279923,-0.153813
0,-0.593516,0.593516,-0.411232,0.411232,2.60399,2.31986,-2.14982,0.9409,-0.106956,0.279305,-0.153909
0,-0.593516,0.593516,-0.411232,0.411232,2.60091,2.3223,-2.15442,0.941084,-0.106698,0.278688,-0.154005
0,-0.593516,0.593516,-0.411232,0.411232,2.59784,2.32475,-2.15902,0.941268,-0.10644,0.27807,-0.154101
0,-0.593516,0.593516,-0.411232,0.411232,2.59476,2.32719,-2.16362,0.941452,-0.106181,0.277453,-0.154197
0,-0.593516,0.593516,-0.411232,0.411232,2.59168,2.32963,-2.16821,0.941636,-0.105923,0.276836,-0.154293
0,-0.593516,0.593516,-0.411232,0.411232,2.5886,2.33207,-2.17281,0.94182,-0.105666,0.27622,-0.154389
0,-0.593516,0.593516,-0.411232,0.411232,2.58553,2.33451,-2.17741,0.942004,-0.105408,0.275603,-0.154485
0,-0.593516,0.593516,-0.411232,0.411232,2.58245,2.33696,-2.18201,0.942188,-0.10515,0.274987,-0.154581
0,-0.593516,0.593516,-0.411232,0.411232,2.57937,2.3394,-2.18661,0.942372,-0.104893,0.274371,-0.154677
0,-0.593516,0.593516,-0.411232,0.411232,2.57629,2.34184,-2.19121,0.942556,-0.104635,0.273756,-0.154773
0,-0.593516,0.593516,-0.411232,0.411232,2.57322,2.34428,-2.1958,0.94274,-0.104378,0.27314,-0.154868
0,-0.593516,0.593516,-0.411232,0.411232,2.57014,2.34673,-2.2004,0.942924,-0.10412,0.272525,-0.154964
0,-0.593516,0.593516,-0.411232,0.411232,2.56706,2.34917,-2.205,0.943108,-0.103863,0.271911,-0.15506
0,-0.593516,0.593516,-0.411232,0.411232,2.56398,2.35161,-2.2096,0.943292,-0.103606,0.271296,-0.155156
0,-0.593516,0.593516,-0.411232,0.411232,2.56091,2.35405,-2.2142,0.943475,-0.103349,0.270682,-0.155251
0,-0.593516,0.593516,-0.411232,0.411232,2.55783,2.35649,-2.2188,0.943659,-0.103093,0.270067,-0.155347
0,-0.593516,0.593516,-0.411232,0.411232,2.55475,2.35894,-2.22339,0.943843,-0.102836,0.269454,-0.155443
0,-0.593516,0.593516,-0.411232,0.411232,2.55167,2.36138,-2.22799,0.944026,-0.102579,0.26884,-0.155538
0,-0.593516,0.593516,-0.411232,0.411232,2.5486,2.36382,-2.23259,0.94421,-0.102323,0.268227,-0.155634
0,-0.593516,0.593516,-0.411232,0.411232,2.54552,2.36626,-2.23719,0.944394,-0.102066,0.267613,-0.155729
0,-0.593516,0.593516,-0.411232,0.411232,2.54244,2.3687,-2.24179,0.944577,-0.10181,0.267001,-0.155825
0,-0.593516,0.593516,-0.411232,0.411232,2.53936,2.37115,-2.24638,0.944761,-0.101554,0.266388,-0.15592
0,-0.593516,0.593516,-0.411232,0.411232,2.53629,2.37359,-2.25098,0.944944,-0.101298,0.265776,-0.156016
0,-0.593516,0.593516,-0.411232,0.411232,2.53321,2.37603,-2.25558,0.945127,-0.101042,0.265164,-0.156111
0,-0.593516,0.593516,-0.411232,0.411232,2.53013,2.37847,-2.26018,0.945311,-0.100786,0.264552,-0.156207
0,-0.593516,0.593516,-0.411232,0.411232,2.52705,2.38091,-2.26478,0.945494,-0.10053,0.26394,-0.156302
0,-0.593516,0.593516,-0.411232,0.411232,2.52398,2.38336,-2.26938,0.945678,-0.100274,0.263329,-0.156397
0,-0.593516,0.593516,-0.411232,0.411232,2.5209,2.3858,-2.27397,0.945861,-0.100019,0.262717,-0.156493
0,-0.593516,0.593516,-0.411232,0.411232,2.51782,2.38824,-2.27857,0.946044,-0.099763,0.262107,-0.156588
0,-0.593516,0.593516,-0.411232,0.411232,2.51474,2.39068,-2.28317,0.946227,-0.0995077,0.261496,-0.156683
0,-0.593516,0.593516,-0.411232,0.411232,2.51167,2.39312,-2.28777,0.94641,-0.0992524,0.260886,-0.156778
0,-0.593516,0.593516,-0.411232,0.411232,2.50859,2.39557,-2.29237,0.946594,-0.0989972,0.260275,-0.156873
0,-0.593516,0.593516,-0.411232,0.411232,2.50551,2.39801,-2.29697,0.946777,-0.0987421,0.259665,-0.156968
0,-0.593516,0.593516,-0.411232,0.411232,2.50243,2.40045,-2.30156,0.94696,-0.0984871,0.259056,-0.157064
0,-0.593516,0.593516,-0.411232,0.411232,2.49936,2.40289,-2.30616,0.947143,-0.0982322,0.258446,-0.157159
0,-0.593516,0.593516,-0.411232,0.411232,2.49628,2.40533,-2.31076,0.947326,-0.0979775,0.257837,-0.157254
0,-0.593516,0.593516,-0.411232,0.411232,2.4932,2.40778,-2.31536,0.947509,-0.0977228,0.257228,-0.157349
0,-0.593516,0.593516,-0.411232,0.411232,2.49012,2.41022,-2.31996,0.947692,-0.0974682,0.25662,-0.157444
0,-0.593516,0.593516,-0.411232,0.411232,2.48705,2.41266,-2.32455,0.947875,-0.0972137,0.256011,-0.157539
0,-0.593516,0.593516,-0.411232,0.411232,2.48397,2.4151,-2.32915,0.948058,-0.0969594,0.255403,-0.157633
0,-0.593516,0.593516,-0.411232,0.411232,2.48089,2.41754,-2.33375,0.94824,-0.0967051,0.254795,-0.157728
0,-0.593516,0.593516,-0.411232,0.411232,2.47782,2.41999,-2.33835,0.948423,-0.0964509,0.254187,-0.157823
0,-0.593516,0.593516,-0.411232,0.411232,2.47474,2.42243,-2.34295,0.948606,-0.0961969,0.25358,-0.157918
0,-0.593516,0.593516,-0.411232,0.411232,2.47166,2.42487,-2.34755,0.948789,-0.0959429,0.252973,-0.158013
0,-0.593516,0.593516,-0.411232,0.411232,2.46858,2.42731,-2.35214,0.948971,-0.095689,0.252366,-0.158108
0,-0.593516,0.593516,-0.411232,0.411232,2.46551,2.42975,-2.35674,0.949154,-0.0954353,0.251759,-0.158202
0,-0.593516,0.593516,-0.411232,0.411232,2.46243,2.4322,-2.36134,0.949337,-0.0951816,0.251153,-0.158297
0,-0.593516,0.593516,-0.411232,0.411232,2.45935,2.43464,-2.36594,0.949519,-0.094928,0.250546,-0.158392
0,-0.593516,0.593516,-0.411232,0.411232,2.45627,2.43708,-2.37054,0.949702,-0.0946746,0.24994,-0.158486
0,-0.593516,0.593516,-0.411232,0.411232,2.4532,2.43952,-2.37513,0.949884,-0.0944213,0.249335,-0.158581
0,-0.593516,0.593516,-0.411232,0.411232,2.45012,2.44196,-2.37973,0.950067,-0.094168,0.248729,-0.158676
0,-0.593516,0.593516,-0.411232,0.411232,2.44704,2.44441,-2.38433,0.950249,-0.0939148,0.248124,-0.15877
0,-0.593516,0.593516,-0.411232,0.411232,2.44396,2.44685,-2.38893,0.950432,-0.0936618,0.247519,-0.158865
0,-0.593516,0.593516,-0.411232,0.411232,2.44089,2.44929,-2.39353,0.950614,-0.0934088,0.246914,-0.158959
0,-0.593516,0.593516,-0.411232,0.411232,2.43781,2.45173,-2.39813,0.950796,-0.093156,0.246309,-0.159054
0,-0.593516,0.593516,-0.411232,0.411232,2.43473,2.45417,-2.40272,0.950979,-0.0929032,0.245705,-0.159148
0,-0.593516,0.593516,-0.411232,0.411232,2.43165,2.45662,-2.40732,0.951161,-0.0926506,0.245101,-0.159242
0,-0.593516,0.593516,-0.411232,0.411232,2.42858,2.45906,-2.41192,0.951343,-0.092398,0.244497,-0.159337
0,-0.593516,0.593516,-0.411232,0.411232,2.4255,2.4615,-2.41652,0.951525,-0.0921456,0.243894,-0.159431
0,-0.593516,0.593516,-0.411232,0.411232,2.42242,2.46394,-2.42112,0.951707,-0.0918932,0.24329,-0.159525
0,-0.593516,0.593516,-0.411232,0.411232,2.41934,2.46638,-2.42572,0.95189,-0.091641,0.242687,-0.15962
0,-0.593516,0.593516,-0.411232,0.411232,2.41627,2.46883,-2.43031,0.952072,-0.0913888,0.242084,-0.159714
0,-0.593516,0.593516,-0.411232,0.411232,2.41319,2.47127,-2.43491,0.952254,-0.0911368,0.241482,-0.159808
0,-0.593516,0.593516,-0.411232,0.411232,2.41011,2.47371,-2.43951,0.952436,-0.0908848,0.240879,-0.159902
0,-0.593516,0.593516,-0.411232,0.411232,2.40703,2.47615,-2.44411,0.952618,-0.090633,0.240277,-0.159996
0,-0.593516,0.593516,-0.411232,0.411232,2.40396,2.47859,-2.44871,0.9528,-0.0903812,0.239675,-0.16009
0,-0.593516,0.593516,-0.411232,0.411232,2.40088,2.48104,-2.4533,0.952982,-0.0901295,0.239074,-0.160185
0,-0.593516,0.593516,-0.411232,0.411232,2.3978,2.48348,-2.4579,0.953163,-0.089878,0.238472,-0.160279
0,-0.593516,0.593516,-0.411232,0.411232,2.39472,2.48592,-2.4625,0.953345,-0.0896265,0.237871,-0.160373
0,-0.593516,0.593516,-0.411232,0.411232,2.39165,2.48836,-2.4671,0.953527,-0.0893752,0.23727,-0.160467
0,-0.593516,0.593516,-0.411232,0.411232,2.38857,2.4908,-2.4717,0.953709,-0.0891239,0.236669,-0.160561
0,-0.593516,0.593516,-0.411232,0.411232,2.38549,2.49325,-2.4763,0.953891,-0.0888728,0.236069,-0.160655
0,-0.593516,0.593516,-0.411232,0.411232,2.38241,2.49569,-2.48089,0.954072,-0.0886217,0.235469,-0.160748
0,-0.593516,0.593516,-0.411232,0.411232,2.37934,2.49813,-2.48549,0.954254,-0.0883707,0.234868,-0.160842
0,-0.593516,0.593516,-0.411232,0.411232,2.37626,2.50057,-2.49009,0.954436,-0.0881199,0.234269,-0.160936
0,-0.593516,0.593516,-0.411232,0.411232,2.37318,2.50301,-2.49469,0.954617,-0.0878691,0.233669,-0.16103
0,-0.593516,0.593516,-0.411232,0.411232,2.37011,2.50546,-2.49929,0.954799,-0.0876184,0.23307,-0.161124
0,-0.593516,0.593516,-0.411232,0.411232,2.36703,2.5079,-2.50389,0.95498,-0.0873679,0.232471,-0.161218
0,-0.593516,0.593516,-0.411232,0.411232,2.36395,2.51034,-2.50848,0.955162,-0.0871174,0.231872,-0.161311
0,-0.593516,0.593516,-0.411232,0.411232,2.36087,2.51278,-2.51308,0.955343,-0.086867,0.231273,-0.161405
0,-0.593516,0.593516,-0.411232,0.411232,2.3578,2.51522,-2.51768,0.955525,-0.0866168,0.230675,-0.161499
0,-0.593516,0.593516,-0.411232,0.411232,2.35472,2.51767,-2.52228,0.955706,-0.0863666,0.230077,-0.161592
0,-0.593516,0.593516,-0.411232,0.411232,2.35164,2.52011,-2.52688,0.955887,-0.0861165,0.229479,-0.161686
0,-0.593516,0.593516,-0.411232,0.411232,2.34856,2.52255,-2.53147,0.956069,-0.0858665,0.228881,-0.16178
0,-0.593516,0.593516,-0.411232,0.411232,2.34856,2.52255,-2.53147,0.956069,-0.0858665,0.228881,-0.16178
0,-0.593516,0.593516,-0.411232,0.411232,2.34437,2.52457,-2.53527,0.956172,-0.0856606,0.228308,-0.161936
0,-0.593516,0.593516,-0.411232,0.411232,2.34018,2.52658,-2.53907,0.956276,-0.0854548,0.227735,-0.162093
0,-0.593516,0.593516,-0.411232,0.411232,2.33598,2.5286,-2.54287,0.956379,-0.0852489,0.227161,-0.16225
0,-0.593516,0.593516,-0.411232,0.411232,2.33179,2.53061,-2.54667,0.956483,-0.0850432,0.226588,-0.162407
0,-0.593516,0.593516,-0.411232,0.411232,2.32759,2.53263,-2.55047,0.956586,-0.0848374,0.226015,-0.162564
0,-0.593516,0.593516,-0.411232,0.411232,2.3234,2.53464,-2.55427,0.95669,-0.0846317,0.225443,-0.162721
0,-0.593516,0.593516,-0.411232,0.411232,2.31921,2.53666,-2.55807,0.956793,-0.0844261,0.22487,-0.162877
0,-0.593516,0.593516,-0.411232,0.411232,2.31501,2.53867,-2.56187,0.956897,-0.0842205,0.224297,-0.163034
0,-0.593516,0.593516,-0.411232,0.411232,2.31082,2.54069,-2.56567,0.957,-0.084015,0.223725,-0.163191
0,-0.593516,0.593516,-0.411232,0.411232,2.30663,2.54271,-2.56947,0.957104,-0.0838095,0.223153,-0.163347
0,-0.593516,0.593516,-0.411232,0.411232,2.30243,2.54472,-2.57327,0.957207,-0.083604,0.22258,-0.163504
0,-0.593516,0.593516,-0.411232,0.411232,2.29824,2.54674,-2.57707,0.95731,-0.0833986,0.222008,-0.16366
0,-0.593516,0.593516,-0.411232,0.411232,2.29404,2.54875,-2.58087,0.957414,-0.0831932,0.221436,-0.163817
0,-0.593516,0.593516,-0.411232,0.411232,2.28985,2.55077,-2.58467,0.957517,-0.0829879,0.220865,-0.163973
0,-0.593516,0.593516,-0.411232,0.411232,2.28566,2.55278,-2.58847,0.957621,-0.0827826,0.220293,-0.16413
0,-0.593516,0.593516,-0.411232,0.411232,2.28146,2.5548,-2.59227,0.957724,-0.0825774,0.219721,-0.164286
0,-0.593516,0.593516,-0.411232,0.411232,2.27727,2.55682,-2.59607,0.957827,-0.0823722,0.21915,-0.164443
0,-0.593516,0.593516,-0.411232,0.411232,2.27308,2.55883,-2.59987,0.957931,-0.082167,0.218579,-0.164599
0,-0.593516,0.593516,-0.411232,0.411232,2.26888,2.56085,-2.60367,0.958034,-0.0819619,0.218007,-0.164755
0,-0.593516,0.593516,-0.411232,0.411232,2.26469,2.56286,-2.60747,0.958137,-0.0817569,0.217436,-0.164912
0,-0.593516,0.593516,-0.411232,0.411232,2.26049,2.56488,-2.61127,0.958241,-0.0815519,0.216865,-0.165068
0,-0.593516,0.593516,-0.411232,0.411232,2.2563,2.56689,-2.61507,0.958344,-0.0813469,0.216295,-0.165224
0,-0.593516,0.593516,-0.411232,0.411232,2.25211,2.56891,-2.61887,0.958447,-0.081142,0.215724,-0.16538
0,-0.593516,0.593516,-0.411232,0.411232,2.24791,2.57092,-2.62267,0.95855,-0.0809371,0.215153,-0.165536
0,-0.593516,0.593516,-0.411232,0.411232,2.24372,2.57294,-2.62647,0.958654,-0.0807323,0.214583,-0.165693
0,-0.593516,0.593516,-0.411232,0.411232,2.23953,2.57496,-2.63027,0.958757,-0.0805275,0.214013,-0.165849
0,-0.593516,0.593516,-0.411232,0.411232,2.23533,2.57697,-2.63407,0.95886,-0.0803228,0.213442,-0.166005
0,-0.593516,0.593516,-0.411232,0.411232,2.23114,2.57899,-2.63787,0.958963,-0.0801181,0.212872,-0.166161
0,-0.593516,0.593516,-0.411232,0.411232,2.22694,2.581,-2.64167,0.959067,-0.0799134,0.212302,-0.166317
0,-0.593516,0.593516,-0.411232,0.411232,2.22275,2.58302,-2.64547,0.95917,-0.0797088,0.211733,-0.166473
0,-0.593516,0.593516,-0.411232,0.411232,2.21856,2.58503,-2.64927,0.959273,-0.0795043,0.211163,-0.166629
0,-0.593516,0.593516,-0.411232,0.411232,2.21436,2.58705,-2.65307,0.959376,-0.0792998,0.210593,-0.166785
0,-0.593516,0.593516,-0.411232,0.411232,2.21017,2.58907,-2.65687,0.959479,-0.0790953,0.210024,-0.166941
0,-0.593516,0.593516,-0.411232,0.411232,2.20598,2.59108,-2.66067,0.959583,-0.0788909,0.209455,-0.167097
0,-0.593516,0.593516,-0.411232,0.411232,2.20178,2.5931,-2.66447,0.959686,-0.0786865,0.208885,-0.167252
0,-0.593516,0.593516,-0.411232,0.411232,2.19759,2.59511,-2.66827,0.959789,-0.0784822,0.208316,-0.167408
0,-0.593516,0.593516,-0.411232,0.411232,2.19339,2.59713,-2.67207,0.959892,-0.0782779,0.207748,-0.167564
0,-0.593516,0.593516,-0.411232,0.411232,2.1892,2.59914,-2.67587,0.959995,-0.0780736,0.207179,-0.16772
0,-0.593516,0.593516,-0.411232,0.411232,2.18501,2.60116,-2.67967,0.960098,-0.0778694,0.20661,-0.167875
0,-0.593516,0.593516,-0.411232,0.411232,2.18081,2.60317,-2.68347,0.960201,-0.0776653,0.206041,-0.168031
0,-0.593516,0.593516,-0.411232,0.411232,2.17662,2.60519,-2.68727,0.960304,-0.0774612,0.205473,-0.168187
0,-0.593516,0.593516,-0.411232,0.411232,2.17243,2.60721,-2.69107,0.960407,-0.0772571,0.204905,-0.168342
0,-0.593516,0.593516,-0.411232,0.411232,2.16823,2.60922,-2.69487,0.96051,-0.0770531,0.204337,-0.168498
0,-0.593516,0.593516,-0.411232,0.411232,2.16404,2.61124,-2.69867,0.960614,-0.0768491,0.203768,-0.168653
0,-0.593516,0.593516,-0.411232,0.411232,2.15984,2.61325,-2.70247,0.960717,-0.0766452,0.203201,-0.168809
0,-0.593516,0.593516,-0.411232,0.411232,2.15565,2.61527,-2.70627,0.96082,-0.0764413,0.202633,-0.168964
0,-0.593516,0.593516,-0.411232,0.411232,2.15146,2.61728,-2.71007,0.960923,-0.0762374,0.202065,-0.16912
0,-0.593516,0.593516,-0.411232,0.411232,2.14726,2.6193,-2.71386,0.961026,-0.0760336,0.201498,-0.169275
0,-0.593516,0.593516,-0.411232,0.411232,2.14307,2.62131,-2.71766,0.961129,-0.0758299,0.20093,-0.169431
0,-0.593516,0.593516,-0.411232,0.411232,2.13888,2.62333,-2.72146,0.961232,-0.0756262,0.200363,-0.169586
0,-0.593516,0.593516,-0.411232,0.411232,2.13468,2.62535,-2.72526,0.961335,-0.0754225,0.199796,-0.169741
0,-0.593516,0.593516,-0.411232,0.411232,2.13049,2.62736,-2.72906,0.961438,-0.0752189,0.199229,-0.169897
0,-0.593516,0.593516,-0.411232,0.411232,2.12629,2.62938,-2.73286,0.96154,-0.0750153,0.198662,-0.170052
0,-0.593516,0.593516,-0.411232,0.411232,2.1221,2.63139,-2.73666,0.961643,-0.0748118,0.198095,-0.170207
0,-0.593516,0.593516,-0.411232,0.411232,2.11791,2.63341,-2.74046,0.961746,-0.0746083,0.197528,-0.170362
0,-0.593516,0.593516,-0.411232,0.411232,2.11371,2.63542,-2.74426,0.961849,-0.0744049,0.196962,-0.170517
0,-0.593516,0.593516,-0.411232,0.411232,2.10952,2.63744,-2.74806,0.961952,-0.0742015,0.196395,-0.170673
0,-0.593516,0.593516,-0.411232,0.411232,2.10533,2.63946,-2.75186,0.962055,-0.0739981,0.195829,-0.170828
0,-0.593516,0.593516,-0.411232,0.411232,2.10113,2.64147,-2.75566,0.962158,-0.0737948,0.195263,-0.170983
0,-0.593516,0.593516,-0.411232,0.411232,2.09694,2.64349,-2.75946,0.962261,-0.0735916,0.194696,-0.171138
0,-0.593516,0.593516,-0.411232,0.411232,2.09274,2.6455,-2.76326,0.962364,-0.0733883,0.19413,-0.171293
0,-0.593516,0.593516,-0.411232,0.411232,2.08855,2.64752,-2.76706,0.962467,-0.0731852,0.193565,-0.171448
0,-0.593516,0.593516,-0.411232,0.411232,2.08436,2.64953,-2.77086,0.962569,-0.072982,0.192999,-0.171603
0,-0.593516,0.593516,-0.411232,0.411232,2.08016,2.65155,-2.77466,0.962672,-0.0727789,0.192433,-0.171758
0,-0.593516,0.593516,-0.411232,0.411232,2.07597,2.65356,-2.77846,0.962775,-0.0725759,0.191868,-0.171913
0,-0.593516,0.593516,-0.411232,0.411232,2.07178,2.65558,-2.78226,0.962878,-0.0723729,0.191303,-0.172067
0,-0.593516,0.593516,-0.411232,0.411232,2.06758,2.6576,-2.78606,0.962981,-0.07217,0.190737,-0.172222
0,-0.593516,0.593516,-0.411232,0.411232,2.06339,2.65961,-2.78986,0.963083,-0.071967,0.190172,-0.172377
0,-0.593516,0.593516,-0.411232,0.411232,2.05919,2.66163,-2.79366,0.963186,-0.0717642,0.189607,-0.172532
0,-0.593516,0.593516,-0.411232,0.411232,2.055,2.66364,-2.79746,0.963289,-0.0715614,0.189042,-0.172686
0,-0.593516,0.593516,-0.411232,0.411232,2.05081,2.66566,-2.80126,0.963392,-0.0713586,0.188478,-0.172841
0,-0.593516,0.593516,-0.411232,0.411232,2.04661,2.66767,-2.80506,0.963494,-0.0711558,0.187913,-0.172996
0,-0.593516,0.593516,-0.411232,0.411232,2.04242,2.66969,-2.80886,0.963597,-0.0709532,0.187349,-0.17315
0,-0.593516,0.593516,-0.411232,0.411232,2.03823,2.6717,-2.81266,0.9637,-0.0707505,0.186784,-0.173305
0,-0.593516,0.593516,-0.411232,0.411232,2.03403,2.67372,-2.81646,0.963803,-0.0705479,0.18622,-0.17346
0,-0.593516,0.593516,-0.411232,0.411232,2.02984,2.67574,-2.82026,0.963905,-0.0703453,0.185656,-0.173614
0,-0.593516,0.593516,-0.411232,0.411232,2.02564,2.67775,-2.82406,0.964008,-0.0701428,0.185092,-0.173769
0,-0.593516,0.593516,-0.411232,0.411232,2.02145,2.67977,-2.82786,0.964111,-0.0699404,0.184528,-0.173923
0,-0.593516,0.593516,-0.411232,0.411232,2.01726,2.68178,-2.83166,0.964213,-0.0697379,0.183964,-0.174078
0,-0.593516,0.593516,-0.411232,0.411232,2.01306,2.6838,-2.83546,0.964316,-0.0695356,0.183401,-0.174232
0,-0.593516,0.593516,-0.411232,0.411232,2.00887,2.68581,-2.83926,0.964419,-0.0693332,0.182837,-0.174386
0,-0.593516,0.593516,-0.411232,0.411232,2.00468,2.68783,-2.84306,0.964521,-0.0691309,0.182274,-0.174541
0,-0.593516,0.593516,-0.411232,0.411232,2.00048,2.68985,-2.84686,0.964624,-0.0689287,0.181711,-0.174695
0,-0.593516,0.593516,-0.411232,0.411232,1.99629,2.69186,-2.85066,0.964727,-0.0687265,0.181147,-0.174849
0,-0.593516,0.593516,-0.411232,0.411232,1.99209,2.69388,-2.85446,0.964829,-0.0685243,0.180584,-0.175004
0,-0.593516,0.593516,-0.411232,0.411232,1.9879,2.69589,-2.85826,0.964932,-0.0683222,0.180022,-0.175158
0,-0.593516,0.593516,-0.411232,0.411232,1.98371,2.69791,-2.86206,0.965034,-0.0681201,0.179459,-0.175312
0,-0.593516,0.593516,-0.411232,0.411232,1.97951,2.69992,-2.86586,0.965137,-0.0679181,0.178896,-0.175466
0,-0.593516,0.593516,-0.411232,0.411232,1.97532,2.70194,-2.86966,0.965239,-0.0677161,0.178334,-0.17562
0,-0.593516,0.593516,-0.411232,0.411232,1.97113,2.70395,-2.87346,0.965342,-0.0675141,0.177771,-0.175775
0,-0.593516,0.593516,-0.411232,0.411232,1.96693,2.70597,-2.87726,0.965444,-0.0673123,0.177209,-0.175929
0,-0.593516,0.593516,-0.411232,0.411232,1.96274,2.70799,-2.88106,0.965547,-0.0671104,0.176647,-0.176083
0,-0.593516,0.593516,-0.411232,0.411232,1.95854,2.71,-2.88486,0.965649,-0.0669086,0.176085,-0.176237
0,-0.593516,0.593516,-0.411232,0.411232,1.95435,2.71202,-2.88866,0.965752,-0.0667068,0.175523,-0.176391
0,-0.593516,0.593516,-0.411232,0.411232,1.95016,2.71403,-2.89246,0.965854,-0.0665051,0.174961,-0.176545
0,-0.593516,0.593516,-0.411232,0.411232,1.94596,2.71605,-2.89625,0.965957,-0.0663034,0.174399,-0.176699
0,-0.593516,0.593516,-0.411232,0.411232,1.94177,2.71806,-2.90005,0.966059,-0.0661018,0.173838,-0.176853
0,-0.593516,0.593516,-0.411232,0.411232,1.93758,2.72008,-2.90385,0.966162,-0.0659002,0.173276,-0.177006
0,-0.593516,0.593516,-0.411232,0.411232,1.93338,2.72209,-2.90765,0.966264,-0.0656986,0.172715,-0.17716
0,-0.593516,0.593516,-0.411232,0.411232,1.92919,2.72411,-2.91145,0.966367,-0.0654971,0.172154,-0.177314
0,-0.593516,0.593516,-0.411232,0.411232,1.92499,2.72613,-2.91525,0.966469,-0.0652956,0.171593,-0.177468
0,-0.593516,0.593516,-0.411232,0.411232,1.9208,2.72814,-2.91905,0.966572,-0.0650942,0.171032,-0.177622
0,-0.593516,0.593516,-0.411232,0.411232,1.91661,2.73016,-2.92285,0.966674,-0.0648929,0.170471,-0.177775
0,-0.593516,0.593516,-0.411232,0.411232,1.91241,2.73217,-2.92665,0.966776,-0.0646915,0.16991,-0.177929
0,-0.593516,0.593516,-0.411232,0.411232,1.90822,2.73419,-2.93045,0.966879,-0.0644902,0.16935,-0.178083
0,-0.593516,0.593516,-0.411232,0.411232,1.90403,2.7362,-2.93425,0.966981,-0.064289,0.168789,-0.178236
0,-0.593516,0.593516,-0.411232,0.411232,1.89983,2.73822,-2.93805,0.967084,-0.0640878,0.168229,-0.17839
0,-0.593516,0.593516,-0.411232,0.411232,1.89564,2.74024,-2.94185,0.967186,-0.0638866,0.167669,-0.178543
0,-0.593516,0.593516,-0.411232,0.411232,1.89145,2.74225,-2.94565,0.967288,-0.0636855,0.167108,-0.178697
0,-0.593516,0.593516,-0.411232,0.411232,1.88725,2.74427,-2.94945,0.967391,-0.0634844,0.166548,-0.17885
0,-0.593516,0.593516,-0.411232,0.411232,1.88306,2.74628,-2.95325,0.967493,-0.0632834,0.165989,-0.179004
0,-0.593516,0.593516,-0.411232,0.411232,1.87886,2.7483,-2.95705,0.967595,-0.0630824,0.165429,-0.179157
0,-0.593516,0.593516,-0.411232,0.411232,1.87467,2.75031,-2.96085,0.967697,-0.0628814,0.164869,-0.179311
0,-0.593516,0.593516,-0.411232,0.411232,1.87048,2.75233,-2.96465,0.9678,-0.0626805,0.16431,-0.179464
0,-0.593516,0.593516,-0.411232,0.411232,1.86628,2.75434,-2.96845,0.967902,-0.0624797,0.16375,-0.179617
0,-0.593516,0.593516,-0.411232,0.411232,1.86209,2.75636,-2.97225,0.968004,-0.0622789,0.163191,-0.179771
0,-0.593516,0.593516,-0.411232,0.411232,1.8579,2.75838,-2.97605,0.968107,-0.0620781,0.162632,-0.179924
0,-0.593516,0.593516,-0.411232,0.411232,1.8537,2.76039,-2.97985,0.968209,-0.0618774,0.162073,-0.180077
0,-0.593516,0.593516,-0.411232,0.411232,1.84951,2.76241,-2.98365,0.968311,-0.0616767,0.161514,-0.180231
0,-0.593516,0.593516,-0.411232,0.411232,1.84951,2.76241,-2.98365,0.968311,-0.0616767,0.161514,-0.180231
0,-0.593516,0.593516,-0.411232,0.411232,1.84174,2.7638,-2.98617,0.968434,-0.0613786,0.16054,-0.180196
0,-0.593516,0.593516,-0.411232,0.411232,1.83398,2.76518,-2.98868,0.968557,-0.0610806,0.159567,-0.180162
0,-0.593516,0.593516,-0.411232,0.411232,1.82621,2.76657,-2.99119,0.96868,-0.0607827,0.158594,-0.180128
0,-0.593516,0.593516,-0.411232,0.411232,1.81845,2.76796,-2.99371,0.968803,-0.0604848,0.157621,-0.180093
0,-0.593516,0.593516,-0.411232,0.411232,1.81068,2.76935,-2.99622,0.968926,-0.0601871,0.156648,-0.180059
0,-0.593516,0.593516,-0.411232,0.411232,1.80292,2.77074,-2.99874,0.969049,-0.0598894,0.155675,-0.180025
0,-0.593516,0.593516,-0.411232,0.411232,1.79515,2.77213,-3.00125,0.969172,-0.0595918,0.154703,-0.17999
0,-0.593516,0.593516,-0.411232,0.411232,1.78739,2.77352,-3.00377,0.969295,-0.0592942,0.153731,-0.179956
0,-0.593516,0.593516,-0.411232,0.411232,1.77962,2.7749,-3.00628,0.969418,-0.0589968,0.152759,-0.179922
0,-0.593516,0.593516,-0.411232,0.411232,1.77186,2.77629,-3.0088,0.969541,-0.0586994,0.151788,-0.179888
0,-0.593516,0.593516,-0.411232,0.411232,1.76409,2.77768,-3.01131,0.969664,-0.0584021,0.150817,-0.179854
0,-0.593516,0.593516,-0.411232,0.411232,1.75633,2.77907,-3.01383,0.969787,-0.0581049,0.149846,-0.179819
0,-0.593516,0.593516,-0.411232,0.411232,1.74856,2.78046,-3.01634,0.96991,-0.0578077,0.148875,-0.179785
0,-0.593516,0.593516,-0.411232,0.411232,1.7408,2.78185,-3.01886,0.970032,-0.0575106,0.147905,-0.179751
0,-0.593516,0.593516,-0.411232,0.411232,1.73303,2.78324,-3.02137,0.970155,-0.0572136,0.146934,-0.179717
0,-0.593516,0.593516,-0.411232,0.411232,1.72527,2.78462,-3.02389,0.970278,-0.0569167,0.145964,-0.179683
0,-0.593516,0.593516,-0.411232,0.411232,1.7175,2.78601,-3.0264,0.970401,-0.0566198,0.144995,-0.179649
0,-0.593516,0.593516,-0.411232,0.411232,1.70974,2.7874,-3.02892,0.970524,-0.0563231,0.144025,-0.179614
0,-0.593516,0.593516,-0.411232,0.411232,1.70197,2.78879,-3.03143,0.970646,-0.0560264,0.143056,-0.17958
0,-0.593516,0.593516,-0.411232,0.411232,1.69421,2.79018,-3.03395,0.970769,-0.0557297,0.142087,-0.179546
0,-0.593516,0.593516,-0.411232,0.411232,1.68644,2.79157,-3.03646,0.970892,-0.0554332,0.141118,-0.179512
0,-0.593516,0.593516,-0.411232,0.411232,1.67868,2.79296,-3.03898,0.971015,-0.0551367,0.14015,-0.179478
0,-0.593516,0.593516,-0.411232,0.411232,1.67091,2.79434,-3.04149,0.971137,-0.0548403,0.139181,-0.179444
0,-0.593516,0.593516,-0.411232,0.411232,1.66315,2.79573,-3.04401,0.97126,-0.054544,0.138213,-0.17941
0,-0.593516,0.593516,-0.411232,0.411232,1.65538,2.79712,-3.04652,0.971383,-0.0542478,0.137246,-0.179376
0,-0.593516,0.593516,-0.411232,0.411232,1.64762,2.79851,-3.04904,0.971505,-0.0539516,0.136278,-0.179342
0,-0.593516,0.593516,-0.411232,0.411232,1.63985,2.7999,-3.05155,0.971628,-0.0536555,0.135311,-0.179308
0,-0.593516,0.593516,-0.411232,0.411232,1.63209,2.80129,-3.05407,0.971751,-0.0533595,0.134344,-0.179274
0,-0.593516,0.593516,-0.411232,0.411232,1.62432,2.80268,-3.05658,0.971873,-0.0530635,0.133377,-0.17924
0,-0.593516,0.593516,-0.411232,0.411232,1.61656,2.80406,-3.0591,0.971996,-0.0527677,0.13241,-0.179206
0,-0.593516,0.593516,-0.411232,0.411232,1.60879,2.80545,-3.06161,0.972118,-0.0524719,0.131444,-0.179172
0,-0.593516,0.593516,-0.411232,0.411232,1.60103,2.80684,-3.06413,0.972241,-0.0521762,0.130478,-0.179138
0,-0.593516,0.593516,-0.411232,0.411232,1.59326,2.80823,-3.06664,0.972364,-0.0518805,0.129512,-0.179104
0,-0.593516,0.593516,-0.411232,0.411232,1.5855,2.80962,-3.06916,0.972486,-0.051585,0.128547,-0.17907
0,-0.593516,0.593516,-0.411232,0.411232,1.57773,2.81101,-3.07167,0.972609,-0.0512895,0.127581,-0.179036
0,-0.593516,0.593516,-0.411232,0.411232,1.56997,2.8124,-3.07419,0.972731,-0.0509941,0.126616,-0.179002
0,-0.593516,0.593516,-0.411232,0.411232,1.5622,2.81378,-3.0767,0.972854,-0.0506987,0.125652,-0.178968
0,-0.593516,0.593516,-0.411232,0.411232,1.55444,2.81517,-3.07922,0.972976,-0.0504035,0.124687,-0.178934
0,-0.593516,0.593516,-0.411232,0.411232,1.54667,2.81656,-3.08173,0.973099,-0.0501083,0.123723,-0.1789
0,-0.593516,0.593516,-0.411232,0.411232,1.53891,2.81795,-3.08425,0.973221,-0.0498132,0.122759,-0.178866
0,-0.593516,0.593516,-0.411232,0.411232,1.53114,2.81934,-3.08676,0.973344,-0.0495181,0.121795,-0.178832
0,-0.593516,0.593516,-0.411232,0.411232,1.52338,2.82073,-3.08928,0.973466,-0.0492232,0.120831,-0.178799
0,-0.593516,0.593516,-0.411232,0.411232,1.51561,2.82212,-3.09179,0.973588,-0.0489283,0.119868,-0.178765
0,-0.593516,0.593516,-0.411232,0.411232,1.50785,2.8235,-3.09431,0.973711,-0.0486334,0.118905,-0.178731
0,-0.593516,0.593516,-0.411232,0.411232,1.50008,2.82489,-3.09682,0.973833,-0.0483387,0.117942,-0.178697
0,-0.593516,0.593516,-0.411232,0.411232,1.49232,2.82628,-3.09934,0.973956,-0.048044,0.116979,-0.178663
0,-0.593516,0.593516,-0.411232,0.411232,1.48455,2.82767,-3.10185,0.974078,-0.0477495,0.116017,-0.17863
0,-0.593516,0.593516,-0.411232,0.411232,1.47679,2.82906,-3.10437,0.9742,-0.0474549,0.115055,-0.178596
0,-0.593516,0.593516,-0.411232,0.411232,1.46902,2.83045,-3.10688,0.974322,-0.0471605,0.114093,-0.178562
0,-0.593516,0.593516,-0.411232,0.411232,1.46126,2.83184,-3.10939,0.974445,-0.0468661,0.113131,-0.178528
0,-0.593516,0.593516,-0.411232,0.411232,1.45349,2.83322,-3.11191,0.974567,-0.0465718,0.11217,-0.178494
0,-0.593516,0.593516,-0.411232,0.411232,1.44573,2.83461,-3.11442,0.974689,-0.0462776,0.111209,-0.178461
0,-0.593516,0.593516,-0.411232,0.411232,1.43796,2.836,-3.11694,0.974812,-0.0459835,0.110248,-0.178427
0,-0.593516,0.593516,-0.411232,0.411232,1.4302,2.83739,-3.11945,0.974934,-0.0456894,0.109287,-0.178393
0,-0.593516,0.593516,-0.411232,0.411232,1.42243,2.83878,-3.12197,0.975056,-0.0453954,0.108327,-0.178359
0,-0.593516,0.593516,-0.411232,0.411232,1.41467,2.84017,-3.12448,0.975178,-0.0451015,0.107366,-0.178326
0,-0.593516,0.593516,-0.411232,0.411232,1.40691,2.84156,-3.127,0.9753,-0.0448077,0.106406,-0.178292
0,-0.593516,0.593516,-0.411232,0.411232,1.39914,2.84294,-3.12951,0.975423,-0.0445139,0.105447,-0.178258
0,-0.593516,0.593516,-0.411232,0.411232,1.39138,2.84433,-3.13203,0.975545,-0.0442202,0.104487,-0.178225
0,-0.593516,0.593516,-0.411232,0.411232,1.38361,2.84572,-3.13454,0.975667,-0.0439266,0.103528,-0.178191
0,-0.593516,0.593516,-0.411232,0.411232,1.37585,2.84711,-3.13706,0.975789,-0.043633,0.102569,-0.178157
0,-0.593516,0.593516,-0.411232,0.411232,1.36808,2.8485,-3.13957,0.975911,-0.0433396,0.10161,-0.178124
0,-0.593516,0.593516,-0.411232,0.411232,1.36032,2.84989,-3.14209,0.976033,-0.0430462,0.100652,-0.17809
0,-0.593516,0.593516,-0.411232,0.411232,1.35255,2.85127,-3.1446,0.976155,-0.0427528,0.0996936,-0.178057
0,-0.593516,0.593516,-0.411232,0.411232,1.34479,2.85266,-3.14712,0.976277,-0.0424596,0.0987356,-0.178023
0,-0.593516,0.593516,-0.411232,0.411232,1.33702,2.85405,-3.14963,0.976399,-0.0421664,0.0977778,-0.177989
0,-0.593516,0.593516,-0.411232,0.411232,1.32926,2.85544,-3.15215,0.976521,-0.0418733,0.0968203,-0.177956
0,-0.593516,0.593516,-0.411232,0.411232,1.32149,2.85683,-3.15466,0.976644,-0.0415803,0.095863,-0.177922
0,-0.593516,0.593516,-0.411232,0.411232,1.31373,2.85822,-3.15718,0.976766,-0.0412873,0.094906,-0.177889
0,-0.593516,0.593516,-0.411232,0.411232,1.30596,2.85961,-3.15969,0.976888,-0.0409944,0.0939492,-0.177855
0,-0.593516,0.593516,-0.411232,0.411232,1.2982,2.86099,-3.16221,0.97701,-0.0407016,0.0929926,-0.177822
0,-0.593516,0.593516,-0.411232,0.411232,1.29043,2.86238,-3.16472,0.977131,-0.0404089,0.0920363,-0.177788
0,-0.593516,0.593516,-0.411232,0.411232,1.28267,2.86377,-3.16724,0.977253,-0.0401162,0.0910802,-0.177755
0,-0.593516,0.593516,-0.411232,0.411232,1.2749,2.86516,-3.16975,0.977375,-0.0398237,0.0901243,-0.177721
0,-0.593516,0.593516,-0.411232,0.411232,1.26714,2.86655,-3.17227,0.977497,-0.0395311,0.0891687,-0.177688
0,-0.593516,0.593516,-0.411232,0.411232,1.25937,2.86794,-3.17478,0.977619,-0.0392387,0.0882134,-0.177654
0,-0.593516,0.593516,-0.411232,0.411232,1.25161,2.86933,-3.1773,0.977741,-0.0389463,0.0872582,-0.177621
0,-0.593516,0.593516,-0.411232,0.411232,1.24384,2.87071,-3.17981,0.977863,-0.038654,0.0863033,-0.177587
0,-0.593516,0.593516,-0.411232,0.411232,1.23608,2.8721,-3.18233,0.977985,-0.0383618,0.0853487,-0.177554
0,-0.593516,0.593516,-0.411232,0.411232,1.22831,2.87349,-3.18484,0.978107,-0.0380697,0.0843943,-0.17752
0,-0.593516,0.593516,-0.411232,0.411232,1.22055,2.87488,-3.18736,0.978228,-0.0377776,0.0834401,-0.177487
0,-0.593516,0.593516,-0.411232,0.411232,1.21278,2.87627,-3.18987,0.97835,-0.0374856,0.0824862,-0.177453
0,-0.593516,0.593516,-0.411232,0.411232,1.20502,2.87766,-3.19239,0.978472,-0.0371937,0.0815325,-0.17742
0,-0.593516,0.593516,-0.411232,0.411232,1.19725,2.87905,-3.1949,0.978594,-0.0369018,0.080579,-0.177387
0,-0.593516,0.593516,-0.411232,0.411232,1.18949,2.88043,-3.19742,0.978716,-0.0366101,0.0796258,-0.177353
0,-0.593516,0.593516,-0.411232,0.411232,1.18172,2.88182,-3.19993,0.978837,-0.0363184,0.0786729,-0.17732
0,-0.593516,0.593516,-0.411232,0.411232,1.17396,2.88321,-3.20245,0.978959,-0.0360267,0.0777201,-0.177287
0,-0.593516,0.593516,-0.411232,0.411232,1.16619,2.8846,-3.20496,0.979081,-0.0357352,0.0767676,-0.177253
0,-0.593516,0.593516,-0.411232,0.411232,1.15843,2.88599,-3.20748,0.979203,-0.0354437,0.0758154,-0.17722
0,-0.593516,0.593516,-0.411232,0.411232,1.15066,2.88738,-3.20999,0.979324,-0.0351523,0.0748633,-0.177187
0,-0.593516,0.593516,-0.411232,0.411232,1.1429,2.88877,-3.21251,0.979446,-0.0348609,0.0739115,-0.177153
0,-0.593516,0.593516,-0.411232,0.411232,1.13513,2.89015,-3.21502,0.979568,-0.0345696,0.07296,-0.17712
0,-0.593516,0.593516,-0.411232,0.411232,1.12737,2.89154,-3.21754,0.979689,-0.0342785,0.0720087,-0.177087
0,-0.593516,0.593516,-0.411232,0.411232,1.1196,2.89293,-3.22005,0.979811,-0.0339873,0.0710576,-0.177053
0,-0.593516,0.593516,-0.411232,0.411232,1.11184,2.89432,-3.22257,0.979932,-0.0336963,0.0701068,-0.17702
0,-0.593516,0.593516,-0.411232,0.411232,1.10407,2.89571,-3.22508,0.980054,-0.0334053,0.0691562,-0.176987
0,-0.593516,0.593516,-0.411232,0.411232,1.09631,2.8971,-3.22759,0.980176,-0.0331144,0.0682058,-0.176954
0,-0.593516,0.593516,-0.411232,0.411232,1.08854,2.89849,-3.23011,0.980297,-0.0328236,0.0672557,-0.17692
0,-0.593516,0.593516,-0.411232,0.411232,1.08078,2.89987,-3.23262,0.980419,-0.0325328,0.0663058,-0.176887
0,-0.593516,0.593516,-0.411232,0.411232,1.07301,2.90126,-3.23514,0.98054,-0.0322421,0.0653561,-0.176854
0,-0.593516,0.593516,-0.411232,0.411232,1.06525,2.90265,-3.23765,0.980662,-0.0319515,0.0644067,-0.176821
0,-0.593516,0.593516,-0.411232,0.411232,1.05748,2.90404,-3.24017,0.980783,-0.031661,0.0634575,-0.176788
0,-0.593516,0.593516,-0.411232,0.411232,1.04972,2.90543,-3.24268,0.980905,-0.0313705,0.0625086,-0.176754
0,-0.593516,0.593516,-0.411232,0.411232,1.04195,2.90682,-3.2452,0.981026,-0.0310801,0.0615599,-0.176721
0,-0.593516,0.593516,-0.411232,0.411232,1.03419,2.90821,-3.24771,0.981148,-0.0307898,0.0606114,-0.176688
0,-0.593516,0.593516,-0.411232,0.411232,1.02642,2.90959,-3.25023,0.981269,-0.0304995,0.0596632,-0.176655
0,-0.593516,0.593516,-0.411232,0.411232,1.01866,2.91098,-3.25274,0.981391,-0.0302094,0.0587152,-0.176622
0,-0.593516,0.593516,-0.411232,0.411232,1.01089,2.91237,-3.25526,0.981512,-0.0299193,0.0577674,-0.176589
0,-0.593516,0.593516,-0.411232,0.411232,1.00313,2.91376,-3.25777,0.981633,-0.0296292,0.0568199,-0.176556
0,-0.593516,0.593516,-0.411232,0.411232,0.995362,2.91515,-3.26029,0.981755,-0.0293393,0.0558726,-0.176522
0,-0.593516,0.593516,-0.411232,0.411232,0.987597,2.91654,-3.2628,0.981876,-0.0290494,0.0549255,-0.176489
0,-0.593516,0.593516,-0.411232,0.411232,0.979832,2.91793,-3.26532,0.981997,-0.0287596,0.0539787,-0.176456
0,-0.593516,0.593516,-0.411232,0.411232,0.972068,2.91931,-3.26783,0.982119,-0.0284698,0.0530321,-0.176423
0,-0.593516,0.593516,-0.411232,0.411232,0.964303,2.9207,-3.27035,0.98224,-0.0281801,0.0520858,-0.17639
0,-0.593516,0.593516,-0.411232,0.411232,0.956538,2.92209,-3.27286,0.982361,-0.0278905,0.0511396,-0.176357
0,-0.593516,0.593516,-0.411232,0.411232,0.948773,2.92348,-3.27538,0.982483,-0.027601,0.0501937,-0.176324
0,-0.593516,0.593516,-0.411232,0.411232,0.941008,2.92487,-3.27789,0.982604,-0.0273115,0.0492481,-0.176291
0,-0.593516,0.593516,-0.411232,0.411232,0.933243,2.92626,-3.28041,0.982725,-0.0270222,0.0483027,-0.176258
0,-0.593516,0.593516,-0.411232,0.411232,0.925478,2.92765,-3.28292,0.982847,-0.0267328,0.0473575,-0.176225
0,-0.593516,0.593516,-0.411232,0.411232,0.925478,2.92765,-3.28292,0.982847,-0.0267328,0.0473575,-0.176225
0,-0.593516,0.593516,-0.411232,0.411232,0.918099,2.9247,-3.2854,0.982948,-0.0264425,0.0467507,-0.175559
0,-0.593516,0.593516,-0.411232,0.411232,0.910719,2.92176,-3.28788,0.98305,-0.0261522,0.0461441,-0.174893
0,-0.593516,0.593516,-0.411232,0.411232,0.90334,2.91881,-3.29036,0.983152,-0.025862,0.0455376,-0.174227
0,-0.593516,0.593516,-0.411232,0.411232,0.895961,2.91587,-3.29284,0.983253,-0.0255718,0.0449312,-0.173561
0,-0.593516,0.593516,-0.411232,0.411232,0.888582,2.91292,-3.29532,0.983355,-0.0252817,0.0443249,-0.172895
0,-0.593516,0.593516,-0.411232,0.411232,0.881202,2.90997,-3.2978,0.983457,-0.0249917,0.0437188,-0.17223
0,-0.593516,0.593516,-0.411232,0.411232,0.873823,2.90703,-3.30028,0.983558,-0.0247017,0.0431128,-0.171565
0,-0.593516,0.593516,-0.411232,0.411232,0.866444,2.90408,-3.30276,0.98366,-0.0244118,0.0425069,-0.170899
0,-0.593516,0.593516,-0.411232,0.411232,0.859065,2.90114,-3.30524,0.983762,-0.0241219,0.0419012,-0.170234
0,-0.593516,0.593516,-0.411232,0.411232,0.851685,2.89819,-3.30772,0.983863,-0.0238321,0.0412955,-0.169569
0,-0.593516,0.593516,-0.411232,0.411232,0.844306,2.89525,-3.3102,0.983965,-0.0235424,0.04069,-0.168904
0,-0.593516,0.593516,-0.411232,0.411232,0.836927,2.8923,-3.31268,0.984067,-0.0232527,0.0400847,-0.16824
0,-0.593516,0.593516,-0.411232,0.411232,0.829548,2.88936,-3.31516,0.984168,-0.0229631,0.0394794,-0.167575
0,-0.593516,0.593516,-0.411232,0.411232,0.822168,2.88641,-3.31764,0.98427,-0.0226735,0.0388743,-0.166911
0,-0.593516,0.593516,-0.411232,0.411232,0.814789,2.88347,-3.32012,0.984371,-0.022384,0.0382693,-0.166247
0,-0.593516,0.593516,-0.411232,0.411232,0.80741,2.88052,-3.3226,0.984473,-0.0220946,0.0376644,-0.165583
0,-0.593516,0.593516,-0.411232,0.411232,0.800031,2.87758,-3.32508,0.984574,-0.0218052,0.0370596,-0.164919
0,-0.593516,0.593516,-0.411232,0.411232,0.792651,2.87463,-3.32756,0.984676,-0.0215159,0.036455,-0.164255
0,-0.593516,0.593516,-0.411232,0.411232,0.785272,2.87169,-3.33004,0.984778,-0.0212266,0.0358505,-0.163591
0,-0.593516,0.593516,-0.411232,0.411232,0.777893,2.86874,-3.33252,0.984879,-0.0209374,0.0352461,-0.162927
0,-0.593516,0.593516,-0.411232,0.411232,0.770514,2.8658,-3.335,0.984981,-0.0206483,0.0346419,-0.162264
0,-0.593516,0.593516,-0.411232,0.411232,0.763134,2.86285,-3.33748,0.985082,-0.0203592,0.0340378,-0.161601
0,-0.593516,0.593516,-0.411232,0.411232,0.755755,2.85991,-3.33996,0.985184,-0.0200702,0.0334338,-0.160938
0,-0.593516,0.593516,-0.411232,0.411232,0.748376,2.85696,-3.34243,0.985285,-0.0197812,0.0328299,-0.160275
0,-0.593516,0.593516,-0.411232,0.411232,0.740997,2.85402,-3.34491,0.985387,-0.0194923,0.0322261,-0.159612
0,-0.593516,0.593516,-0.411232,0.411232,0.733617,2.85107,-3.34739,0.985488,-0.0192035,0.0316225,-0.158949
0,-0.593516,0.593516,-0.411232,0.411232,0.726238,2.84813,-3.34987,0.985589,-0.0189147,0.031019,-0.158286
0,-0.593516,0.593516,-0.411232,0.411232,0.718859,2.84518,-3.35235,0.985691,-0.0186259,0.0304156,-0.157624
0,-0.593516,0.593516,-0.411232,0.411232,0.71148,2.84224,-3.35483,0.985792,-0.0183373,0.0298124,-0.156962
0,-0.593516,0.593516,-0.411232,0.411232,0.7041,2.83929,-3.35731,0.985894,-0.0180487,0.0292092,-0.1563
0,-0.593516,0.593516,-0.411232,0.411232,0.696721,2.83635,-3.35979,0.985995,-0.0177601,0.0286062,-0.155637
0,-0.593516,0.593516,-0.411232,0.411232,0.689342,2.8334,-3.36227,0.986097,-0.0174717,0.0280033,-0.154976
0,-0.593516,0.593516,-0.411232,0.411232,0.681963,2.83046,-3.36475,0.986198,-0.0171832,0.0274006,-0.154314
0,-0.593516,0.593516,-0.411232,0.411232,0.674583,2.82751,-3.36723,0.986299,-0.0168949,0.026798,-0.153652
0,-0.593516,0.593516,-0.411232,0.411232,0.667204,2.82457,-3.36971,0.986401,-0.0166066,0.0261954,-0.152991
0,-0.593516,0.593516,-0.411232,0.411232,0.659825,2.82162,-3.37219,0.986502,-0.0163183,0.0255931,-0.152329
0,-0.593516,0.593516,-0.411232,0.411232,0.652446,2.81868,-3.37467,0.986603,-0.0160301,0.0249908,-0.151668
0,-0.593516,0.593516,-0.411232,0.411232,0.645066,2.81573,-3.37715,0.986705,-0.015742,0.0243887,-0.151007
0,-0.593516,0.593516,-0.411232,0.411232,0.637687,2.81278,-3.37963,0.986806,-0.0154539,0.0237866,-0.150346
0,-0.593516,0.593516,-0.411232,0.411232,0.630308,2.80984,-3.38211,0.986907,-0.0151659,0.0231848,-0.149685
0,-0.593516,0.593516,-0.411232,0.411232,0.622929,2.80689,-3.38459,0.987009,-0.014878,0.022583,-0.149025
0,-0.593516,0.593516,-0.411232,0.411232,0.615549,2.80395,-3.38707,0.98711,-0.0145901,0.0219814,-0.148364
0,-0.593516,0.593516,-0.411232,0.411232,0.60817,2.801,-3.38955,0.987211,-0.0143022,0.0213798,-0.147704
0,-0.593516,0.593516,-0.411232,0.411232,0.600791,2.79806,-3.39203,0.987313,-0.0140145,0.0207784,-0.147043
0,-0.593516,0.593516,-0.411232,0.411232,0.593412,2.79511,-3.39451,0.987414,-0.0137267,0.0201772,-0.146383
0,-0.593516,0.593516,-0.411232,0.411232,0.586032,2.79217,-3.39699,0.987515,-0.0134391,0.019576,-0.145723
0,-0.593516,0.593516,-0.411232,0.411232,0.578653,2.78922,-3.39947,0.987616,-0.0131515,0.018975,-0.145064
0,-0.593516,0.593516,-0.411232,0.411232,0.571274,2.78628,-3.40195,0.987718,-0.012864,0.0183741,-0.144404
0,-0.593516,0.593516,-0.411232,0.411232,0.563895,2.78333,-3.40443,0.987819,-0.0125765,0.0177733,-0.143744
0,-0.593516,0.593516,-0.411232,0.411232,0.556515,2.78039,-3.40691,0.98792,-0.0122891,0.0171727,-0.143085
0,-0.593516,0.593516,-0.411232,0.411232,0.549136,2.77744,-3.40939,0.988021,-0.0120017,0.0165721,-0.142426
0,-0.593516,0.593516,-0.411232,0.411232,0.541757,2.7745,-3.41187,0.988122,-0.0117144,0.0159717,-0.141766
0,-0.593516,0.593516,-0.411232,0.411232,0.534378,2.77155,-3.41435,0.988224,-0.0114272,0.0153715,-0.141107
0,-0.593516,0.593516,-0.411232,0.411232,0.526998,2.76861,-3.41682,0.988325,-0.01114,0.0147713,-0.140448
0,-0.593516,0.593516,-0.411232,0.411232,0.519619,2.76566,-3.4193,0.988426,-0.0108529,0.0141713,-0.13979
0,-0.593516,0.593516,-0.411232,0.411232,0.51224,2.76272,-3.42178,0.988527,-0.0105658,0.0135713,-0.139131
0,-0.593516,0.593516,-0.411232,0.411232,0.504861,2.75977,-3.42426,0.988628,-0.0102788,0.0129715,-0.138473
0,-0.593516,0.593516,-0.411232,0.411232,0.497481,2.75683,-3.42674,0.988729,-0.00999184,0.0123719,-0.137814
0,-0.593516,0.593516,-0.411232,0.411232,0.490102,2.75388,-3.42922,0.98883,-0.00970495,0.0117723,-0.137156
0,-0.593516,0.593516,-0.411232,0.411232,0.482723,2.75094,-3.4317,0.988932,-0.00941813,0.0111729,-0.136498
0,-0.593516,0.593516,-0.411232,0.411232,0.475344,2.74799,-3.43418,0.989033,-0.00913136,0.0105736,-0.13584
0,-0.593516,0.593516,-0.411232,0.411232,0.467964,2.74505,-3.43666,0.989134,-0.00884464,0.00997443,-0.135182
0,-0.593516,0.593516,-0.411232,0.411232,0.460585,2.7421,-3.43914,0.989235,-0.00855799,0.00937538,-0.134525
0,-0.593516,0.593516,-0.411232,0.411232,0.453206,2.73916,-3.44162,0.989336,-0.0082714,0.00877644,-0.133867
0,-0.593516,0.593516,-0.411232,0.411232,0.445827,2.73621,-3.4441,0.989437,-0.00798486,0.00817763,-0.13321
0,-0.593516,0.593516,-0.411232,0.411232,0.438447,2.73327,-3.44658,0.989538,-0.00769838,0.00757894,-0.132553
0,-0.593516,0.593516,-0.411232,0.411232,0.431068,2.73032,-3.44906,0.989639,-0.00741196,0.00698038,-0.131895
0,-0.593516,0.593516,-0.411232,0.411232,0.423689,2.72738,-3.45154,0.98974,-0.0071256,0.00638193,-0.131238
0,-0.593516,0.593516,-0.411232,0.411232,0.41631,2.72443,-3.45402,0.989841,-0.0068393,0.00578361,-0.130582
0,-0.593516,0.593516,-0.411232,0.411232,0.40893,2.72149,-3.4565,0.989942,-0.00655306,0.00518541,-0.129925
0,-0.593516,0.593516,-0.411232,0.411232,0.401551,2.71854,-3.45898,0.990043,-0.00626687,0.00458734,-0.129268
0,-0.593516,0.593516,-0.411232,0.411232,0.394172,2.71559,-3.46146,0.990144,-0.00598075,0.00398938,-0.128612
0,-0.593516,0.593516,-0.411232,0.411232,0.386793,2.71265,-3.46394,0.990245,-0.00569468,0.00339155,-0.127956
0,-0.593516,0.593516,-0.411232,0.411232,0.379413,2.7097,-3.46642,0.990346,-0.00540867,0.00279384,-0.127299
0,-0.593516,0.593516,-0.411232,0.411232,0.372034,2.70676,-3.4689,0.990447,-0.00512272,0.00219625,-0.126643
0,-0.593516,0.593516,-0.411232,0.411232,0.364655,2.70381,-3.47138,0.990548,-0.00483683,0.00159878,-0.125987
0,-0.593516,0.593516,-0.411232,0.411232,0.357276,2.70087,-3.47386,0.990649,-0.00455099,0.00100143,-0.125332
0,-0.593516,0.593516,-0.411232,0.411232,0.349897,2.69792,-3.47634,0.99075,-0.00426522,0.000404209,-0.124676
0,-0.593516,0.593516,-0.411232,0.411232,0.342517,2.69498,-3.47882,0.990851,-0.0039795,-0.000192893,-0.124021
0,-0.593516,0.593516,-0.411232,0.411232,0.335138,2.69203,-3.4813,0.990952,-0.00369384,-0.000789874,-0.123365
0,-0.593516,0.593516,-0.411232,0.411232,0.327759,2.68909,-3.48378,0.991052,-0.00340824,-0.00138673,-0.12271
0,-0.593516,0.593516,-0.411232,0.411232,0.32038,2.68614,-3.48626,0.991153,-0.00312269,-0.00198347,-0.122055
0,-0.593516,0.593516,-0.411232,0.411232,0.313,2.6832,-3.48874,0.991254,-0.00283721,-0.00258009,-0.1214
0,-0.593516,0.593516,-0.411232,0.411232,0.305621,2.68025,-3.49121,0.991355,-0.00255178,-0.00317658,-0.120745
0,-0.593516,0.593516,-0.411232,0.411232,0.298242,2.67731,-3.49369,0.991456,-0.00226641,-0.00377296,-0.12009
0,-0.593516,0.593516,-0.411232,0.411232,0.290863,2.67436,-3.49617,0.991557,-0.0019811,-0.00436921,-0.119436
0,-0.593516,0.593516,-0.411232,0.411232,0.283483,2.67142,-3.49865,0.991658,-0.00169585,-0.00496534,-0.118781
0,-0.593516,0.593516,-0.411232,0.411232,0.276104,2.66847,-3.50113,0.991758,-0.00141065,-0.00556135,-0.118127
0,-0.593516,0.593516,-0.411232,0.411232,0.268725,2.66553,-3.50361,0.991859,-0.00112552,-0.00615724,-0.117473
0,-0.593516,0.593516,-0.411232,0.411232,0.261346,2.66258,-3.50609,0.99196,-0.000840439,-0.00675301,-0.116819
0,-0.593516,0.593516,-0.411232,0.411232,0.253966,2.65964,-3.50857,0.992061,-0.000555418,-0.00734865,-0.116165
0,-0.593516,0.593516,-0.411232,0.411232,0.246587,2.65669,-3.51105,0.992162,-0.000270455,-0.00794418,-0.115511
0,-0.593516,0.593516,-0.411232,0.411232,0.239208,2.65375,-3.51353,0.992262,1.44502e-05,-0.00853958,-0.114858
0,-0.593516,0.593516,-0.411232,0.411232,0.231829,2.6508,-3.51601,0.992363,0.000299297,-0.00913487,-0.114204
0,-0.593516,0.593516,-0.411232,0.411232,0.224449,2.64786,-3.51849,0.992464,0.000584087,-0.00973003,-0.113551
0,-0.593516,0.593516,-0.411232,0.411232,0.21707,2.64491,-3.52097,0.992565,0.000868818,-0.0103251,-0.112898
0,-0.593516,0.593516,-0.411232,0.411232,0.209691,2.64197,-3.52345,0.992665,0.00115349,-0.01092,-0.112245
0,-0.593516,0.593516,-0.411232,0.411232,0.202312,2.63902,-3.52593,0.992766,0.00143811,-0.0115148,-0.111592
0,-0.593516,0.593516,-0.411232,0.411232,0.194932,2.63608,-3.52841,0.992867,0.00172267,-0.0121095,-0.110939
0,-0.593516,0.593516,-0.411232,0.411232,0.187553,2.63313,-3.53089,0.992967,0.00200717,-0.012704,-0.110286
0,-0.593516,0.593516,-0.411232,0.411232,0.180174,2.63019,-3.53337,0.993068,0.00229161,-0.0132985,-0.109634
0,-0.593516,0.593516,-0.411232,0.411232,0.172795,2.62724,-3.53585,0.993169,0.002576,-0.0138928,-0.108981
0,-0.593516,0.593516,-0.411232,0.411232,0.165415,2.6243,-3.53833,0.993269,0.00286032,-0.014487,-0.108329
0,-0.593516,0.593516,-0.411232,0.411232,0.158036,2.62135,-3.54081,0.99337,0.00314459,-0.0150811,-0.107677
0,-0.593516,0.593516,-0.411232,0.411232,0.150657,2.6184,-3.54329,0.993471,0.00342881,-0.015675,-0.107025
0,-0.593516,0.593516,-0.411232,0.411232,0.143278,2.61546,-3.54577,0.993571,0.00371296,-0.0162689,-0.106373
0,-0.593516,0.593516,-0.411232,0.411232,0.135898,2.61251,-3.54825,0.993672,0.00399706,-0.0168626,-0.105721
0,-0.593516,0.593516,-0.411232,0.411232,0.128519,2.60957,-3.55073,0.993773,0.0042811,-0.0174562,-0.10507
0,-0.593516,0.593516,-0.411232,0.411232,0.12114,2.60662,-3.55321,0.993873,0.00456508,-0.0180497,-0.104418
0,-0.593516,0.593516,-0.411232,0.411232,0.113761,2.60368,-3.55569,0.993974,0.00484901,-0.018643,-0.103767
0,-0.593516,0.593516,-0.411232,0.411232,0.106381,2.60073,-3.55817,0.994074,0.00513287,-0.0192363,-0.103116
0,-0.593516,0.593516,-0.411232,0.411232,0.0990021,2.59779,-3.56065,0.994175,0.00541668,-0.0198294,-0.102464
0,-0.593516,0.593516,-0.411232,0.411232,0.0916229,2.59484,-3.56313,0.994276,0.00570044,-0.0204224,-0.101813
0,-0.593516,0.593516,-0.411232,0.411232,0.0842436,2.5919,-3.56561,0.994376,0.00598413,-0.0210153,-0.101163
0,-0.593516,0.593516,-0.411232,0.411232,0.0768644,2.58895,-3.56808,0.994477,0.00626777,-0.021608,-0.100512
0,-0.593516,0.593516,-0.411232,0.411232,0.0694851,2.58601,-3.57056,0.994577,0.00655135,-0.0222007,-0.0998615
0,-0.593516,0.593516,-0.411232,0.411232,0.0621059,2.58306,-3.57304,0.994678,0.00683488,-0.0227932,-0.099211
0,-0.593516,0.593516,-0.411232,0.411232,0.0547266,2.58012,-3.57552,0.994778,0.00711834,-0.0233856,-0.0985608
0,-0.593516,0.593516,-0.411232,0.411232,0.0473474,2.57717,-3.578,0.994879,0.00740175,-0.0239779,-0.0979106
0,-0.593516,0.593516,-0.411232,0.411232,0.0473474,2.57717,-3.578,0.994879,0.00740175,-0.0239779,-0.0979106
0,-0.593516,0.593516,-0.411232,0.411232,0.0406368,2.57663,-3.57639,0.994809,0.00774755,-0.024813,-0.0978781
0,-0.593516,0.593516,-0.411232,0.411232,0.0339261,2.57609,-3.57479,0.99474,0.0080934,-0.0256483,-0.0978455
0,-0.593516,0.593516,-0.411232,0.411232,0.0272155,2.57555,-3.57318,0.994671,0.0084393,-0.0264837,-0.097813
0,-0.593516,0.593516,-0.411232,0.411232,0.0205049,2.575,-3.57157,0.994601,0.00878524,-0.0273192,-0.0977805
0,-0.593516,0.593516,-0.411232,0.411232,0.0137943,2.57446,-3.56996,0.994532,0.00913124,-0.0281548,-0.0977479
0,-0.593516,0.593516,-0.411232,0.411232,0.00708365,2.57392,-3.56835,0.994462,0.00947728,-0.0289905,-0.0977154
0,-0.593516,0.593516,-0.411232,0.411232,0.000373027,2.57338,-3.56674,0.994393,0.00982337,-0.0298263,-0.0976828
0,-0.593516,0.593516,-0.411232,0.411232,-0.00633759,2.57283,-3.56513,0.994323,0.0101695,-0.0306623,-0.0976503
0,-0.593516,0.593516,-0.411232,0.411232,-0.0130482,2.57229,-3.56352,0.994254,0.0105157,-0.0314984,-0.0976177
0,-0.593516,0.593516,-0.411232,0.411232,-0.0197588,2.57175,-3.56192,0.994184,0.0108619,-0.0323346,-0.0975852
0,-0.593516,0.593516,-0.411232,0.411232,-0.0264695,2.57121,-3.56031,0.994115,0.0112082,-0.0331709,-0.0975526
0,-0.593516,0.593516,-0.411232,0.411232,-0.0331801,2.57066,-3.5587,0.994045,0.0115545,-0.0340073,-0.09752
0,-0.593516,0.593516,-0.411232,0.411232,-0.0398907,2.57012,-3.55709,0.993976,0.0119009,-0.0348439,-0.0974874
0,-0.593516,0.593516,-0.411232,0.411232,-0.0466013,2.56958,-3.55548,0.993907,0.0122474,-0.0356806,-0.0974549
0,-0.593516,0.593516,-0.411232,0.411232,-0.0533119,2.56904,-3.55387,0.993837,0.0125938,-0.0365173,-0.0974223
0,-0.593516,0.593516,-0.411232,0.411232,-0.0600226,2.56849,-3.55226,0.993768,0.0129404,-0.0373542,-0.0973897
0,-0.593516,0.593516,-0.411232,0.411232,-0.0667332,2.56795,-3.55065,0.993698,0.0132869,-0.0381913,-0.0973571
0,-0.593516,0.593516,-0.411232,0.411232,-0.0734438,2.56741,-3.54904,0.993629,0.0136336,-0.0390284,-0.0973245
0,-0.593516,0.593516,-0.411232,0.411232,-0.0801544,2.56687,-3.54744,0.993559,0.0139802,-0.0398657,-0.0972919
0,-0.593516,0.593516,-0.411232,0.411232,-0.0868651,2.56632,-3.54583,0.99349,0.014327,-0.040703,-0.0972593
0,-0.593516,0.593516,-0.411232,0.411232,-0.0935757,2.56578,-3.54422,0.99342,0.0146737,-0.0415405,-0.0972267
0,-0.593516,0.593516,-0.411232,0.411232,-0.100286,2.56524,-3.54261,0.993351,0.0150205,-0.0423781,-0.0971941
0,-0.593516,0.593516,-0.411232,0.411232,-0.106997,2.5647,-3.541,0.993281,0.0153674,-0.0432158,-0.0971615
0,-0.593516,0.593516,-0.411232,0.411232,-0.113708,2.56415,-3.53939,0.993211,0.0157143,-0.0440537,-0.0971289
0,-0.593516,0.593516,-0.411232,0.411232,-0.120418,2.56361,-3.53778,0.993142,0.0160613,-0.0448916,-0.0970962
0,-0.593516,0.593516,-0.411232,0.411232,-0.127129,2.56307,-3.53617,0.993072,0.0164083,-0.0457297,-0.0970636
0,-0.593516,0.593516,-0.411232,0.411232,-0.133839,2.56253,-3.53456,0.993003,0.0167554,-0.0465679,-0.097031
0,-0.593516,0.593516,-0.411232,0.411232,-0.14055,2.56198,-3.53296,0.992933,0.0171025,-0.0474062,-0.0969983
0,-0.593516,0.593516,-0.411232,0.411232,-0.147261,2.56144,-3.53135,0.992864,0.0174496,-0.0482446,-0.0969657
0,-0.593516,0.593516,-0.411232,0.411232,-0.153971,2.5609,-3.52974,0.992794,0.0177968,-0.0490832,-0.096933
0,-0.593516,0.593516,-0.411232,0.411232,-0.160682,2.56036,-3.52813,0.992725,0.0181441,-0.0499219,-0.0969004
0,-0.593516,0.593516,-0.411232,0.411232,-0.167393,2.55981,-3.52652,0.992655,0.0184914,-0.0507606,-0.0968677
0,-0.593516,0.593516,-0.411232,0.411232,-0.174103,2.55927,-3.52491,0.992585,0.0188388,-0.0515995,-0.0968351
0,-0.593516,0.593516,-0.411232,0.411232,-0.180814,2.55873,-3.5233,0.992516,0.0191862,-0.0524386,-0.0968024
0,-0.593516,0.593516,-0.411232,0.411232,-0.187524,2.55819,-3.52169,0.992446,0.0195336,-0.0532777,-0.0967698
0,-0.593516,0.593516,-0.411232,0.411232,-0.194235,2.55764,-3.52009,0.992377,0.0198811,-0.0541169,-0.0967371
0,-0.593516,0.593516,-0.411232,0.411232,-0.200946,2.5571,-3.51848,0.992307,0.0202287,-0.0549563,-0.0967044
0,-0.593516,0.593516,-0.411232,0.411232,-0.207656,2.55656,-3.51687,0.992238,0.0205762,-0.0557958,-0.0966717
0,-0.593516,0.593516,-0.411232,0.411232,-0.214367,2.55602,-3.51526,0.992168,0.0209239,-0.0566354,-0.0966391
0,-0.593516,0.593516,-0.411232,0.411232,-0.221077,2.55547,-3.51365,0.992098,0.0212716,-0.0574751,-0.0966064
0,-0.593516,0.593516,-0.411232,0.411232,-0.227788,2.55493,-3.51204,0.992029,0.0216193,-0.058315,-0.0965737
0,-0.593516,0.593516,-0.411232,0.411232,-0.234499,2.55439,-3.51043,0.991959,0.0219671,-0.0591549,-0.096541
0,-0.593516,0.593516,-0.411232,0.411232,-0.241209,2.55385,-3.50882,0.99189,0.022315,-0.059995,-0.0965083
0,-0.593516,0.593516,-0.411232,0.411232,-0.24792,2.5533,-3.50721,0.99182,0.0226629,-0.0608352,-0.0964756
0,-0.593516,0.593516,-0.411232,0.411232,-0.254631,2.55276,-3.50561,0.99175,0.0230108,-0.0616755,-0.0964429
0,-0.593516,0.593516,-0.411232,0.411232,-0.261341,2.55222,-3.504,0.991681,0.0233588,-0.062516,-0.0964102
0,-0.593516,0.593516,-0.411232,0.411232,-0.268052,2.55168,-3.50239,0.991611,0.0237068,-0.0633565,-0.0963774
0,-0.593516,0.593516,-0.411232,0.411232,-0.274762,2.55113,-3.50078,0.991541,0.0240549,-0.0641972,-0.0963447
0,-0.593516,0.593516,-0.411232,0.411232,-0.281473,2.55059,-3.49917,0.991472,0.0244031,-0.065038,-0.096312
0,-0.593516,0.593516,-0.411232,0.411232,-0.288184,2.55005,-3.49756,0.991402,0.0247512,-0.0658789,-0.0962793
0,-0.593516,0.593516,-0.411232,0.411232,-0.294894,2.54951,-3.49595,0.991332,0.0250995,-0.0667199,-0.0962466
0,-0.593516,0.593516,-0.411232,0.411232,-0.301605,2.54896,-3.49434,0.991263,0.0254478,-0.0675611,-0.0962138
0,-0.593516,0.593516,-0.411232,0.411232,-0.308316,2.54842,-3.49274,0.991193,0.0257961,-0.0684023,-0.0961811
0,-0.593516,0.593516,-0.411232,0.411232,-0.315026,2.54788,-3.49113,0.991123,0.0261445,-0.0692437,-0.0961483
0,-0.593516,0.593516,-0.411232,0.411232,-0.321737,2.54734,-3.48952,0.991054,0.0264929,-0.0700852,-0.0961156
0,-0.593516,0.593516,-0.411232,0.411232,-0.328447,2.5468,-3.48791,0.990984,0.0268414,-0.0709268,-0.0960828
0,-0.593516,0.593516,-0.411232,0.411232,-0.335158,2.54625,-3.4863,0.990914,0.0271899,-0.0717686,-0.0960501
0,-0.593516,0.593516,-0.411232,0.411232,-0.341869,2.54571,-3.48469,0.990845,0.0275385,-0.0726104,-0.0960173
0,-0.593516,0.593516,-0.411232,0.411232,-0.348579,2.54517,-3.48308,0.990775,0.0278871,-0.0734524,-0.0959846
0,-0.593516,0.593516,-0.411232,0.411232,-0.35529,2.54463,-3.48147,0.990705,0.0282358,-0.0742945,-0.0959518
0,-0.593516,0.593516,-0.411232,0.411232,-0.362001,2.54408,-3.47986,0.990636,0.0285845,-0.0751367,-0.095919
0,-0.593516,0.593516,-0.411232,0.411232,-0.368711,2.54354,-3.47826,0.990566,0.0289333,-0.0759791,-0.0958862
0,-0.593516,0.593516,-0.411232,0.411232,-0.375422,2.543,-3.47665,0.990496,0.0292821,-0.0768215,-0.0958535
0,-0.593516,0.593516,-0.411232,0.411232,-0.382132,2.54246,-3.47504,0.990426,0.029631,-0.0776641,-0.0958207
0,-0.593516,0.593516,-0.411232,0.411232,-0.388843,2.54191,-3.47343,0.990357,0.0299799,-0.0785068,-0.0957879
0,-0.593516,0.593516,-0.411232,0.411232,-0.395554,2.54137,-3.47182,0.990287,0.0303289,-0.0793496,-0.0957551
0,-0.593516,0.593516,-0.411232,0.411232,-0.402264,2.54083,-3.47021,0.990217,0.0306779,-0.0801925,-0.0957223
0,-0.593516,0.593516,-0.411232,0.411232,-0.408975,2.54029,-3.4686,0.990147,0.031027,-0.0810355,-0.0956895
0,-0.593516,0.593516,-0.411232,0.411232,-0.415686,2.53974,-3.46699,0.990078,0.0313761,-0.0818787,-0.0956567
0,-0.593516,0.593516,-0.411232,0.411232,-0.422396,2.5392,-3.46539,0.990008,0.0317253,-0.082722,-0.0956239
0,-0.593516,0.593516,-0.411232,0.411232,-0.429107,2.53866,-3.46378,0.989938,0.0320745,-0.0835654,-0.0955911
0,-0.593516,0.593516,-0.411232,0.411232,-0.435817,2.53812,-3.46217,0.989868,0.0324237,-0.0844089,-0.0955583
0,-0.593516,0.593516,-0.411232,0.411232,-0.442528,2.53757,-3.46056,0.989799,0.0327731,-0.0852526,-0.0955254
0,-0.593516,0.593516,-0.411232,0.411232,-0.449239,2.53703,-3.45895,0.989729,0.0331224,-0.0860963,-0.0954926
0,-0.593516,0.593516,-0.411232,0.411232,-0.455949,2.53649,-3.45734,0.989659,0.0334718,-0.0869402,-0.0954598
0,-0.593516,0.593516,-0.411232,0.411232,-0.46266,2.53595,-3.45573,0.989589,0.0338213,-0.0877842,-0.0954269
0,-0.593516,0.593516,-0.411232,0.411232,-0.46937,2.5354,-3.45412,0.98952,0.0341708,-0.0886283,-0.0953941
0,-0.593516,0.593516,-0.411232,0.411232,-0.476081,2.53486,-3.45251,0.98945,0.0345204,-0.0894726,-0.0953613
0,-0.593516,0.593516,-0.411232,0.411232,-0.482792,2.53432,-3.45091,0.98938,0.03487,-0.0903169,-0.0953284
0,-0.593516,0.593516,-0.411232,0.411232,-0.489502,2.53378,-3.4493,0.98931,0.0352197,-0.0911614,-0.0952956
0,-0.593516,0.593516,-0.411232,0.411232,-0.496213,2.53323,-3.44769,0.98924,0.0355694,-0.092006,-0.0952627
0,-0.593516,0.593516,-0.411232,0.411232,-0.502924,2.53269,-3.44608,0.98917,0.0359191,-0.0928507,-0.0952298
0,-0.593516,0.593516,-0.411232,0.411232,-0.509634,2.53215,-3.44447,0.989101,0.036269,-0.0936956,-0.095197
0,-0.593516,0.593516,-0.411232,0.411232,-0.516345,2.53161,-3.44286,0.989031,0.0366188,-0.0945405,-0.0951641
0,-0.593516,0.593516,-0.411232,0.411232,-0.523055,2.53106,-3.44125,0.988961,0.0369687,-0.0953856,-0.0951312
0,-0.593516,0.593516,-0.411232,0.411232,-0.529766,2.53052,-3.43964,0.988891,0.0373187,-0.0962308,-0.0950984
0,-0.593516,0.593516,-0.411232,0.411232,-0.536477,2.52998,-3.43803,0.988821,0.0376687,-0.0970761,-0.0950655
0,-0.593516,0.593516,-0.411232,0.411232,-0.543187,2.52944,-3.43643,0.988752,0.0380188,-0.0979216,-0.0950326
0,-0.593516,0.593516,-0.411232,0.411232,-0.549898,2.52889,-3.43482,0.988682,0.0383689,-0.0987671,-0.0949997
0,-0.593516,0.593516,-0.411232,0.411232,-0.556609,2.52835,-3.43321,0.988612,0.038719,-0.0996128,-0.0949668
0,-0.593516,0.593516,-0.411232,0.411232,-0.563319,2.52781,-3.4316,0.988542,0.0390692,-0.100459,-0.0949339
0,-0.593516,0.593516,-0.411232,0.411232,-0.57003,2.52727,-3.42999,0.988472,0.0394195,-0.101305,-0.094901
0,-0.593516,0.593516,-0.411232,0.411232,-0.57674,2.52672,-3.42838,0.988402,0.0397698,-0.102151,-0.0948681
0,-0.593516,0.593516,-0.411232,0.411232,-0.583451,2.52618,-3.42677,0.988332,0.0401202,-0.102997,-0.0948352
0,-0.593516,0.593516,-0.411232,0.411232,-0.590162,2.52564,-3.42516,0.988263,0.0404706,-0.103843,-0.0948023
0,-0.593516,0.593516,-0.411232,0.411232,-0.596872,2.5251,-3.42356,0.988193,0.040821,-0.104689,-0.0947694
0,-0.593516,0.593516,-0.411232,0.411232,-0.603583,2.52455,-3.42195,0.988123,0.0411715,-0.105536,-0.0947364
0,-0.593516,0.593516,-0.411232,0.411232,-0.610294,2.52401,-3.42034,0.988053,0.0415221,-0.106383,-0.0947035
0,-0.593516,0.593516,-0.411232,0.411232,-0.617004,2.52347,-3.41873,0.987983,0.0418727,-0.107229,-0.0946706
0,-0.593516,0.593516,-0.411232,0.411232,-0.623715,2.52293,-3.41712,0.987913,0.0422234,-0.108076,-0.0946377
0,-0.593516,0.593516,-0.411232,0.411232,-0.630425,2.52238,-3.41551,0.987843,0.0425741,-0.108923,-0.0946047
0,-0.593516,0.593516,-0.411232,0.411232,-0.637136,2.52184,-3.4139,0.987773,0.0429248,-0.10977,-0.0945718
0,-0.593516,0.593516,-0.411232,0.411232,-0.643847,2.5213,-3.41229,0.987703,0.0432756,-0.110618,-0.0945388
0,-0.593516,0.593516,-0.411232,0.411232,-0.650557,2.52076,-3.41068,0.987633,0.0436265,-0.111465,-0.0945059
0,-0.593516,0.593516,-0.411232,0.411232,-0.657268,2.52021,-3.40908,0.987564,0.0439774,-0.112312,-0.0944729
0,-0.593516,0.593516,-0.411232,0.411232,-0.663979,2.51967,-3.40747,0.987494,0.0443284,-0.11316,-0.09444
0,-0.593516,0.593516,-0.411232,0.411232,-0.670689,2.51913,-3.40586,0.987424,0.0446794,-0.114008,-0.094407
0,-0.593516,0.593516,-0.411232,0.411232,-0.6774,2.51859,-3.40425,0.987354,0.0450304,-0.114856,-0.094374
0,-0.593516,0.593516,-0.411232,0.411232,-0.68411,2.51805,-3.40264,0.987284,0.0453815,-0.115704,-0.0943411
0,-0.593516,0.593516,-0.411232,0.411232,-0.690821,2.5175,-3.40103,0.987214,0.0457327,-0.116552,-0.0943081
0,-0.593516,0.593516,-0.411232,0.411232,-0.697532,2.51696,-3.39942,0.987144,0.0460839,-0.1174,-0.0942751
0,-0.593516,0.593516,-0.411232,0.411232,-0.704242,2.51642,-3.39781,0.987074,0.0464351,-0.118248,-0.0942421
0,-0.593516,0.593516,-0.411232,0.411232,-0.710953,2.51588,-3.39621,0.987004,0.0467864,-0.119097,-0.0942091
0,-0.593516,0.593516,-0.411232,0.411232,-0.717663,2.51533,-3.3946,0.986934,0.0471378,-0.119945,-0.0941761
0,-0.593516,0.593516,-0.411232,0.411232,-0.724374,2.51479,-3.39299,0.986864,0.0474892,-0.120794,-0.0941431
0,-0.593516,0.593516,-0.411232,0.411232,-0.731085,2.51425,-3.39138,0.986794,0.0478407,-0.121643,-0.0941101
0,-0.593516,0.593516,-0.411232,0.411232,-0.737795,2.51371,-3.38977,0.986724,0.0481922,-0.122492,-0.0940771
0,-0.593516,0.593516,-0.411232,0.411232,-0.744506,2.51316,-3.38816,0.986654,0.0485437,-0.123341,-0.0940441
0,-0.593516,0.593516,-0.411232,0.411232,-0.751217,2.51262,-3.38655,0.986584,0.0488953,-0.12419,-0.0940111
0,-0.593516,0.593516,-0.411232,0.411232,-0.751217,2.51262,-3.38655,0.986584,0.0488953,-0.12419,-0.0940111
0,-0.593516,0.593516,-0.411232,0.411232,-0.756154,2.51174,-3.38483,0.986491,0.0489834,-0.124711,-0.0940659
0,-0.593516,0.593516,-0.411232,0.411232,-0.761092,2.51087,-3.3831,0.986397,0.0490714,-0.125232,-0.0941208
0,-0.593516,0.593516,-0.411232,0.411232,-0.766029,2.50999,-3.38137,0.986304,0.0491595,-0.125753,-0.0941756
0,-0.593516,0.593516,-0.411232,0.411232,-0.770966,2.50912,-3.37965,0.98621,0.0492476,-0.126274,-0.0942305
0,-0.593516,0.593516,-0.411232,0.411232,-0.775904,2.50824,-3.37792,0.986117,0.0493357,-0.126796,-0.0942853
0,-0.593516,0.593516,-0.411232,0.411232,-0.780841,2.50736,-3.37619,0.986023,0.0494238,-0.127317,-0.0943402
0,-0.593516,0.593516,-0.411232,0.411232,-0.785779,2.50649,-3.37447,0.98593,0.0495119,-0.127839,-0.0943951
0,-0.593516,0.593516,-0.411232,0.411232,-0.790716,2.50561,-3.37274,0.985836,0.0496001,-0.128361,-0.09445
0,-0.593516,0.593516,-0.411232,0.411232,-0.795654,2.50474,-3.37102,0.985743,0.0496882,-0.128882,-0.0945049
0,-0.593516,0.593516,-0.411232,0.411232,-0.800591,2.50386,-3.36929,0.985649,0.0497764,-0.129404,-0.0945598
0,-0.593516,0.593516,-0.411232,0.411232,-0.805529,2.50298,-3.36756,0.985556,0.0498646,-0.129926,-0.0946147
0,-0.593516,0.593516,-0.411232,0.411232,-0.810466,2.50211,-3.36584,0.985462,0.0499529,-0.130448,-0.0946697
0,-0.593516,0.593516,-0.411232,0.411232,-0.815404,2.50123,-3.36411,0.985368,0.0500411,-0.130971,-0.0947246
0,-0.593516,0.593516,-0.411232,0.411232,-0.820341,2.50035,-3.36238,0.985275,0.0501294,-0.131493,-0.0947796
0,-0.593516,0.593516,-0.411232,0.411232,-0.825279,2.49948,-3.36066,0.985181,0.0502176,-0.132015,-0.0948346
0,-0.593516,0.593516,-0.411232,0.411232,-0.830216,2.4986,-3.35893,0.985088,0.0503059,-0.132538,-0.0948896
0,-0.593516,0.593516,-0.411232,0.411232,-0.835153,2.49773,-3.35721,0.984994,0.0503942,-0.13306,-0.0949446
0,-0.593516,0.593516,-0.411232,0.411232,-0.840091,2.49685,-3.35548,0.9849,0.0504826,-0.133583,-0.0949996
0,-0.593516,0.593516,-0.411232,0.411232,-0.845028,2.49597,-3.35375,0.984807,0.0505709,-0.134106,-0.0950546
0,-0.593516,0.593516,-0.411232,0.411232,-0.849966,2.4951,-3.35203,0.984713,0.0506593,-0.134629,-0.0951096
0,-0.593516,0.593516,-0.411232,0.411232,-0.854903,2.49422,-3.3503,0.98462,0.0507476,-0.135152,-0.0951647
0,-0.593516,0.593516,-0.411232,0.411232,-0.859841,2.49335,-3.34857,0.984526,0.050836,-0.135675,-0.0952197
0,-0.593516,0.593516,-0.411232,0.411232,-0.864778,2.49247,-3.34685,0.984432,0.0509245,-0.136198,-0.0952748
0,-0.593516,0.593516,-0.411232,0.411232,-0.869716,2.49159,-3.34512,0.984339,0.0510129,-0.136721,-0.0953299
0,-0.593516,0.593516,-0.411232,0.411232,-0.874653,2.49072,-3.3434,0.984245,0.0511013,-0.137245,-0.095385
0,-0.593516,0.593516,-0.411232,0.411232,-0.879591,2.48984,-3.34167,0.984151,0.0511898,-0.137768,-0.0954401
0,-0.593516,0.593516,-0.411232,0.411232,-0.884528,2.48896,-3.33994,0.984058,0.0512783,-0.138292,-0.0954952
0,-0.593516,0.593516,-0.411232,0.411232,-0.889466,2.48809,-3.33822,0.983964,0.0513668,-0.138816,-0.0955503
0,-0.593516,0.593516,-0.411232,0.411232,-0.894403,2.48721,-3.33649,0.98387,0.0514553,-0.139339,-0.0956055
0,-0.593516,0.593516,-0.411232,0.411232,-0.899341,2.48634,-3.33476,0.983777,0.0515438,-0.139863,-0.0956606
0,-0.593516,0.593516,-0.411232,0.411232,-0.904278,2.48546,-3.33304,0.983683,0.0516324,-0.140387,-0.0957158
0,-0.593516,0.593516,-0.411232,0.411232,-0.909215,2.48458,-3.33131,0.983589,0.0517209,-0.140911,-0.0957709
0,-0.593516,0.593516,-0.411232,0.411232,-0.914153,2.48371,-3.32959,0.983495,0.0518095,-0.141436,-0.0958261
0,-0.593516,0.593516,-0.411232,0.411232,-0.91909,2.48283,-3.32786,0.983402,0.0518981,-0.14196,-0.0958813
0,-0.593516,0.593516,-0.411232,0.411232,-0.924028,2.48196,-3.32613,0.983308,0.0519867,-0.142484,-0.0959365
0,-0.593516,0.593516,-0.411232,0.411232,-0.928965,2.48108,-3.32441,0.983214,0.0520754,-0.143009,-0.0959917
0,-0.593516,0.593516,-0.411232,0.411232,-0.933903,2.4802,-3.32268,0.98312,0.052164,-0.143534,-0.096047
0,-0.593516,0.593516,-0.411232,0.411232,-0.93884,2.47933,-3.32095,0.983026,0.0522527,-0.144058,-0.0961022
0,-0.593516,0.593516,-0.411232,0.411232,-0.943778,2.47845,-3.31923,0.982933,0.0523414,-0.144583,-0.0961574
0,-0.593516,0.593516,-0.411232,0.411232,-0.948715,2.47757,-3.3175,0.982839,0.0524301,-0.145108,-0.0962127
0,-0.593516,0.593516,-0.411232,0.411232,-0.953653,2.4767,-3.31577,0.982745,0.0525188,-0.145633,-0.096268
0,-0.593516,0.593516,-0.411232,0.411232,-0.95859,2.47582,-3.31405,0.982651,0.0526076,-0.146158,-0.0963233
0,-0.593516,0.593516,-0.411232,0.411232,-0.963528,2.47495,-3.31232,0.982557,0.0526963,-0.146683,-0.0963785
0,-0.593516,0.593516,-0.411232,0.411232,-0.968465,2.47407,-3.3106,0.982464,0.0527851,-0.147209,-0.0964339
0,-0.593516,0.593516,-0.411232,0.411232,-0.973403,2.47319,-3.30887,0.98237,0.0528739,-0.147734,-0.0964892
0,-0.593516,0.593516,-0.411232,0.411232,-0.97834,2.47232,-3.30714,0.982276,0.0529627,-0.14826,-0.0965445
0,-0.593516,0.593516,-0.411232,0.411232,-0.983277,2.47144,-3.30542,0.982182,0.0530515,-0.148785,-0.0965999
0,-0.593516,0.593516,-0.411232,0.411232,-0.988215,2.47057,-3.30369,0.982088,0.0531404,-0.149311,-0.0966552
0,-0.593516,0.593516,-0.411232,0.411232,-0.993152,2.46969,-3.30196,0.981994,0.0532293,-0.149837,-0.0967106
0,-0.593516,0.593516,-0.411232,0.411232,-0.99809,2.46881,-3.30024,0.9819,0.0533181,-0.150363,-0.096766
0,-0.593516,0.593516,-0.411232,0.411232,-1.00303,2.46794,-3.29851,0.981806,0.053407,-0.150889,-0.0968213
0,-0.593516,0.593516,-0.411232,0.411232,-1.00796,2.46706,-3.29679,0.981713,0.053496,-0.151415,-0.0968767
0,-0.593516,0.593516,-0.411232,0.411232,-1.0129,2.46619,-3.29506,0.981619,0.0535849,-0.151941,-0.0969322
0,-0.593516,0.593516,-0.411232,0.411232,-1.01784,2.46531,-3.29333,0.981525,0.0536738,-0.152468,-0.0969876
0,-0.593516,0.593516,-0.411232,0.411232,-1.02278,2.46443,-3.29161,0.981431,0.0537628,-0.152994,-0.097043
0,-0.593516,0.593516,-0.411232,0.411232,-1.02771,2.46356,-3.28988,0.981337,0.0538518,-0.153521,-0.0970984
0,-0.593516,0.593516,-0.411232,0.411232,-1.03265,2.46268,-3.28815,0.981243,0.0539408,-0.154047,-0.0971539
0,-0.593516,0.593516,-0.411232,0.411232,-1.03759,2.4618,-3.28643,0.981149,0.0540298,-0.154574,-0.0972094
0,-0.593516,0.593516,-0.411232,0.411232,-1.04253,2.46093,-3.2847,0.981055,0.0541189,-0.155101,-0.0972649
0,-0.593516,0.593516,-0.411232,0.411232,-1.04746,2.46005,-3.28298,0.980961,0.0542079,-0.155628,-0.0973203
0,-0.593516,0.593516,-0.411232,0.411232,-1.0524,2.45918,-3.28125,0.980867,0.054297,-0.156155,-0.0973759
0,-0.593516,0.593516,-0.411232,0.411232,-1.05734,2.4583,-3.27952,0.980773,0.0543861,-0.156682,-0.0974314
0,-0.593516,0.593516,-0.411232,0.411232,-1.06228,2.45742,-3.2778,0.980679,0.0544752,-0.157209,-0.0974869
0,-0.593516,0.593516,-0.411232,0.411232,-1.06721,2.45655,-3.27607,0.980585,0.0545643,-0.157737,-0.0975424
0,-0.593516,0.593516,-0.411232,0.411232,-1.07215,2.45567,-3.27434,0.980491,0.0546535,-0.158264,-0.097598
0,-0.593516,0.593516,-0.411232,0.411232,-1.07709,2.4548,-3.27262,0.980397,0.0547426,-0.158792,-0.0976535
0,-0.593516,0.593516,-0.411232,0.411232,-1.08203,2.45392,-3.27089,0.980303,0.0548318,-0.15932,-0.0977091
0,-0.593516,0.593516,-0.411232,0.411232,-1.08696,2.45304,-3.26917,0.980209,0.054921,-0.159847,-0.0977647
0,-0.593516,0.593516,-0.411232,0.411232,-1.0919,2.45217,-3.26744,0.980115,0.0550102,-0.160375,-0.0978203
0,-0.593516,0.593516,-0.411232,0.411232,-1.09684,2.45129,-3.26571,0.980021,0.0550994,-0.160903,-0.0978759
0,-0.593516,0.593516,-0.411232,0.411232,-1.10178,2.45041,-3.26399,0.979927,0.0551887,-0.161431,-0.0979315
0,-0.593516,0.593516,-0.411232,0.411232,-1.10671,2.44954,-3.26226,0.979832,0.055278,-0.161959,-0.0979871
0,-0.593516,0.593516,-0.411232,0.411232,-1.11165,2.44866,-3.26053,0.979738,0.0553673,-0.162488,-0.0980428
0,-0.593516,0.593516,-0.411232,0.411232,-1.11659,2.44779,-3.25881,0.979644,0.0554566,-0.163016,-0.0980984
0,-0.593516,0.593516,-0.411232,0.411232,-1.12153,2.44691,-3.25708,0.97955,0.0555459,-0.163545,-0.0981541
0,-0.593516,0.593516,-0.411232,0.411232,-1.12646,2.44603,-3.25536,0.979456,0.0556352,-0.164073,-0.0982098
0,-0.593516,0.593516,-0.411232,0.411232,-1.1314,2.44516,-3.25363,0.979362,0.0557246,-0.164602,-0.0982655
0,-0.593516,0.593516,-0.411232,0.411232,-1.13634,2.44428,-3.2519,0.979268,0.0558139,-0.165131,-0.0983212
0,-0.593516,0.593516,-0.411232,0.411232,-1.14128,2.44341,-3.25018,0.979174,0.0559033,-0.16566,-0.0983769
0,-0.593516,0.593516,-0.411232,0.411232,-1.14621,2.44253,-3.24845,0.979079,0.0559927,-0.166189,-0.0984326
0,-0.593516,0.593516,-0.411232,0.411232,-1.15115,2.44165,-3.24672,0.978985,0.0560822,-0.166718,-0.0984883
0,-0.593516,0.593516,-0.411232,0.411232,-1.15609,2.44078,-3.245,0.978891,0.0561716,-0.167247,-0.0985441
0,-0.593516,0.593516,-0.411232,0.411232,-1.16103,2.4399,-3.24327,0.978797,0.0562611,-0.167776,-0.0985998
0,-0.593516,0.593516,-0.411232,0.411232,-1.16596,2.43902,-3.24154,0.978703,0.0563506,-0.168306,-0.0986556
0,-0.593516,0.593516,-0.411232,0.411232,-1.1709,2.43815,-3.23982,0.978608,0.0564401,-0.168835,-0.0987114
0,-0.593516,0.593516,-0.411232,0.411232,-1.17584,2.43727,-3.23809,0.978514,0.0565296,-0.169365,-0.0987672
0,-0.593516,0.593516,-0.411232,0.411232,-1.18078,2.4364,-3.23637,0.97842,0.0566191,-0.169895,-0.098823
0,-0.593516,0.593516,-0.411232,0.411232,-1.18571,2.43552,-3.23464,0.978326,0.0567087,-0.170425,-0.0988788
0,-0.593516,0.593516,-0.411232,0.411232,-1.19065,2.43464,-3.23291,0.978231,0.0567982,-0.170955,-0.0989346
0,-0.593516,0.593516,-0.411232,0.411232,-1.19559,2.43377,-3.23119,0.978137,0.0568878,-0.171485,-0.0989905
0,-0.593516,0.593516,-0.411232,0.411232,-1.20053,2.43289,-3.22946,0.978043,0.0569774,-0.172015,-0.0990463
0,-0.593516,0.593516,-0.411232,0.411232,-1.20546,2.43202,-3.22773,0.977949,0.057067,-0.172545,-0.0991022
0,-0.593516,0.593516,-0.411232,0.411232,-1.2104,2.43114,-3.22601,0.977854,0.0571567,-0.173075,-0.099158
0,-0.593516,0.593516,-0.411232,0.411232,-1.21534,2.43026,-3.22428,0.97776,0.0572463,-0.173606,-0.0992139
0,-0.593516,0.593516,-0.411232,0.411232,-1.22028,2.42939,-3.22256,0.977666,0.057336,-0.174136,-0.0992698
0,-0.593516,0.593516,-0.411232,0.411232,-1.22521,2.42851,-3.22083,0.977571,0.0574257,-0.174667,-0.0993257
0,-0.593516,0.593516,-0.411232,0.411232,-1.23015,2.42763,-3.2191,0.977477,0.0575154,-0.175198,-0.0993817
0,-0.593516,0.593516,-0.411232,0.411232,-1.23509,2.42676,-3.21738,0.977383,0.0576052,-0.175729,-0.0994376
0,-0.593516,0.593516,-0.411232,0.411232,-1.24003,2.42588,-3.21565,0.977289,0.0576949,-0.17626,-0.0994935
0,-0.593516,0.593516,-0.411232,0.411232,-1.24496,2.42501,-3.21392,0.977194,0.0577847,-0.176791,-0.0995495
0,-0.593516,0.593516,-0.411232,0.411232,-1.2499,2.42413,-3.2122,0.9771,0.0578744,-0.177322,-0.0996055
0,-0.593516,0.593516,-0.411232,0.411232,-1.25484,2.42325,-3.21047,0.977005,0.0579642,-0.177853,-0.0996614
0,-0.593516,0.593516,-0.411232,0.411232,-1.25978,2.42238,-3.20875,0.976911,0.0580541,-0.178385,-0.0997174
0,-0.593516,0.593516,-0.411232,0.411232,-1.26471,2.4215,-3.20702,0.976817,0.0581439,-0.178916,-0.0997734
0,-0.593516,0.593516,-0.411232,0.411232,-1.26965,2.42063,-3.20529,0.976722,0.0582338,-0.179448,-0.0998295
0,-0.593516,0.593516,-0.411232,0.411232,-1.27459,2.41975,-3.20357,0.976628,0.0583236,-0.17998,-0.0998855
0,-0.593516,0.593516,-0.411232,0.411232,-1.27953,2.41887,-3.20184,0.976534,0.0584135,-0.180511,-0.0999415
0,-0.593516,0.593516,-0.411232,0.411232,-1.28446,2.418,-3.20011,0.976439,0.0585034,-0.181043,-0.0999976
0,-0.593516,0.593516,-0.411232,0.411232,-1.2894,2.41712,-3.19839,0.976345,0.0585934,-0.181575,-0.100054
0,-0.593516,0.593516,-0.411232,0.411232,-1.29434,2.41624,-3.19666,0.97625,0.0586833,-0.182108,-0.10011
0,-0.593516,0.593516,-0.411232,0.411232,-1.29928,2.41537,-3.19494,0.976156,0.0587733,-0.18264,-0.100166
0,-0.593516,0.593516,-0.411232,0.411232,-1.30421,2.41449,-3.19321,0.976061,0.0588632,-0.183172,-0.100222
0,-0.593516,0.593516,-0.411232,0.411232,-1.30915,2.41362,-3.19148,0.975967,0.0589532,-0.183705,-0.100278
0,-0.593516,0.593516,-0.411232,0.411232,-1.31409,2.41274,-3.18976,0.975872,0.0590433,-0.184237,-0.100334
0,-0.593516,0.593516,-0.411232,0.411232,-1.31903,2.41186,-3.18803,0.975778,0.0591333,-0.18477,-0.10039
0,-0.593516,0.593516,-0.411232,0.411232,-1.32396,2.41099,-3.1863,0.975683,0.0592233,-0.185303,-0.100446
0,-0.593516,0.593516,-0.411232,0.411232,-1.3289,2.41011,-3.18458,0.975589,0.0593134,-0.185835,-0.100503
0,-0.593516,0.593516,-0.411232,0.411232,-1.33384,2.40924,-3.18285,0.975494,0.0594035,-0.186368,-0.100559
0,-0.593516,0.593516,-0.411232,0.411232,-1.33877,2.40836,-3.18113,0.9754,0.0594936,-0.186902,-0.100615
0,-0.593516,0.593516,-0.411232,0.411232,-1.33877,2.40836,-3.18113,0.9754,0.0594936,-0.186902,-0.100615
0,-0.593516,0.593516,-0.411232,0.411232,-1.34359,2.40645,-3.17791,0.975256,0.0597751,-0.187427,-0.100628
0,-0.593516,0.593516,-0.411232,0.411232,-1.34841,2.40453,-3.1747,0.975112,0.0600567,-0.187952,-0.100641
0,-0.593516,0.593516,-0.411232,0.411232,-1.35323,2.40262,-3.17148,0.974969,0.0603384,-0.188477,-0.100653
0,-0.593516,0.593516,-0.411232,0.411232,-1.35805,2.40071,-3.16827,0.974825,0.0606202,-0.189002,-0.100666
0,-0.593516,0.593516,-0.411232,0.411232,-1.36286,2.39879,-3.16506,0.974681,0.0609021,-0.189528,-0.100679
0,-0.593516,0.593516,-0.411232,0.411232,-1.36768,2.39688,-3.16184,0.974537,0.061184,-0.190054,-0.100692
0,-0.593516,0.593516,-0.411232,0.411232,-1.3725,2.39497,-3.15863,0.974393,0.0614661,-0.19058,-0.100705
0,-0.593516,0.593516,-0.411232,0.411232,-1.37732,2.39305,-3.15541,0.974249,0.0617482,-0.191106,-0.100718
0,-0.593516,0.593516,-0.411232,0.411232,-1.38213,2.39114,-3.1522,0.974105,0.0620304,-0.191632,-0.100731
0,-0.593516,0.593516,-0.411232,0.411232,-1.38695,2.38922,-3.14899,0.973961,0.0623127,-0.192159,-0.100744
0,-0.593516,0.593516,-0.411232,0.411232,-1.39177,2.38731,-3.14577,0.973817,0.062595,-0.192685,-0.100757
0,-0.593516,0.593516,-0.411232,0.411232,-1.39659,2.3854,-3.14256,0.973673,0.0628775,-0.193212,-0.10077
0,-0.593516,0.593516,-0.411232,0.411232,-1.4014,2.38348,-3.13934,0.973529,0.06316,-0.193739,-0.100782
0,-0.593516,0.593516,-0.411232,0.411232,-1.40622,2.38157,-3.13613,0.973385,0.0634427,-0.194266,-0.100795
0,-0.593516,0.593516,-0.411232,0.411232,-1.41104,2.37966,-3.13292,0.973241,0.0637254,-0.194793,-0.100808
0,-0.593516,0.593516,-0.411232,0.411232,-1.41586,2.37774,-3.1297,0.973097,0.0640082,-0.195321,-0.100821
0,-0.593516,0.593516,-0.411232,0.411232,-1.42067,2.37583,-3.12649,0.972953,0.0642911,-0.195848,-0.100834
0,-0.593516,0.593516,-0.411232,0.411232,-1.42549,2.37392,-3.12328,0.972809,0.064574,-0.196376,-0.100847
0,-0.593516,0.593516,-0.411232,0.411232,-1.43031,2.372,-3.12006,0.972665,0.0648571,-0.196904,-0.10086
0,-0.593516,0.593516,-0.411232,0.411232,-1.43513,2.37009,-3.11685,0.972521,0.0651402,-0.197432,-0.100873
0,-0.593516,0.593516,-0.411232,0.411232,-1.43994,2.36818,-3.11363,0.972377,0.0654234,-0.19796,-0.100886
0,-0.593516,0.593516,-0.411232,0.411232,-1.44476,2.36626,-3.11042,0.972232,0.0657068,-0.198488,-0.100899
0,-0.593516,0.593516,-0.411232,0.411232,-1.44958,2.36435,-3.10721,0.972088,0.0659901,-0.199017,-0.100912
0,-0.593516,0.593516,-0.411232,0.411232,-1.4544,2.36244,-3.10399,0.971944,0.0662736,-0.199546,-0.100925
0,-0.593516,0.593516,-0.411232,0.411232,-1.45921,2.36052,-3.10078,0.9718,0.0665572,-0.200075,-0.100938
0,-0.593516,0.593516,-0.411232,0.411232,-1.46403,2.35861,-3.09756,0.971655,0.0668408,-0.200604,-0.100951
0,-0.593516,0.593516,-0.411232,0.411232,-1.46885,2.3567,-3.09435,0.971511,0.0671246,-0.201133,-0.100964
0,-0.593516,0.593516,-0.411232,0.411232,-1.47367,2.35478,-3.09114,0.971367,0.0674084,-0.201662,-0.100977
0,-0.593516,0.593516,-0.411232,0.411232,-1.47848,2.35287,-3.08792,0.971222,0.0676923,-0.202192,-0.10099
0,-0.593516,0.593516,-0.411232,0.411232,-1.4833,2.35095,-3.08471,0.971078,0.0679763,-0.202721,-0.101003
0,-0.593516,0.593516,-0.411232,0.411232,-1.48812,2.34904,-3.08149,0.970933,0.0682604,-0.203251,-0.101016
0,-0.593516,0.593516,-0.411232,0.411232,-1.49294,2.34713,-3.07828,0.970789,0.0685446,-0.203781,-0.101029
0,-0.593516,0.593516,-0.411232,0.411232,-1.49775,2.34521,-3.07507,0.970645,0.0688288,-0.204311,-0.101042
0,-0.593516,0.593516,-0.411232,0.411232,-1.50257,2.3433,-3.07185,0.9705,0.0691131,-0.204841,-0.101055
0,-0.593516,0.593516,-0.411232,0.411232,-1.50739,2.34139,-3.06864,0.970356,0.0693976,-0.205372,-0.101068
0,-0.593516,0.593516,-0.411232,0.411232,-1.51221,2.33947,-3.06543,0.970211,0.0696821,-0.205903,-0.101081
0,-0.593516,0.593516,-0.411232,0.411232,-1.51702,2.33756,-3.06221,0.970067,0.0699667,-0.206433,-0.101094
0,-0.593516,0.593516,-0.411232,0.411232,-1.52184,2.33565,-3.059,0.969922,0.0702514,-0.206964,-0.101108
0,-0.593516,0.593516,-0.411232,0.411232,-1.52666,2.33373,-3.05578,0.969778,0.0705361,-0.207495,-0.101121
0,-0.593516,0.593516,-0.411232,0.411232,-1.53148,2.33182,-3.05257,0.969633,0.070821,-0.208027,-0.101134
0,-0.593516,0.593516,-0.411232,0.411232,-1.53629,2.32991,-3.04936,0.969488,0.0711059,-0.208558,-0.101147
0,-0.593516,0.593516,-0.411232,0.411232,-1.54111,2.32799,-3.04614,0.969344,0.071391,-0.20909,-0.10116
0,-0.593516,0.593516,-0.411232,0.411232,-1.54593,2.32608,-3.04293,0.969199,0.0716761,-0.209621,-0.101173
0,-0.593516,0.593516,-0.411232,0.411232,-1.55075,2.32417,-3.03971,0.969054,0.0719613,-0.210153,-0.101186
0,-0.593516,0.593516,-0.411232,0.411232,-1.55556,2.32225,-3.0365,0.96891,0.0722466,-0.210686,-0.101199
0,-0.593516,0.593516,-0.411232,0.411232,-1.56038,2.32034,-3.03329,0.968765,0.072532,-0.211218,-0.101212
0,-0.593516,0.593516,-0.411232,0.411232,-1.5652,2.31843,-3.03007,0.96862,0.0728174,-0.21175,-0.101225
0,-0.593516,0.593516,-0.411232,0.411232,-1.57002,2.31651,-3.02686,0.968475,0.073103,-0.212283,-0.101239
0,-0.593516,0.593516,-0.411232,0.411232,-1.57483,2.3146,-3.02364,0.968331,0.0733886,-0.212816,-0.101252
0,-0.593516,0.593516,-0.411232,0.411232,-1.57965,2.31268,-3.02043,0.968186,0.0736743,-0.213348,-0.101265
0,-0.593516,0.593516,-0.411232,0.411232,-1.58447,2.31077,-3.01722,0.968041,0.0739601,-0.213882,-0.101278
0,-0.593516,0.593516,-0.411232,0.411232,-1.58929,2.30886,-3.014,0.967896,0.074246,-0.214415,-0.101291
0,-0.593516,0.593516,-0.411232,0.411232,-1.5941,2.30694,-3.01079,0.967751,0.074532,-0.214948,-0.101304
0,-0.593516,0.593516,-0.411232,0.411232,-1.59892,2.30503,-3.00758,0.967606,0.0748181,-0.215482,-0.101318
0,-0.593516,0.593516,-0.411232,0.411232,-1.60374,2.30312,-3.00436,0.967462,0.0751043,-0.216015,-0.101331
0,-0.593516,0.593516,-0.411232,0.411232,-1.60856,2.3012,-3.00115,0.967317,0.0753905,-0.216549,-0.101344
0,-0.593516,0.593516,-0.411232,0.411232,-1.61337,2.29929,-2.99793,0.967172,0.0756769,-0.217083,-0.101357
0,-0.593516,0.593516,-0.411232,0.411232,-1.61819,2.29738,-2.99472,0.967027,0.0759633,-0.217618,-0.10137
0,-0.593516,0.593516,-0.411232,0.411232,-1.62301,2.29546,-2.99151,0.966882,0.0762498,-0.218152,-0.101384
0,-0.593516,0.593516,-0.411232,0.411232,-1.62783,2.29355,-2.98829,0.966737,0.0765364,-0.218687,-0.101397
0,-0.593516,0.593516,-0.411232,0.411232,-1.63264,2.29164,-2.98508,0.966592,0.0768231,-0.219221,-0.10141
0,-0.593516,0.593516,-0.411232,0.411232,-1.63746,2.28972,-2.98186,0.966446,0.0771099,-0.219756,-0.101423
0,-0.593516,0.593516,-0.411232,0.411232,-1.64228,2.28781,-2.97865,0.966301,0.0773967,-0.220291,-0.101436
0,-0.593516,0.593516,-0.411232,0.411232,-1.6471,2.2859,-2.97544,0.966156,0.0776837,-0.220827,-0.10145
0,-0.593516,0.593516,-0.411232,0.411232,-1.65191,2.28398,-2.97222,0.966011,0.0779707,-0.221362,-0.101463
0,-0.593516,0.593516,-0.411232,0.411232,-1.65673,2.28207,-2.96901,0.965866,0.0782578,-0.221897,-0.101476
0,-0.593516,0.593516,-0.411232,0.411232,-1.66155,2.28016,-2.96579,0.965721,0.078545,-0.222433,-0.101489
0,-0.593516,0.593516,-0.411232,0.411232,-1.66637,2.27824,-2.96258,0.965576,0.0788323,-0.222969,-0.101503
0,-0.593516,0.593516,-0.411232,0.411232,-1.67118,2.27633,-2.95937,0.96543,0.0791197,-0.223505,-0.101516
0,-0.593516,0.593516,-0.411232,0.411232,-1.676,2.27441,-2.95615,0.965285,0.0794072,-0.224041,-0.101529
0,-0.593516,0.593516,-0.411232,0.411232,-1.68082,2.2725,-2.95294,0.96514,0.0796948,-0.224578,-0.101542
0,-0.593516,0.593516,-0.411232,0.411232,-1.68564,2.27059,-2.94973,0.964995,0.0799824,-0.225114,-0.101556
0,-0.593516,0.593516,-0.411232,0.411232,-1.69045,2.26867,-2.94651,0.964849,0.0802702,-0.225651,-0.101569
0,-0.593516,0.593516,-0.411232,0.411232,-1.69527,2.26676,-2.9433,0.964704,0.080558,-0.226188,-0.101582
0,-0.593516,0.593516,-0.411232,0.411232,-1.70009,2.26485,-2.94008,0.964559,0.0808459,-0.226725,-0.101596
0,-0.593516,0.593516,-0.411232,0.411232,-1.70491,2.26293,-2.93687,0.964413,0.0811339,-0.227262,-0.101609
0,-0.593516,0.593516,-0.411232,0.411232,-1.70972,2.26102,-2.93366,0.964268,0.081422,-0.2278,-0.101622
0,-0.593516,0.593516,-0.411232,0.411232,-1.71454,2.25911,-2.93044,0.964122,0.0817102,-0.228337,-0.101636
0,-0.593516,0.593516,-0.411232,0.411232,-1.71936,2.25719,-2.92723,0.963977,0.0819985,-0.228875,-0.101649
0,-0.593516,0.593516,-0.411232,0.411232,-1.72418,2.25528,-2.92401,0.963831,0.0822869,-0.229413,-0.101662
0,-0.593516,0.593516,-0.411232,0.411232,-1.72899,2.25337,-2.9208,0.963686,0.0825753,-0.229951,-0.101676
0,-0.593516,0.593516,-0.411232,0.411232,-1.73381,2.25145,-2.91759,0.96354,0.0828639,-0.230489,-0.101689
0,-0.593516,0.593516,-0.411232,0.411232,-1.73863,2.24954,-2.91437,0.963395,0.0831525,-0.231027,-0.101702
0,-0.593516,0.593516,-0.411232,0.411232,-1.74345,2.24763,-2.91116,0.963249,0.0834412,-0.231566,-0.101716
0,-0.593516,0.593516,-0.411232,0.411232,-1.74826,2.24571,-2.90794,0.963104,0.08373,-0.232105,-0.101729
0,-0.593516,0.593516,-0.411232,0.411232,-1.75308,2.2438,-2.90473,0.962958,0.0840189,-0.232644,-0.101742
0,-0.593516,0.593516,-0.411232,0.411232,-1.7579,2.24189,-2.90152,0.962813,0.0843079,-0.233183,-0.101756
0,-0.593516,0.593516,-0.411232,0.411232,-1.76272,2.23997,-2.8983,0.962667,0.084597,-0.233722,-0.101769
0,-0.593516,0.593516,-0.411232,0.411232,-1.76754,2.23806,-2.89509,0.962521,0.0848862,-0.234261,-0.101783
0,-0.593516,0.593516,-0.411232,0.411232,-1.77235,2.23614,-2.89188,0.962376,0.0851754,-0.234801,-0.101796
0,-0.593516,0.593516,-0.411232,0.411232,-1.77717,2.23423,-2.88866,0.96223,0.0854648,-0.235341,-0.101809
0,-0.593516,0.593516,-0.411232,0.411232,-1.78199,2.23232,-2.88545,0.962084,0.0857542,-0.235881,-0.101823
0,-0.593516,0.593516,-0.411232,0.411232,-1.78681,2.2304,-2.88223,0.961939,0.0860437,-0.236421,-0.101836
0,-0.593516,0.593516,-0.411232,0.411232,-1.79162,2.22849,-2.87902,0.961793,0.0863334,-0.236961,-0.10185
0,-0.593516,0.593516,-0.411232,0.411232,-1.79644,2.22658,-2.87581,0.961647,0.0866231,-0.237501,-0.101863
0,-0.593516,0.593516,-0.411232,0.411232,-1.80126,2.22466,-2.87259,0.961501,0.0869129,-0.238042,-0.101877
0,-0.593516,0.593516,-0.411232,0.411232,-1.80608,2.22275,-2.86938,0.961355,0.0872027,-0.238583,-0.10189
0,-0.593516,0.593516,-0.411232,0.411232,-1.81089,2.22084,-2.86616,0.961209,0.0874927,-0.239124,-0.101903
0,-0.593516,0.593516,-0.411232,0.411232,-1.81571,2.21892,-2.86295,0.961064,0.0877828,-0.239665,-0.101917
0,-0.593516,0.593516,-0.411232,0.411232,-1.82053,2.21701,-2.85974,0.960918,0.0880729,-0.240206,-0.10193
0,-0.593516,0.593516,-0.411232,0.411232,-1.82535,2.2151,-2.85652,0.960772,0.0883632,-0.240747,-0.101944
0,-0.593516,0.593516,-0.411232,0.411232,-1.83016,2.21318,-2.85331,0.960626,0.0886535,-0.241289,-0.101957
0,-0.593516,0.593516,-0.411232,0.411232,-1.83498,2.21127,-2.85009,0.96048,0.0889439,-0.241831,-0.101971
0,-0.593516,0.593516,-0.411232,0.411232,-1.8398,2.20936,-2.84688,0.960334,0.0892345,-0.242373,-0.101984
0,-0.593516,0.593516,-0.411232,0.411232,-1.84462,2.20744,-2.84367,0.960188,0.0895251,-0.242915,-0.101998
0,-0.593516,0.593516,-0.411232,0.411232,-1.84943,2.20553,-2.84045,0.960042,0.0898158,-0.243457,-0.102011
0,-0.593516,0.593516,-0.411232,0.411232,-1.85425,2.20362,-2.83724,0.959896,0.0901066,-0.244,-0.102025
0,-0.593516,0.593516,-0.411232,0.411232,-1.85907,2.2017,-2.83403,0.95975,0.0903974,-0.244542,-0.102038
0,-0.593516,0.593516,-0.411232,0.411232,-1.86389,2.19979,-2.83081,0.959604,0.0906884,-0.245085,-0.102052
0,-0.593516,0.593516,-0.411232,0.411232,-1.8687,2.19787,-2.8276,0.959457,0.0909795,-0.245628,-0.102065
0,-0.593516,0.593516,-0.411232,0.411232,-1.87352,2.19596,-2.82438,0.959311,0.0912706,-0.246171,-0.102079
0,-0.593516,0.593516,-0.411232,0.411232,-1.87834,2.19405,-2.82117,0.959165,0.0915619,-0.246714,-0.102092
0,-0.593516,0.593516,-0.411232,0.411232,-1.88316,2.19213,-2.81796,0.959019,0.0918532,-0.247258,-0.102106
0,-0.593516,0.593516,-0.411232,0.411232,-1.88797,2.19022,-2.81474,0.958873,0.0921446,-0.247802,-0.10212
0,-0.593516,0.593516,-0.411232,0.411232,-1.89279,2.18831,-2.81153,0.958726,0.0924361,-0.248345,-0.102133
0,-0.593516,0.593516,-0.411232,0.411232,-1.89761,2.18639,-2.80831,0.95858,0.0927277,-0.248889,-0.102147
0,-0.593516,0.593516,-0.411232,0.411232,-1.90243,2.18448,-2.8051,0.958434,0.0930194,-0.249434,-0.10216
0,-0.593516,0.593516,-0.411232,0.411232,-1.90724,2.18257,-2.80189,0.958288,0.0933112,-0.249978,-0.102174
0,-0.593516,0.593516,-0.411232,0.411232,-1.91206,2.18065,-2.79867,0.958141,0.0936031,-0.250522,-0.102187
0,-0.593516,0.593516,-0.411232,0.411232,-1.91206,2.18065,-2.79867,0.958141,0.0936031,-0.250522,-0.102187
0,-0.593516,0.593516,-0.411232,0.411232,-1.91578,2.17889,-2.79522,0.957973,0.0937936,-0.251042,-0.10209
0,-0.593516,0.593516,-0.411232,0.411232,-1.91951,2.17713,-2.79177,0.957805,0.0939841,-0.251563,-0.101993
0,-0.593516,0.593516,-0.411232,0.411232,-1.92323,2.17537,-2.78832,0.957637,0.0941747,-0.252083,-0.101895
0,-0.593516,0.593516,-0.411232,0.411232,-1.92695,2.17361,-2.78486,0.957469,0.0943654,-0.252604,-0.101798
0,-0.593516,0.593516,-0.411232,0.411232,-1.93068,2.17185,-2.78141,0.957301,0.0945561,-0.253125,-0.101701
0,-0.593516,0.593516,-0.411232,0.411232,-1.9344,2.17009,-2.77796,0.957133,0.094747,-0.253645,-0.101603
0,-0.593516,0.593516,-0.411232,0.411232,-1.93812,2.16832,-2.77451,0.956965,0.0949379,-0.254167,-0.101506
0,-0.593516,0.593516,-0.411232,0.411232,-1.94184,2.16656,-2.77105,0.956797,0.0951288,-0.254688,-0.101408
0,-0.593516,0.593516,-0.411232,0.411232,-1.94557,2.1648,-2.7676,0.956628,0.0953198,-0.25521,-0.10131
0,-0.593516,0.593516,-0.411232,0.411232,-1.94929,2.16304,-2.76415,0.95646,0.0955109,-0.255731,-0.101213
0,-0.593516,0.593516,-0.411232,0.411232,-1.95301,2.16128,-2.7607,0.956292,0.0957021,-0.256253,-0.101115
0,-0.593516,0.593516,-0.411232,0.411232,-1.95674,2.15952,-2.75724,0.956124,0.0958934,-0.256775,-0.101018
0,-0.593516,0.593516,-0.411232,0.411232,-1.96046,2.15776,-2.75379,0.955955,0.0960847,-0.257298,-0.10092
0,-0.593516,0.593516,-0.411232,0.411232,-1.96418,2.156,-2.75034,0.955787,0.096276,-0.25782,-0.100822
0,-0.593516,0.593516,-0.411232,0.411232,-1.96791,2.15424,-2.74689,0.955619,0.0964675,-0.258343,-0.100724
0,-0.593516,0.593516,-0.411232,0.411232,-1.97163,2.15247,-2.74343,0.95545,0.096659,-0.258866,-0.100627
0,-0.593516,0.593516,-0.411232,0.411232,-1.97535,2.15071,-2.73998,0.955282,0.0968506,-0.259389,-0.100529
0,-0.593516,0.593516,-0.411232,0.411232,-1.97907,2.14895,-2.73653,0.955113,0.0970423,-0.259912,-0.100431
0,-0.593516,0.593516,-0.411232,0.411232,-1.9828,2.14719,-2.73308,0.954945,0.097234,-0.260436,-0.100333
0,-0.593516,0.593516,-0.411232,0.411232,-1.98652,2.14543,-2.72962,0.954776,0.0974258,-0.260959,-0.100235
0,-0.593516,0.593516,-0.411232,0.411232,-1.99024,2.14367,-2.72617,0.954608,0.0976177,-0.261483,-0.100137
0,-0.593516,0.593516,-0.411232,0.411232,-1.99397,2.14191,-2.72272,0.954439,0.0978096,-0.262007,-0.100039
0,-0.593516,0.593516,-0.411232,0.411232,-1.99769,2.14015,-2.71927,0.95427,0.0980016,-0.262532,-0.0999413
0,-0.593516,0.593516,-0.411232,0.411232,-2.00141,2.13838,-2.71581,0.954102,0.0981937,-0.263056,-0.0998433
0,-0.593516,0.593516,-0.411232,0.411232,-2.00514,2.13662,-2.71236,0.953933,0.0983859,-0.263581,-0.0997452
0,-0.593516,0.593516,-0.411232,0.411232,-2.00886,2.13486,-2.70891,0.953764,0.0985781,-0.264105,-0.0996471
0,-0.593516,0.593516,-0.411232,0.411232,-2.01258,2.1331,-2.70545,0.953596,0.0987704,-0.264631,-0.099549
0,-0.593516,0.593516,-0.411232,0.411232,-2.0163,2.13134,-2.702,0.953427,0.0989628,-0.265156,-0.0994508
0,-0.593516,0.593516,-0.411232,0.411232,-2.02003,2.12958,-2.69855,0.953258,0.0991552,-0.265681,-0.0993526
0,-0.593516,0.593516,-0.411232,0.411232,-2.02375,2.12782,-2.6951,0.953089,0.0993477,-0.266207,-0.0992544
0,-0.593516,0.593516,-0.411232,0.411232,-2.02747,2.12606,-2.69164,0.95292,0.0995403,-0.266733,-0.0991561
0,-0.593516,0.593516,-0.411232,0.411232,-2.0312,2.1243,-2.68819,0.952751,0.099733,-0.267259,-0.0990578
0,-0.593516,0.593516,-0.411232,0.411232,-2.03492,2.12253,-2.68474,0.952583,0.0999257,-0.267785,-0.0989595
0,-0.593516,0.593516,-0.411232,0.411232,-2.03864,2.12077,-2.68129,0.952414,0.100119,-0.268311,-0.0988612
0,-0.593516,0.593516,-0.411232,0.411232,-2.04237,2.11901,-2.67783,0.952245,0.100311,-0.268838,-0.0987628
0,-0.593516,0.593516,-0.411232,0.411232,-2.04609,2.11725,-2.67438,0.952076,0.100504,-0.269365,-0.0986644
0,-0.593516,0.593516,-0.411232,0.411232,-2.04981,2.11549,-2.67093,0.951907,0.100697,-0.269892,-0.0985659
0,-0.593516,0.593516,-0.411232,0.411232,-2.05353,2.11373,-2.66748,0.951738,0.10089,-0.270419,-0.0984674
0,-0.593516,0.593516,-0.411232,0.411232,-2.05726,2.11197,-2.66402,0.951568,0.101084,-0.270946,-0.0983689
0,-0.593516,0.593516,-0.411232,0.411232,-2.06098,2.11021,-2.66057,0.951399,0.101277,-0.271474,-0.0982704
0,-0.593516,0.593516,-0.411232,0.411232,-2.0647,2.10844,-2.65712,0.95123,0.10147,-0.272001,-0.0981718
0,-0.593516,0.593516,-0.411232,0.411232,-2.06843,2.10668,-2.65367,0.951061,0.101663,-0.272529,-0.0980732
0,-0.593516,0.593516,-0.411232,0.411232,-2.07215,2.10492,-2.65021,0.950892,0.101857,-0.273057,-0.0979746
0,-0.593516,0.593516,-0.411232,0.411232,-2.07587,2.10316,-2.64676,0.950722,0.10205,-0.273586,-0.0978759
0,-0.593516,0.593516,-0.411232,0.411232,-2.0796,2.1014,-2.64331,0.950553,0.102244,-0.274114,-0.0977772
0,-0.593516,0.593516,-0.411232,0.411232,-2.08332,2.09964,-2.63986,0.950384,0.102438,-0.274643,-0.0976784
0,-0.593516,0.593516,-0.411232,0.411232,-2.08704,2.09788,-2.6364,0.950215,0.102631,-0.275172,-0.0975797
0,-0.593516,0.593516,-0.411232,0.411232,-2.09076,2.09612,-2.63295,0.950045,0.102825,-0.275701,-0.0974809
0,-0.593516,0.593516,-0.411232,0.411232,-2.09449,2.09436,-2.6295,0.949876,0.103019,-0.276231,-0.097382
0,-0.593516,0.593516,-0.411232,0.411232,-2.09821,2.09259,-2.62605,0.949706,0.103213,-0.27676,-0.0972832
0,-0.593516,0.593516,-0.411232,0.411232,-2.10193,2.09083,-2.62259,0.949537,0.103407,-0.27729,-0.0971843
0,-0.593516,0.593516,-0.411232,0.411232,-2.10566,2.08907,-2.61914,0.949367,0.103601,-0.27782,-0.0970854
0,-0.593516,0.593516,-0.411232,0.411232,-2.10938,2.08731,-2.61569,0.949198,0.103795,-0.27835,-0.0969864
0,-0.593516,0.593516,-0.411232,0.411232,-2.1131,2.08555,-2.61224,0.949028,0.10399,-0.27888,-0.0968874
0,-0.593516,0.593516,-0.411232,0.411232,-2.11683,2.08379,-2.60878,0.948859,0.104184,-0.279411,-0.0967884
0,-0.593516,0.593516,-0.411232,0.411232,-2.12055,2.08203,-2.60533,0.948689,0.104378,-0.279941,-0.0966893
0,-0.593516,0.593516,-0.411232,0.411232,-2.12427,2.08027,-2.60188,0.948519,0.104573,-0.280472,-0.0965902
0,-0.593516,0.593516,-0.411232,0.411232,-2.12799,2.0785,-2.59843,0.94835,0.104767,-0.281003,-0.0964911
0,-0.593516,0.593516,-0.411232,0.411232,-2.13172,2.07674,-2.59497,0.94818,0.104962,-0.281535,-0.096392
0,-0.593516,0.593516,-0.411232,0.411232,-2.13544,2.07498,-2.59152,0.94801,0.105157,-0.282066,-0.0962928
0,-0.593516,0.593516,-0.411232,0.411232,-2.13916,2.07322,-2.58807,0.947841,0.105351,-0.282598,-0.0961936
0,-0.593516,0.593516,-0.411232,0.411232,-2.14289,2.07146,-2.58462,0.947671,0.105546,-0.28313,-0.0960943
0,-0.593516,0.593516,-0.411232,0.411232,-2.14661,2.0697,-2.58116,0.947501,0.105741,-0.283662,-0.095995
0,-0.593516,0.593516,-0.411232,0.411232,-2.15033,2.06794,-2.57771,0.947331,0.105936,-0.284194,-0.0958957
0,-0.593516,0.593516,-0.411232,0.411232,-2.15406,2.06618,-2.57426,0.947161,0.106131,-0.284727,-0.0957964
0,-0.593516,0.593516,-0.411232,0.411232,-2.15778,2.06442,-2.57081,0.946991,0.106326,-0.28526,-0.095697
0,-0.593516,0.593516,-0.411232,0.411232,-2.1615,2.06265,-2.56735,0.946821,0.106521,-0.285792,-0.0955976
0,-0.593516,0.593516,-0.411232,0.411232,-2.16522,2.06089,-2.5639,0.946651,0.106717,-0.286326,-0.0954981
0,-0.593516,0.593516,-0.411232,0.411232,-2.16895,2.05913,-2.56045,0.946481,0.106912,-0.286859,-0.0953986
0,-0.593516,0.593516,-0.411232,0.411232,-2.17267,2.05737,-2.557,0.946311,0.107107,-0.287392,-0.0952991
0,-0.593516,0.593516,-0.411232,0.411232,-2.17639,2.05561,-2.55354,0.946141,0.107303,-0.287926,-0.0951996
0,-0.593516,0.593516,-0.411232,0.411232,-2.18012,2.05385,-2.55009,0.945971,0.107498,-0.28846,-0.0951
0,-0.593516,0.593516,-0.411232,0.411232,-2.18384,2.05209,-2.54664,0.945801,0.107694,-0.288994,-0.0950004
0,-0.593516,0.593516,-0.411232,0.411232,-2.18756,2.05033,-2.54319,0.945631,0.10789,-0.289529,-0.0949007
0,-0.593516,0.593516,-0.411232,0.411232,-2.19129,2.04856,-2.53973,0.945461,0.108086,-0.290063,-0.0948011
0,-0.593516,0.593516,-0.411232,0.411232,-2.19501,2.0468,-2.53628,0.94529,0.108281,-0.290598,-0.0947014
0,-0.593516,0.593516,-0.411232,0.411232,-2.19873,2.04504,-2.53283,0.94512,0.108477,-0.291133,-0.0946016
0,-0.593516,0.593516,-0.411232,0.411232,-2.20245,2.04328,-2.52938,0.94495,0.108673,-0.291668,-0.0945018
0,-0.593516,0.593516,-0.411232,0.411232,-2.20618,2.04152,-2.52592,0.944779,0.108869,-0.292203,-0.094402
0,-0.593516,0.593516,-0.411232,0.411232,-2.2099,2.03976,-2.52247,0.944609,0.109066,-0.292739,-0.0943022
0,-0.593516,0.593516,-0.411232,0.411232,-2.21362,2.038,-2.51902,0.944439,0.109262,-0.293274,-0.0942023
0,-0.593516,0.593516,-0.411232,0.411232,-2.21735,2.03624,-2.51557,0.944268,0.109458,-0.29381,-0.0941024
0,-0.593516,0.593516,-0.411232,0.411232,-2.22107,2.03448,-2.51211,0.944098,0.109655,-0.294347,-0.0940025
0,-0.593516,0.593516,-0.411232,0.411232,-2.22479,2.03271,-2.50866,0.943927,0.109851,-0.294883,-0.0939025
0,-0.593516,0.593516,-0.411232,0.411232,-2.22852,2.03095,-2.50521,0.943757,0.110047,-0.295419,-0.0938025
0,-0.593516,0.593516,-0.411232,0.411232,-2.23224,2.02919,-2.50176,0.943586,0.110244,-0.295956,-0.0937025
0,-0.593516,0.593516,-0.411232,0.411232,-2.23596,2.02743,-2.4983,0.943416,0.110441,-0.296493,-0.0936024
0,-0.593516,0.593516,-0.411232,0.411232,-2.23968,2.02567,-2.49485,0.943245,0.110638,-0.29703,-0.0935023
0,-0.593516,0.593516,-0.411232,0.411232,-2.24341,2.02391,-2.4914,0.943075,0.110834,-0.297568,-0.0934021
0,-0.593516,0.593516,-0.411232,0.411232,-2.24713,2.02215,-2.48795,0.942904,0.111031,-0.298105,-0.093302
0,-0.593516,0.593516,-0.411232,0.411232,-2.25085,2.02039,-2.48449,0.942733,0.111228,-0.298643,-0.0932018
0,-0.593516,0.593516,-0.411232,0.411232,-2.25458,2.01862,-2.48104,0.942563,0.111425,-0.299181,-0.0931015
0,-0.593516,0.593516,-0.411232,0.411232,-2.2583,2.01686,-2.47759,0.942392,0.111622,-0.299719,-0.0930013
0,-0.593516,0.593516,-0.411232,0.411232,-2.26202,2.0151,-2.47414,0.942221,0.11182,-0.300258,-0.0929009
0,-0.593516,0.593516,-0.411232,0.411232,-2.26574,2.01334,-2.47068,0.94205,0.112017,-0.300796,-0.0928006
0,-0.593516,0.593516,-0.411232,0.411232,-2.26947,2.01158,-2.46723,0.941879,0.112214,-0.301335,-0.0927002
0,-0.593516,0.593516,-0.411232,0.411232,-2.27319,2.00982,-2.46378,0.941708,0.112412,-0.301874,-0.0925998
0,-0.593516,0.593516,-0.411232,0.411232,-2.27691,2.00806,-2.46033,0.941538,0.112609,-0.302413,-0.0924994
0,-0.593516,0.593516,-0.411232,0.411232,-2.28064,2.0063,-2.45687,0.941367,0.112807,-0.302953,-0.0923989
0,-0.593516,0.593516,-0.411232,0.411232,-2.28436,2.00454,-2.45342,0.941196,0.113004,-0.303492,-0.0922984
0,-0.593516,0.593516,-0.411232,0.411232,-2.28808,2.00277,-2.44997,0.941025,0.113202,-0.304032,-0.0921979
0,-0.593516,0.593516,-0.411232,0.411232,-2.29181,2.00101,-2.44652,0.940854,0.1134,-0.304572,-0.0920973
0,-0.593516,0.593516,-0.411232,0.411232,-2.29553,1.99925,-2.44306,0.940683,0.113598,-0.305112,-0.0919967
0,-0.593516,0.593516,-0.411232,0.411232,-2.29925,1.99749,-2.43961,0.940512,0.113796,-0.305653,-0.0918961
0,-0.593516,0.593516,-0.411232,0.411232,-2.30297,1.99573,-2.43616,0.94034,0.113994,-0.306194,-0.0917954
0,-0.593516,0.593516,-0.411232,0.411232,-2.3067,1.99397,-2.43271,0.940169,0.114192,-0.306734,-0.0916947
0,-0.593516,0.593516,-0.411232,0.411232,-2.31042,1.99221,-2.42925,0.939998,0.11439,-0.307275,-0.091594
0,-0.593516,0.593516,-0.411232,0.411232,-2.31414,1.99045,-2.4258,0.939827,0.114588,-0.307817,-0.0914932
0,-0.593516,0.593516,-0.411232,0.411232,-2.31787,1.98868,-2.42235,0.939656,0.114787,-0.308358,-0.0913924
0,-0.593516,0.593516,-0.411232,0.411232,-2.32159,1.98692,-2.4189,0.939484,0.114985,-0.3089,-0.0912915
0,-0.593516,0.593516,-0.411232,0.411232,-2.32531,1.98516,-2.41544,0.939313,0.115184,-0.309442,-0.0911907
0,-0.593516,0.593516,-0.411232,0.411232,-2.32904,1.9834,-2.41199,0.939142,0.115382,-0.309984,-0.0910897
0,-0.593516,0.593516,-0.411232,0.411232,-2.33276,1.98164,-2.40854,0.93897,0.115581,-0.310526,-0.0909888
0,-0.593516,0.593516,-0.411232,0.411232,-2.33648,1.97988,-2.40509,0.938799,0.115779,-0.311069,-0.0908878
0,-0.593516,0.593516,-0.411232,0.411232,-2.3402,1.97812,-2.40163,0.938627,0.115978,-0.311611,-0.0907868
0,-0.593516,0.593516,-0.411232,0.411232,-2.34393,1.97636,-2.39818,0.938456,0.116177,-0.312154,-0.0906858
0,-0.593516,0.593516,-0.411232,0.411232,-2.34765,1.97459,-2.39473,0.938284,0.116376,-0.312698,-0.0905847
0,-0.593516,0.593516,-0.411232,0.411232,-2.35137,1.97283,-2.39128,0.938113,0.116575,-0.313241,-0.0904836
0,-0.593516,0.593516,-0.411232,0.411232,-2.3551,1.97107,-2.38782,0.937941,0.116774,-0.313784,-0.0903825
0,-0.593516,0.593516,-0.411232,0.411232,-2.3551,1.97107,-2.38782,0.937941,0.116774,-0.313784,-0.0903825
0,-0.593516,0.593516,-0.411232,0.411232,-2.35838,1.9691,-2.38408,0.937699,0.117018,-0.314315,-0.0904191
0,-0.593516,0.593516,-0.411232,0.411232,-2.36167,1.96712,-2.38034,0.937457,0.117262,-0.314846,-0.0904557
0,-0.593516,0.593516,-0.411232,0.411232,-2.36496,1.96514,-2.37659,0.937215,0.117506,-0.315377,-0.0904924
0,-0.593516,0.593516,-0.411232,0.411232,-2.36825,1.96317,-2.37285,0.936973,0.117751,-0.315909,-0.0905291
0,-0.593516,0.593516,-0.411232,0.411232,-2.37154,1.96119,-2.3691,0.936731,0.117995,-0.31644,-0.0905659
0,-0.593516,0.593516,-0.411232,0.411232,-2.37483,1.95922,-2.36536,0.936489,0.11824,-0.316972,-0.0906026
0,-0.593516,0.593516,-0.411232,0.411232,-2.37811,1.95724,-2.36161,0.936246,0.118485,-0.317505,-0.0906394
0,-0.593516,0.593516,-0.411232,0.411232,-2.3814,1.95527,-2.35787,0.936004,0.118729,-0.318037,-0.0906762
0,-0.593516,0.593516,-0.411232,0.411232,-2.38469,1.95329,-2.35412,0.935762,0.118974,-0.31857,-0.090713
0,-0.593516,0.593516,-0.411232,0.411232,-2.38798,1.95131,-2.35038,0.935519,0.11922,-0.319104,-0.0907499
0,-0.593516,0.593516,-0.411232,0.411232,-2.39127,1.94934,-2.34663,0.935277,0.119465,-0.319637,-0.0907868
0,-0.593516,0.593516,-0.411232,0.411232,-2.39455,1.94736,-2.34289,0.935034,0.11971,-0.320171,-0.0908237
0,-0.593516,0.593516,-0.411232,0.411232,-2.39784,1.94539,-2.33914,0.934791,0.119956,-0.320705,-0.0908606
0,-0.593516,0.593516,-0.411232,0.411232,-2.40113,1.94341,-2.3354,0.934548,0.120202,-0.321239,-0.0908976
0,-0.593516,0.593516,-0.411232,0.411232,-2.40442,1.94143,-2.33166,0.934306,0.120447,-0.321774,-0.0909346
0,-0.593516,0.593516,-0.411232,0.411232,-2.40771,1.93946,-2.32791,0.934063,0.120693,-0.322309,-0.0909715
0,-0.593516,0.593516,-0.411232,0.411232,-2.411,1.93748,-2.32417,0.93382,0.12094,-0.322845,-0.0910086
0,-0.593516,0.593516,-0.411232,0.411232,-2.41428,1.93551,-2.32042,0.933577,0.121186,-0.32338,-0.0910456
0,-0.593516,0.593516,-0.411232,0.411232,-2.41757,1.93353,-2.31668,0.933334,0.121432,-0.323916,-0.0910827
0,-0.593516,0.593516,-0.411232,0.411232,-2.42086,1.93156,-2.31293,0.933091,0.121679,-0.324452,-0.0911198
0,-0.593516,0.593516,-0.411232,0.411232,-2.42415,1.92958,-2.30919,0.932847,0.121925,-0.324989,-0.091157
0,-0.593516,0.593516,-0.411232,0.411232,-2.42744,1.9276,-2.30544,0.932604,0.122172,-0.325526,-0.0911941
0,-0.593516,0.593516,-0.411232,0.411232,-2.43072,1.92563,-2.3017,0.932361,0.122419,-0.326063,-0.0912313
0,-0.593516,0.593516,-0.411232,0.411232,-2.43401,1.92365,-2.29795,0.932117,0.122666,-0.3266,-0.0912685
0,-0.593516,0.593516,-0.411232,0.411232,-2.4373,1.92168,-2.29421,0.931874,0.122913,-0.327138,-0.0913058
0,-0.593516,0.593516,-0.411232,0.411232,-2.44059,1.9197,-2.29046,0.93163,0.123161,-0.327676,-0.091343
0,-0.593516,0.593516,-0.411232,0.411232,-2.44388,1.91772,-2.28672,0.931387,0.123408,-0.328214,-0.0913803
0,-0.593516,0.593516,-0.411232,0.411232,-2.44717,1.91575,-2.28298,0.931143,0.123656,-0.328753,-0.0914176
0,-0.593516,0.593516,-0.411232,0.411232,-2.45045,1.91377,-2.27923,0.930899,0.123903,-0.329292,-0.091455
0,-0.593516,0.593516,-0.411232,0.411232,-2.45374,1.9118,-2.27549,0.930656,0.124151,-0.329831,-0.0914923
0,-0.593516,0.593516,-0.411232,0.411232,-2.45703,1.90982,-2.27174,0.930412,0.124399,-0.330371,-0.0915297
0,-0.593516,0.593516,-0.411232,0.411232,-2.46032,1.90784,-2.268,0.930168,0.124648,-0.330911,-0.0915671
0,-0.593516,0.593516,-0.411232,0.411232,-2.46361,1.90587,-2.26425,0.929924,0.124896,-0.331451,-0.0916046
0,-0.593516,0.593516,-0.411232,0.411232,-2.4669,1.90389,-2.26051,0.92968,0.125144,-0.331991,-0.0916421
0,-0.593516,0.593516,-0.411232,0.411232,-2.47018,1.90192,-2.25676,0.929436,0.125393,-0.332532,-0.0916796
0,-0.593516,0.593516,-0.411232,0.411232,-2.47347,1.89994,-2.25302,0.929192,0.125642,-0.333073,-0.0917171
0,-0.593516,0.593516,-0.411232,0.411232,-2.47676,1.89797,-2.24927,0.928947,0.12589,-0.333615,-0.0917546
0,-0.593516,0.593516,-0.411232,0.411232,-2.48005,1.89599,-2.24553,0.928703,0.126139,-0.334156,-0.0917922
0,-0.593516,0.593516,-0.411232,0.411232,-2.48334,1.89401,-2.24178,0.928459,0.126389,-0.334698,-0.0918298
0,-0.593516,0.593516,-0.411232,0.411232,-2.48662,1.89204,-2.23804,0.928214,0.126638,-0.335241,-0.0918674
0,-0.593516,0.593516,-0.411232,0.411232,-2.48991,1.89006,-2.2343,0.92797,0.126887,-0.335783,-0.0919051
0,-0.593516,0.593516,-0.411232,0.411232,-2.4932,1.88809,-2.23055,0.927725,0.127137,-0.336326,-0.0919428
0,-0.593516,0.593516,-0.411232,0.411232,-2.49649,1.88611,-2.22681,0.927481,0.127387,-0.33687,-0.0919805
0,-0.593516,0.593516,-0.411232,0.411232,-2.49978,1.88413,-2.22306,0.927236,0.127636,-0.337413,-0.0920182
0,-0.593516,0.593516,-0.411232,0.411232,-2.50307,1.88216,-2.21932,0.926991,0.127886,-0.337957,-0.092056
0,-0.593516,0.593516,-0.411232,0.411232,-2.50635,1.88018,-2.21557,0.926746,0.128137,-0.338501,-0.0920937
0,-0.593516,0.593516,-0.411232,0.411232,-2.50964,1.87821,-2.21183,0.926501,0.128387,-0.339046,-0.0921316
0,-0.593516,0.593516,-0.411232,0.411232,-2.51293,1.87623,-2.20808,0.926256,0.128637,-0.339591,-0.0921694
0,-0.593516,0.593516,-0.411232,0.411232,-2.51622,1.87425,-2.20434,0.926012,0.128888,-0.340136,-0.0922073
0,-0.593516,0.593516,-0.411232,0.411232,-2.51951,1.87228,-2.20059,0.925766,0.129138,-0.340681,-0.0922451
0,-0.593516,0.593516,-0.411232,0.411232,-2.52279,1.8703,-2.19685,0.925521,0.129389,-0.341227,-0.092283
0,-0.593516,0.593516,-0.411232,0.411232,-2.52608,1.86833,-2.19311,0.925276,0.12964,-0.341773,-0.092321
0,-0.593516,0.593516,-0.411232,0.411232,-2.52937,1.86635,-2.18936,0.925031,0.129891,-0.342319,-0.092359
0,-0.593516,0.593516,-0.411232,0.411232,-2.53266,1.86438,-2.18562,0.924785,0.130143,-0.342866,-0.092397
0,-0.593516,0.593516,-0.411232,0.411232,-2.53595,1.8624,-2.18187,0.92454,0.130394,-0.343413,-0.092435
0,-0.593516,0.593516,-0.411232,0.411232,-2.53924,1.86042,-2.17813,0.924295,0.130646,-0.34396,-0.092473
0,-0.593516,0.593516,-0.411232,0.411232,-2.54252,1.85845,-2.17438,0.924049,0.130897,-0.344508,-0.0925111
0,-0.593516,0.593516,-0.411232,0.411232,-2.54581,1.85647,-2.17064,0.923804,0.131149,-0.345056,-0.0925492
0,-0.593516,0.593516,-0.411232,0.411232,-2.5491,1.8545,-2.16689,0.923558,0.131401,-0.345604,-0.0925874
0,-0.593516,0.593516,-0.411232,0.411232,-2.55239,1.85252,-2.16315,0.923312,0.131653,-0.346153,-0.0926255
0,-0.593516,0.593516,-0.411232,0.411232,-2.55568,1.85054,-2.1594,0.923066,0.131905,-0.346702,-0.0926637
0,-0.593516,0.593516,-0.411232,0.411232,-2.55896,1.84857,-2.15566,0.922821,0.132158,-0.347251,-0.0927019
0,-0.593516,0.593516,-0.411232,0.411232,-2.56225,1.84659,-2.15191,0.922575,0.13241,-0.347801,-0.0927401
0,-0.593516,0.593516,-0.411232,0.411232,-2.56554,1.84462,-2.14817,0.922329,0.132663,-0.34835,-0.0927784
0,-0.593516,0.593516,-0.411232,0.411232,-2.56883,1.84264,-2.14443,0.922083,0.132916,-0.348901,-0.0928167
0,-0.593516,0.593516,-0.411232,0.411232,-2.57212,1.84066,-2.14068,0.921836,0.133169,-0.349451,-0.092855
0,-0.593516,0.593516,-0.411232,0.411232,-2.57541,1.83869,-2.13694,0.92159,0.133422,-0.350002,-0.0928934
0,-0.593516,0.593516,-0.411232,0.411232,-2.57869,1.83671,-2.13319,0.921344,0.133675,-0.350553,-0.0929317
0,-0.593516,0.593516,-0.411232,0.411232,-2.58198,1.83474,-2.12945,0.921098,0.133929,-0.351104,-0.0929701
0,-0.593516,0.593516,-0.411232,0.411232,-2.58527,1.83276,-2.1257,0.920851,0.134182,-0.351656,-0.0930086
0,-0.593516,0.593516,-0.411232,0.411232,-2.58856,1.83079,-2.12196,0.920605,0.134436,-0.352208,-0.093047
0,-0.593516,0.593516,-0.411232,0.411232,-2.59185,1.82881,-2.11821,0.920358,0.13469,-0.352761,-0.0930855
0,-0.593516,0.593516,-0.411232,0.411232,-2.59513,1.82683,-2.11447,0.920112,0.134944,-0.353313,-0.093124
0,-0.593516,0.593516,-0.411232,0.411232,-2.59842,1.82486,-2.11072,0.919865,0.135198,-0.353866,-0.0931625
0,-0.593516,0.593516,-0.411232,0.411232,-2.60171,1.82288,-2.10698,0.919618,0.135452,-0.35442,-0.0932011
0,-0.593516,0.593516,-0.411232,0.411232,-2.605,1.82091,-2.10323,0.919372,0.135707,-0.354974,-0.0932397
0,-0.593516,0.593516,-0.411232,0.411232,-2.60829,1.81893,-2.09949,0.919125,0.135961,-0.355528,-0.0932783
0,-0.593516,0.593516,-0.411232,0.411232,-2.61158,1.81695,-2.09575,0.918878,0.136216,-0.356082,-0.093317
0,-0.593516,0.593516,-0.411232,0.411232,-2.61486,1.81498,-2.092,0.918631,0.136471,-0.356637,-0.0933556
0,-0.593516,0.593516,-0.411232,0.411232,-2.61815,1.813,-2.08826,0.918384,0.136726,-0.357192,-0.0933943
0,-0.593516,0.593516,-0.411232,0.411232,-2.62144,1.81103,-2.08451,0.918137,0.136981,-0.357747,-0.0934331
0,-0.593516,0.593516,-0.411232,0.411232,-2.62473,1.80905,-2.08077,0.91789,0.137236,-0.358303,-0.0934718
0,-0.593516,0.593516,-0.411232,0.411232,-2.62802,1.80708,-2.07702,0.917642,0.137492,-0.358859,-0.0935106
0,-0.593516,0.593516,-0.411232,0.411232,-2.6313,1.8051,-2.07328,0.917395,0.137747,-0.359415,-0.0935494
0,-0.593516,0.593516,-0.411232,0.411232,-2.63459,1.80312,-2.06953,0.917148,0.138003,-0.359971,-0.0935882
0,-0.593516,0.593516,-0.411232,0.411232,-2.63788,1.80115,-2.06579,0.9169,0.138259,-0.360528,-0.0936271
0,-0.593516,0.593516,-0.411232,0.411232,-2.64117,1.79917,-2.06204,0.916653,0.138515,-0.361086,-0.093666
0,-0.593516,0.593516,-0.411232,0.411232,-2.64446,1.7972,-2.0583,0.916405,0.138771,-0.361643,-0.0937049
0,-0.593516,0.593516,-0.411232,0.411232,-2.64775,1.79522,-2.05455,0.916158,0.139028,-0.362201,-0.0937439
0,-0.593516,0.593516,-0.411232,0.411232,-2.65103,1.79324,-2.05081,0.91591,0.139284,-0.36276,-0.0937829
0,-0.593516,0.593516,-0.411232,0.411232,-2.65432,1.79127,-2.04707,0.915662,0.139541,-0.363318,-0.0938219
0,-0.593516,0.593516,-0.411232,0.411232,-2.65761,1.78929,-2.04332,0.915414,0.139798,-0.363877,-0.0938609
0,-0.593516,0.593516,-0.411232,0.411232,-2.6609,1.78732,-2.03958,0.915166,0.140055,-0.364436,-0.0939
0,-0.593516,0.593516,-0.411232,0.411232,-2.66419,1.78534,-2.03583,0.914918,0.140312,-0.364996,-0.0939391
0,-0.593516,0.593516,-0.411232,0.411232,-2.66747,1.78336,-2.03209,0.91467,0.140569,-0.365556,-0.0939782
0,-0.593516,0.593516,-0.411232,0.411232,-2.67076,1.78139,-2.02834,0.914422,0.140826,-0.366116,-0.0940173
0,-0.593516,0.593516,-0.411232,0.411232,-2.67405,1.77941,-2.0246,0.914174,0.141084,-0.366676,-0.0940565
0,-0.593516,0.593516,-0.411232,0.411232,-2.67734,1.77744,-2.02085,0.913926,0.141342,-0.367237,-0.0940957
0,-0.593516,0.593516,-0.411232,0.411232,-2.68063,1.77546,-2.01711,0.913678,0.141599,-0.367799,-0.0941349
0,-0.593516,0.593516,-0.411232,0.411232,-2.68392,1.77349,-2.01336,0.913429,0.141857,-0.36836,-0.0941742
0,-0.593516,0.593516,-0.411232,0.411232,-2.6872,1.77151,-2.00962,0.913181,0.142116,-0.368922,-0.0942135
0,-0.593516,0.593516,-0.411232,0.411232,-2.69049,1.76953,-2.00588,0.912932,0.142374,-0.369484,-0.0942528
0,-0.593516,0.593516,-0.411232,0.411232,-2.69378,1.76756,-2.00213,0.912684,0.142632,-0.370047,-0.0942922
0,-0.593516,0.593516,-0.411232,0.411232,-2.69707,1.76558,-1.99839,0.912435,0.142891,-0.37061,-0.0943315
0,-0.593516,0.593516,-0.411232,0.411232,-2.70036,1.76361,-1.99464,0.912186,0.14315,-0.371173,-0.0943709
0,-0.593516,0.593516,-0.411232,0.411232,-2.70364,1.76163,-1.9909,0.911937,0.143409,-0.371737,-0.0944104
0,-0.593516,0.593516,-0.411232,0.411232,-2.70693,1.75965,-1.98715,0.911689,0.143668,-0.372301,-0.0944498
0,-0.593516,0.593516,-0.411232,0.411232,-2.71022,1.75768,-1.98341,0.91144,0.143927,-0.372865,-0.0944893
0,-0.593516,0.593516,-0.411232,0.411232,-2.71351,1.7557,-1.97966,0.911191,0.144186,-0.373429,-0.0945288
0,-0.593516,0.593516,-0.411232,0.411232,-2.7168,1.75373,-1.97592,0.910942,0.144446,-0.373994,-0.0945684
0,-0.593516,0.593516,-0.411232,0.411232,-2.72009,1.75175,-1.97217,0.910693,0.144705,-0.374559,-0.0946079
0,-0.593516,0.593516,-0.411232,0.411232,-2.72337,1.74977,-1.96843,0.910443,0.144965,-0.375125,-0.0946475
0,-0.593516,0.593516,-0.411232,0.411232,-2.72666,1.7478,-1.96468,0.910194,0.145225,-0.375691,-0.0946872
0,-0.593516,0.593516,-0.411232,0.411232,-2.72995,1.74582,-1.96094,0.909945,0.145485,-0.376257,-0.0947268
0,-0.593516,0.593516,-0.411232,0.411232,-2.73324,1.74385,-1.9572,0.909695,0.145746,-0.376824,-0.0947665
0,-0.593516,0.593516,-0.411232,0.411232,-2.73653,1.74187,-1.95345,0.909446,0.146006,-0.377391,-0.0948062
0,-0.593516,0.593516,-0.411232,0.411232,-2.73981,1.7399,-1.94971,0.909196,0.146267,-0.377958,-0.094846
0,-0.593516,0.593516,-0.411232,0.411232,-2.7431,1.73792,-1.94596,0.908947,0.146527,-0.378526,-0.0948858
0,-0.593516,0.593516,-0.411232,0.411232,-2.74639,1.73594,-1.94222,0.908697,0.146788,-0.379094,-0.0949256
0,-0.593516,0.593516,-0.411232,0.411232,-2.74639,1.73594,-1.94222,0.908697,0.146788,-0.379094,-0.0949256
0,-0.593516,0.593516,-0.411232,0.411232,-2.74944,1.73363,-1.93795,0.908382,0.147027,-0.379662,-0.0949094
0,-0.593516,0.593516,-0.411232,0.411232,-2.75249,1.73131,-1.93369,0.908067,0.147266,-0.380232,-0.0948932
0,-0.593516,0.593516,-0.411232,0.411232,-2.75553,1.72899,-1.92942,0.907751,0.147506,-0.380802,-0.0948769
0,-0.593516,0.593516,-0.411232,0.411232,-2.75858,1.72667,-1.92515,0.907436,0.147745,-0.381372,-0.0948607
0,-0.593516,0.593516,-0.411232,0.411232,-2.76163,1.72436,-1.92089,0.90712,0.147985,-0.381943,-0.0948445
0,-0.593516,0.593516,-0.411232,0.411232,-2.76468,1.72204,-1.91662,0.906804,0.148225,-0.382514,-0.0948283
0,-0.593516,0.593516,-0.411232,0.411232,-2.76772,1.71972,-1.91236,0.906488,0.148465,-0.383085,-0.0948121
0,-0.593516,0.593516,-0.411232,0.411232,-2.77077,1.71741,-1.90809,0.906172,0.148705,-0.383657,-0.0947959
0,-0.593516,0.593516,-0.411232,0.411232,-2.77382,1.71509,-1.90383,0.905856,0.148946,-0.38423,-0.0947797
0,-0.593516,0.593516,-0.411232,0.411232,-2.77687,1.71277,-1.89956,0.90554,0.149186,-0.384803,-0.0947635
0,-0.593516,0.593516,-0.411232,0.411232,-2.77991,1.71045,-1.89529,0.905224,0.149427,-0.385376,-0.0947473
0,-0.593516,0.593516,-0.411232,0.411232,-2.78296,1.70814,-1.89103,0.904907,0.149668,-0.38595,-0.0947311
0,-0.593516,0.593516,-0.411232,0.411232,-2.78601,1.70582,-1.88676,0.904591,0.149909,-0.386524,-0.0947149
0,-0.593516,0.593516,-0.411232,0.411232,-2.78906,1.7035,-1.8825,0.904274,0.150151,-0.387099,-0.0946986
0,-0.593516,0.593516,-0.411232,0.411232,-2.7921,1.70118,-1.87823,0.903958,0.150392,-0.387674,-0.0946824
0,-0.593516,0.593516,-0.411232,0.411232,-2.79515,1.69887,-1.87397,0.903641,0.150634,-0.388249,-0.0946662
0,-0.593516,0.593516,-0.411232,0.411232,-2.7982,1.69655,-1.8697,0.903324,0.150876,-0.388825,-0.09465
0,-0.593516,0.593516,-0.411232,0.411232,-2.80124,1.69423,-1.86543,0.903007,0.151118,-0.389402,-0.0946338
0,-0.593516,0.593516,-0.411232,0.411232,-2.80429,1.69192,-1.86117,0.90269,0.151361,-0.389979,-0.0946176
0,-0.593516,0.593516,-0.411232,0.411232,-2.80734,1.6896,-1.8569,0.902372,0.151603,-0.390556,-0.0946014
0,-0.593516,0.593516,-0.411232,0.411232,-2.81039,1.68728,-1.85264,0.902055,0.151846,-0.391134,-0.0945852
0,-0.593516,0.593516,-0.411232,0.411232,-2.81343,1.68496,-1.84837,0.901737,0.152089,-0.391712,-0.094569
0,-0.593516,0.593516,-0.411232,0.411232,-2.81648,1.68265,-1.84411,0.90142,0.152332,-0.392291,-0.0945528
0,-0.593516,0.593516,-0.411232,0.411232,-2.81953,1.68033,-1.83984,0.901102,0.152575,-0.39287,-0.0945366
0,-0.593516,0.593516,-0.411232,0.411232,-2.82258,1.67801,-1.83557,0.900784,0.152819,-0.39345,-0.0945204
0,-0.593516,0.593516,-0.411232,0.411232,-2.82562,1.67569,-1.83131,0.900466,0.153062,-0.39403,-0.0945042
0,-0.593516,0.593516,-0.411232,0.411232,-2.82867,1.67338,-1.82704,0.900148,0.153306,-0.394611,-0.094488
0,-0.593516,0.593516,-0.411232,0.411232,-2.83172,1.67106,-1.82278,0.89983,0.15355,-0.395192,-0.0944718
0,-0.593516,0.593516,-0.411232,0.411232,-2.83477,1.66874,-1.81851,0.899512,0.153794,-0.395773,-0.0944556
0,-0.593516,0.593516,-0.411232,0.411232,-2.83781,1.66643,-1.81425,0.899193,0.154039,-0.396355,-0.0944394
0,-0.593516,0.593516,-0.411232,0.411232,-2.84086,1.66411,-1.80998,0.898875,0.154283,-0.396938,-0.0944232
0,-0.593516,0.593516,-0.411232,0.411232,-2.84391,1.66179,-1.80572,0.898556,0.154528,-0.397521,-0.094407
0,-0.593516,0.593516,-0.411232,0.411232,-2.84696,1.65947,-1.80145,0.898237,0.154773,-0.398104,-0.0943908
0,-0.593516,0.593516,-0.411232,0.411232,-2.85,1.65716,-1.79718,0.897918,0.155018,-0.398688,-0.0943746
0,-0.593516,0.593516,-0.411232,0.411232,-2.85305,1.65484,-1.79292,0.897599,0.155264,-0.399272,-0.0943584
0,-0.593516,0.593516,-0.411232,0.411232,-2.8561,1.65252,-1.78865,0.89728,0.155509,-0.399857,-0.0943422
0,-0.593516,0.593516,-0.411232,0.411232,-2.85915,1.6502,-1.78439,0.896961,0.155755,-0.400442,-0.094326
0,-0.593516,0.593516,-0.411232,0.411232,-2.86219,1.64789,-1.78012,0.896642,0.156001,-0.401028,-0.0943098
0,-0.593516,0.593516,-0.411232,0.411232,-2.86524,1.64557,-1.77586,0.896322,0.156247,-0.401614,-0.0942936
0,-0.593516,0.593516,-0.411232,0.411232,-2.86829,1.64325,-1.77159,0.896003,0.156494,-0.402201,-0.0942774
0,-0.593516,0.593516,-0.411232,0.411232,-2.87134,1.64094,-1.76732,0.895683,0.15674,-0.402788,-0.0942612
0,-0.593516,0.593516,-0.411232,0.411232,-2.87438,1.63862,-1.76306,0.895363,0.156987,-0.403375,-0.094245
0,-0.593516,0.593516,-0.411232,0.411232,-2.87743,1.6363,-1.75879,0.895043,0.157234,-0.403963,-0.0942288
0,-0.593516,0.593516,-0.411232,0.411232,-2.88048,1.63398,-1.75453,0.894723,0.157481,-0.404552,-0.0942126
0,-0.593516,0.593516,-0.411232,0.411232,-2.88353,1.63167,-1.75026,0.894403,0.157728,-0.405141,-0.0941964
0,-0.593516,0.593516,-0.411232,0.411232,-2.88657,1.62935,-1.746,0.894083,0.157976,-0.40573,-0.0941802
0,-0.593516,0.593516,-0.411232,0.411232,-2.88962,1.62703,-1.74173,0.893763,0.158224,-0.40632,-0.094164
0,-0.593516,0.593516,-0.411232,0.411232,-2.89267,1.62471,-1.73746,0.893442,0.158472,-0.406911,-0.0941478
0,-0.593516,0.593516,-0.411232,0.411232,-2.89572,1.6224,-1.7332,0.893122,0.15872,-0.407502,-0.0941316
0,-0.593516,0.593516,-0.411232,0.411232,-2.89876,1.62008,-1.72893,0.892801,0.158968,-0.408093,-0.0941154
0,-0.593516,0.593516,-0.411232,0.411232,-2.90181,1.61776,-1.72467,0.89248,0.159217,-0.408685,-0.0940992
0,-0.593516,0.593516,-0.411232,0.411232,-2.90486,1.61545,-1.7204,0.892159,0.159465,-0.409277,-0.0940831
0,-0.593516,0.593516,-0.411232,0.411232,-2.90791,1.61313,-1.71614,0.891838,0.159714,-0.40987,-0.0940669
0,-0.593516,0.593516,-0.411232,0.411232,-2.91095,1.61081,-1.71187,0.891517,0.159964,-0.410463,-0.0940507
0,-0.593516,0.593516,-0.411232,0.411232,-2.914,1.60849,-1.7076,0.891196,0.160213,-0.411057,-0.0940345
0,-0.593516,0.593516,-0.411232,0.411232,-2.91705,1.60618,-1.70334,0.890874,0.160462,-0.411651,-0.0940183
0,-0.593516,0.593516,-0.411232,0.411232,-2.9201,1.60386,-1.69907,0.890553,0.160712,-0.412246,-0.0940021
0,-0.593516,0.593516,-0.411232,0.411232,-2.92314,1.60154,-1.69481,0.890231,0.160962,-0.412841,-0.0939859
0,-0.593516,0.593516,-0.411232,0.411232,-2.92619,1.59922,-1.69054,0.88991,0.161212,-0.413437,-0.0939697
0,-0.593516,0.593516,-0.411232,0.411232,-2.92924,1.59691,-1.68628,0.889588,0.161463,-0.414033,-0.0939535
0,-0.593516,0.593516,-0.411232,0.411232,-2.93229,1.59459,-1.68201,0.889266,0.161713,-0.41463,-0.0939373
0,-0.593516,0.593516,-0.411232,0.411232,-2.93533,1.59227,-1.67775,0.888944,0.161964,-0.415227,-0.0939212
0,-0.593516,0.593516,-0.411232,0.411232,-2.93838,1.58996,-1.67348,0.888621,0.162215,-0.415825,-0.093905
0,-0.593516,0.593516,-0.411232,0.411232,-2.94143,1.58764,-1.66921,0.888299,0.162466,-0.416423,-0.0938888
0,-0.593516,0.593516,-0.411232,0.411232,-2.94448,1.58532,-1.66495,0.887977,0.162717,-0.417021,-0.0938726
0,-0.593516,0.593516,-0.411232,0.411232,-2.94752,1.583,-1.66068,0.887654,0.162969,-0.417621,-0.0938564
0,-0.593516,0.593516,-0.411232,0.411232,-2.95057,1.58069,-1.65642,0.887331,0.163221,-0.41822,-0.0938402
0,-0.593516,0.593516,-0.411232,0.411232,-2.95362,1.57837,-1.65215,0.887009,0.163473,-0.41882,-0.0938241
0,-0.593516,0.593516,-0.411232,0.411232,-2.95667,1.57605,-1.64789,0.886686,0.163725,-0.419421,-0.0938079
0,-0.593516,0.593516,-0.411232,0.411232,-2.95971,1.57373,-1.64362,0.886363,0.163977,-0.420022,-0.0937917
0,-0.593516,0.593516,-0.411232,0.411232,-2.96276,1.57142,-1.63935,0.88604,0.16423,-0.420624,-0.0937755
0,-0.593516,0.593516,-0.411232,0.411232,-2.96581,1.5691,-1.63509,0.885716,0.164483,-0.421226,-0.0937593
0,-0.593516,0.593516,-0.411232,0.411232,-2.96885,1.56678,-1.63082,0.885393,0.164736,-0.421828,-0.0937432
0,-0.593516,0.593516,-0.411232,0.411232,-2.9719,1.56447,-1.62656,0.885069,0.164989,-0.422431,-0.093727
0,-0.593516,0.593516,-0.411232,0.411232,-2.97495,1.56215,-1.62229,0.884746,0.165242,-0.423035,-0.0937108
0,-0.593516,0.593516,-0.411232,0.411232,-2.978,1.55983,-1.61803,0.884422,0.165496,-0.423639,-0.0936946
0,-0.593516,0.593516,-0.411232,0.411232,-2.98104,1.55751,-1.61376,0.884098,0.16575,-0.424243,-0.0936784
0,-0.593516,0.593516,-0.411232,0.411232,-2.98409,1.5552,-1.60949,0.883774,0.166004,-0.424848,-0.0936623
0,-0.593516,0.593516,-0.411232,0.411232,-2.98714,1.55288,-1.60523,0.88345,0.166258,-0.425454,-0.0936461
0,-0.593516,0.593516,-0.411232,0.411232,-2.99019,1.55056,-1.60096,0.883126,0.166512,-0.42606,-0.0936299
0,-0.593516,0.593516,-0.411232,0.411232,-2.99323,1.54824,-1.5967,0.882802,0.166767,-0.426667,-0.0936137
0,-0.593516,0.593516,-0.411232,0.411232,-2.99628,1.54593,-1.59243,0.882477,0.167022,-0.427274,-0.0935976
0,-0.593516,0.593516,-0.411232,0.411232,-2.99933,1.54361,-1.58817,0.882153,0.167277,-0.427881,-0.0935814
0,-0.593516,0.593516,-0.411232,0.411232,-3.00238,1.54129,-1.5839,0.881828,0.167532,-0.428489,-0.0935652
0,-0.593516,0.593516,-0.411232,0.411232,-3.00542,1.53898,-1.57963,0.881503,0.167788,-0.429098,-0.0935491
0,-0.593516,0.593516,-0.411232,0.411232,-3.00847,1.53666,-1.57537,0.881178,0.168044,-0.429707,-0.0935329
0,-0.593516,0.593516,-0.411232,0.411232,-3.01152,1.53434,-1.5711,0.880853,0.1683,-0.430317,-0.0935167
0,-0.593516,0.593516,-0.411232,0.411232,-3.01457,1.53202,-1.56684,0.880528,0.168556,-0.430927,-0.0935005
0,-0.593516,0.593516,-0.411232,0.411232,-3.01761,1.52971,-1.56257,0.880203,0.168812,-0.431537,-0.0934844
0,-0.593516,0.593516,-0.411232,0.411232,-3.02066,1.52739,-1.55831,0.879877,0.169069,-0.432149,-0.0934682
0,-0.593516,0.593516,-0.411232,0.411232,-3.02371,1.52507,-1.55404,0.879552,0.169325,-0.43276,-0.0934521
0,-0.593516,0.593516,-0.411232,0.411232,-3.02676,1.52275,-1.54977,0.879226,0.169582,-0.433372,-0.0934359
0,-0.593516,0.593516,-0.411232,0.411232,-3.0298,1.52044,-1.54551,0.8789,0.16984,-0.433985,-0.0934197
0,-0.593516,0.593516,-0.411232,0.411232,-3.03285,1.51812,-1.54124,0.878574,0.170097,-0.434598,-0.0934035
0,-0.593516,0.593516,-0.411232,0.411232,-3.0359,1.5158,-1.53698,0.878249,0.170355,-0.435212,-0.0933874
0,-0.593516,0.593516,-0.411232,0.411232,-3.03895,1.51349,-1.53271,0.877922,0.170613,-0.435826,-0.0933712
0,-0.593516,0.593516,-0.411232,0.411232,-3.04199,1.51117,-1.52845,0.877596,0.170871,-0.436441,-0.0933551
0,-0.593516,0.593516,-0.411232,0.411232,-3.04504,1.50885,-1.52418,0.87727,0.171129,-0.437056,-0.0933389
0,-0.593516,0.593516,-0.411232,0.411232,-3.04809,1.50653,-1.51992,0.876943,0.171387,-0.437672,-0.0933227
0,-0.593516,0.593516,-0.411232,0.411232,-3.05114,1.50422,-1.51565,0.876617,0.171646,-0.438288,-0.0933066
0,-0.593516,0.593516,-0.411232,0.411232,-3.05418,1.5019,-1.51138,0.87629,0.171905,-0.438905,-0.0932904
0,-0.593516,0.593516,-0.411232,0.411232,-3.05723,1.49958,-1.50712,0.875963,0.172164,-0.439522,-0.0932743
0,-0.593516,0.593516,-0.411232,0.411232,-3.06028,1.49726,-1.50285,0.875636,0.172424,-0.44014,-0.0932581
0,-0.593516,0.593516,-0.411232,0.411232,-3.06333,1.49495,-1.49859,0.875309,0.172683,-0.440758,-0.093242
0,-0.593516,0.593516,-0.411232,0.411232,-3.06637,1.49263,-1.49432,0.874982,0.172943,-0.441377,-0.0932258
0,-0.593516,0.593516,-0.411232,0.411232,-3.06942,1.49031,-1.49006,0.874654,0.173203,-0.441997,-0.0932097
0,-0.593516,0.593516,-0.411232,0.411232,-3.07247,1.488,-1.48579,0.874327,0.173463,-0.442617,-0.0931935
0,-0.593516,0.593516,-0.411232,0.411232,-3.07552,1.48568,-1.48152,0.873999,0.173724,-0.443237,-0.0931774
0,-0.593516,0.593516,-0.411232,0.411232,-3.07856,1.48336,-1.47726,0.873672,0.173984,-0.443858,-0.0931612
0,-0.593516,0.593516,-0.411232,0.411232,-3.08161,1.48104,-1.47299,0.873344,0.174245,-0.44448,-0.0931451
0,-0.593516,0.593516,-0.411232,0.411232,-3.08466,1.47873,-1.46873,0.873016,0.174506,-0.445102,-0.0931289
0,-0.593516,0.593516,-0.411232,0.411232,-3.08771,1.47641,-1.46446,0.872688,0.174768,-0.445724,-0.0931128
0,-0.593516,0.593516,-0.411232,0.411232,-3.09075,1.47409,-1.4602,0.87236,0.175029,-0.446347,-0.0930966
0,-0.593516,0.593516,-0.411232,0.411232,-3.0938,1.47177,-1.45593,0.872031,0.175291,-0.446971,-0.0930805
0,-0.593516,0.593516,-0.411232,0.411232,-3.09685,1.46946,-1.45166,0.871703,0.175553,-0.447595,-0.0930643
0,-0.593516,0.593516,-0.411232,0.411232,-3.0999,1.46714,-1.4474,0.871374,0.175815,-0.44822,-0.0930482
0,-0.593516,0.593516,-0.411232,0.411232,-3.10294,1.46482,-1.44313,0.871045,0.176078,-0.448845,-0.093032
0,-0.593516,0.593516,-0.411232,0.411232,-3.10599,1.46251,-1.43887,0.870717,0.17634,-0.449471,-0.0930159
0,-0.593516,0.593516,-0.411232,0.411232,-3.10904,1.46019,-1.4346,0.870388,0.176603,-0.450097,-0.0929998
0,-0.593516,0.593516,-0.411232,0.411232,-3.10904,1.46019,-1.4346,0.870388,0.176603,-0.450097,-0.0929998
0,-0.593516,0.593516,-0.411232,0.411232,-3.11067,1.45755,-1.42926,0.869998,0.176907,-0.450652,-0.0928641
0,-0.593516,0.593516,-0.411232,0.411232,-3.1123,1.45491,-1.42393,0.869609,0.177212,-0.451206,-0.0927282
0,-0.593516,0.593516,-0.411232,0.411232,-3.11393,1.45227,-1.41859,0.869219,0.177516,-0.451762,-0.0925923
0,-0.593516,0.593516,-0.411232,0.411232,-3.11557,1.44963,-1.41325,0.86883,0.177821,-0.452318,-0.0924563
0,-0.593516,0.593516,-0.411232,0.411232,-3.1172,1.44699,-1.40792,0.86844,0.178127,-0.452874,-0.0923202
0,-0.593516,0.593516,-0.411232,0.411232,-3.11883,1.44435,-1.40258,0.86805,0.178432,-0.453432,-0.0921839
0,-0.593516,0.593516,-0.411232,0.411232,-3.12046,1.4417,-1.39724,0.867659,0.178738,-0.453989,-0.0920476
0,-0.593516,0.593516,-0.411232,0.411232,-3.1221,1.43906,-1.3919,0.867269,0.179044,-0.454548,-0.0919112
0,-0.593516,0.593516,-0.411232,0.411232,-3.12373,1.43642,-1.38657,0.866878,0.179351,-0.455107,-0.0917746
0,-0.593516,0.593516,-0.411232,0.411232,-3.12536,1.43378,-1.38123,0.866488,0.179658,-0.455666,-0.0916379
0,-0.593516,0.593516,-0.411232,0.411232,-3.12699,1.43114,-1.37589,0.866096,0.179965,-0.456226,-0.0915012
0,-0.593516,0.593516,-0.411232,0.411232,-3.12862,1.4285,-1.37055,0.865705,0.180273,-0.456787,-0.0913643
0,-0.593516,0.593516,-0.411232,0.411232,-3.13026,1.42586,-1.36522,0.865314,0.18058,-0.457348,-0.0912274
0,-0.593516,0.593516,-0.411232,0.411232,-3.13189,1.42322,-1.35988,0.864923,0.180888,-0.45791,-0.0910903
0,-0.593516,0.593516,-0.411232,0.411232,-3.13352,1.42058,-1.35454,0.864531,0.181197,-0.458473,-0.0909531
0,-0.593516,0.593516,-0.411232,0.411232,-3.13515,1.41794,-1.3492,0.864139,0.181506,-0.459036,-0.0908158
0,-0.593516,0.593516,-0.411232,0.411232,-3.13678,1.4153,-1.34387,0.863747,0.181815,-0.4596,-0.0906785
0,-0.593516,0.593516,-0.411232,0.411232,-3.13842,1.41266,-1.33853,0.863355,0.182124,-0.460164,-0.090541
0,-0.593516,0.593516,-0.411232,0.411232,-3.14005,1.41002,-1.33319,0.862962,0.182434,-0.460729,-0.0904034
0,-0.593516,0.593516,-0.411232,0.411232,-3.14168,1.40738,-1.32786,0.86257,0.182744,-0.461295,-0.0902657
0,-0.593516,0.593516,-0.411232,0.411232,-3.14331,1.40474,-1.32252,0.862177,0.183054,-0.461861,-0.0901278
0,-0.593516,0.593516,-0.411232,0.411232,-3.14494,1.4021,-1.31718,0.861784,0.183365,-0.462428,-0.0899899
0,-0.593516,0.593516,-0.411232,0.411232,-3.14658,1.39946,-1.31184,0.861391,0.183676,-0.462995,-0.0898519
0,-0.593516,0.593516,-0.411232,0.411232,-3.14821,1.39682,-1.30651,0.860998,0.183987,-0.463563,-0.0897138
0,-0.593516,0.593516,-0.411232,0.411232,-3.14984,1.39417,-1.30117,0.860604,0.184299,-0.464132,-0.0895755
0,-0.593516,0.593516,-0.411232,0.411232,-3.15147,1.39153,-1.29583,0.86021,0.184611,-0.464701,-0.0894372
0,-0.593516,0.593516,-0.411232,0.411232,-3.15311,1.38889,-1.29049,0.859817,0.184923,-0.465271,-0.0892987
0,-0.593516,0.593516,-0.411232,0.411232,-3.15474,1.38625,-1.28516,0.859423,0.185236,-0.465842,-0.0891601
0,-0.593516,0.593516,-0.411232,0.411232,-3.15637,1.38361,-1.27982,0.859028,0.185548,-0.466413,-0.0890215
0,-0.593516,0.593516,-0.411232,0.411232,-3.158,1.38097,-1.27448,0.858634,0.185862,-0.466985,-0.0888827
0,-0.593516,0.593516,-0.411232,0.411232,-3.15963,1.37833,-1.26914,0.858239,0.186175,-0.467557,-0.0887438
0,-0.593516,0.593516,-0.411232,0.411232,-3.16127,1.37569,-1.26381,0.857845,0.186489,-0.46813,-0.0886048
0,-0.593516,0.593516,-0.411232,0.411232,-3.1629,1.37305,-1.25847,0.85745,0.186803,-0.468704,-0.0884657
0,-0.593516,0.593516,-0.411232,0.411232,-3.16453,1.37041,-1.25313,0.857055,0.187118,-0.469278,-0.0883265
0,-0.593516,0.593516,-0.411232,0.411232,-3.16616,1.36777,-1.2478,0.856659,0.187433,-0.469853,-0.0881871
0,-0.593516,0.593516,-0.411232,0.411232,-3.16779,1.36513,-1.24246,0.856264,0.187748,-0.470428,-0.0880477
0,-0.593516,0.593516,-0.411232,0.411232,-3.16943,1.36249,-1.23712,0.855868,0.188064,-0.471005,-0.0879082
0,-0.593516,0.593516,-0.411232,0.411232,-3.17106,1.35985,-1.23178,0.855472,0.18838,-0.471581,-0.0877685
0,-0.593516,0.593516,-0.411232,0.411232,-3.17269,1.35721,-1.22645,0.855076,0.188696,-0.472159,-0.0876287
0,-0.593516,0.593516,-0.411232,0.411232,-3.17432,1.35457,-1.22111,0.85468,0.189012,-0.472737,-0.0874888
0,-0.593516,0.593516,-0.411232,0.411232,-3.17596,1.35193,-1.21577,0.854284,0.189329,-0.473316,-0.0873489
0,-0.593516,0.593516,-0.411232,0.411232,-3.17759,1.34929,-1.21043,0.853887,0.189646,-0.473895,-0.0872088
0,-0.593516,0.593516,-0.411232,0.411232,-3.17922,1.34665,-1.2051,0.85349,0.189964,-0.474475,-0.0870685
0,-0.593516,0.593516,-0.411232,0.411232,-3.18085,1.344,-1.19976,0.853094,0.190282,-0.475056,-0.0869282
0,-0.593516,0.593516,-0.411232,0.411232,-3.18248,1.34136,-1.19442,0.852696,0.1906,-0.475637,-0.0867878
0,-0.593516,0.593516,-0.411232,0.411232,-3.18412,1.33872,-1.18908,0.852299,0.190919,-0.476219,-0.0866472
0,-0.593516,0.593516,-0.411232,0.411232,-3.18575,1.33608,-1.18375,0.851902,0.191238,-0.476801,-0.0865066
0,-0.593516,0.593516,-0.411232,0.411232,-3.18738,1.33344,-1.17841,0.851504,0.191557,-0.477385,-0.0863658
0,-0.593516,0.593516,-0.411232,0.411232,-3.18901,1.3308,-1.17307,0.851106,0.191877,-0.477968,-0.0862249
0,-0.593516,0.593516,-0.411232,0.411232,-3.19064,1.32816,-1.16774,0.850708,0.192196,-0.478553,-0.0860839
0,-0.593516,0.593516,-0.411232,0.411232,-3.19228,1.32552,-1.1624,0.85031,0.192517,-0.479138,-0.0859428
0,-0.593516,0.593516,-0.411232,0.411232,-3.19391,1.32288,-1.15706,0.849911,0.192837,-0.479724,-0.0858016
0,-0.593516,0.593516,-0.411232,0.411232,-3.19554,1.32024,-1.15172,0.849513,0.193158,-0.48031,-0.0856602
0,-0.593516,0.593516,-0.411232,0.411232,-3.19717,1.3176,-1.14639,0.849114,0.19348,-0.480897,-0.0855188
0,-0.593516,0.593516,-0.411232,0.411232,-3.19881,1.31496,-1.14105,0.848715,0.193801,-0.481485,-0.0853772
0,-0.593516,0.593516,-0.411232,0.411232,-3.20044,1.31232,-1.13571,0.848316,0.194123,-0.482074,-0.0852355
0,-0.593516,0.593516,-0.411232,0.411232,-3.20207,1.30968,-1.13037,0.847916,0.194446,-0.482663,-0.0850937
0,-0.593516,0.593516,-0.411232,0.411232,-3.2037,1.30704,-1.12504,0.847517,0.194768,-0.483253,-0.0849518
0,-0.593516,0.593516,-0.411232,0.411232,-3.20533,1.3044,-1.1197,0.847117,0.195091,-0.483843,-0.0848098
0,-0.593516,0.593516,-0.411232,0.411232,-3.20697,1.30176,-1.11436,0.846717,0.195415,-0.484434,-0.0846676
0,-0.593516,0.593516,-0.411232,0.411232,-3.2086,1.29912,-1.10902,0.846317,0.195738,-0.485026,-0.0845254
0,-0.593516,0.593516,-0.411232,0.411232,-3.21023,1.29647,-1.10369,0.845917,0.196063,-0.485618,-0.084383
0,-0.593516,0.593516,-0.411232,0.411232,-3.21186,1.29383,-1.09835,0.845516,0.196387,-0.486211,-0.0842405
0,-0.593516,0.593516,-0.411232,0.411232,-3.21349,1.29119,-1.09301,0.845116,0.196712,-0.486805,-0.0840979
0,-0.593516,0.593516,-0.411232,0.411232,-3.21513,1.28855,-1.08768,0.844715,0.197037,-0.4874,-0.0839552
0,-0.593516,0.593516,-0.411232,0.411232,-3.21676,1.28591,-1.08234,0.844314,0.197362,-0.487995,-0.0838123
0,-0.593516,0.593516,-0.411232,0.411232,-3.21839,1.28327,-1.077,0.843912,0.197688,-0.488591,-0.0836694
0,-0.593516,0.593516,-0.411232,0.411232,-3.22002,1.28063,-1.07166,0.843511,0.198014,-0.489187,-0.0835263
0,-0.593516,0.593516,-0.411232,0.411232,-3.22166,1.27799,-1.06633,0.843109,0.198341,-0.489784,-0.0833832
0,-0.593516,0.593516,-0.411232,0.411232,-3.22329,1.27535,-1.06099,0.842708,0.198668,-0.490382,-0.0832398
0,-0.593516,0.593516,-0.411232,0.411232,-3.22492,1.27271,-1.05565,0.842305,0.198995,-0.490981,-0.0830964
0,-0.593516,0.593516,-0.411232,0.411232,-3.22655,1.27007,-1.05031,0.841903,0.199323,-0.49158,-0.0829529
0,-0.593516,0.593516,-0.411232,0.411232,-3.22818,1.26743,-1.04498,0.841501,0.199651,-0.49218,-0.0828092
0,-0.593516,0.593516,-0.411232,0.411232,-3.22982,1.26479,-1.03964,0.841098,0.199979,-0.49278,-0.0826654
0,-0.593516,0.593516,-0.411232,0.411232,-3.23145,1.26215,-1.0343,0.840695,0.200308,-0.493382,-0.0825215
0,-0.593516,0.593516,-0.411232,0.411232,-3.23308,1.25951,-1.02896,0.840293,0.200637,-0.493984,-0.0823775
0,-0.593516,0.593516,-0.411232,0.411232,-3.23471,1.25687,-1.02363,0.839889,0.200966,-0.494586,-0.0822334
0,-0.593516,0.593516,-0.411232,0.411232,-3.23634,1.25423,-1.01829,0.839486,0.201296,-0.495189,-0.0820891
0,-0.593516,0.593516,-0.411232,0.411232,-3.23798,1.25159,-1.01295,0.839082,0.201626,-0.495793,-0.0819447
0,-0.593516,0.593516,-0.411232,0.411232,-3.23961,1.24894,-1.00762,0.838679,0.201957,-0.496398,-0.0818002
0,-0.593516,0.593516,-0.411232,0.411232,-3.24124,1.2463,-1.00228,0.838275,0.202288,-0.497004,-0.0816556
0,-0.593516,0.593516,-0.411232,0.411232,-3.24287,1.24366,-0.996941,0.83787,0.202619,-0.49761,-0.0815109
0,-0.593516,0.593516,-0.411232,0.411232,-3.24451,1.24102,-0.991603,0.837466,0.202951,-0.498217,-0.081366
0,-0.593516,0.593516,-0.411232,0.411232,-3.24614,1.23838,-0.986266,0.837062,0.203283,-0.498824,-0.0812211
0,-0.593516,0.593516,-0.411232,0.411232,-3.24777,1.23574,-0.980929,0.836657,0.203615,-0.499432,-0.0810759
0,-0.593516,0.593516,-0.411232,0.411232,-3.2494,1.2331,-0.975591,0.836252,0.203948,-0.500041,-0.0809307
0,-0.593516,0.593516,-0.411232,0.411232,-3.25103,1.23046,-0.970254,0.835847,0.204281,-0.500651,-0.0807854
0,-0.593516,0.593516,-0.411232,0.411232,-3.25267,1.22782,-0.964917,0.835442,0.204614,-0.501261,-0.0806399
0,-0.593516,0.593516,-0.411232,0.411232,-3.2543,1.22518,-0.95958,0.835036,0.204948,-0.501872,-0.0804943
0,-0.593516,0.593516,-0.411232,0.411232,-3.25593,1.22254,-0.954242,0.83463,0.205282,-0.502484,-0.0803486
0,-0.593516,0.593516,-0.411232,0.411232,-3.25756,1.2199,-0.948905,0.834224,0.205617,-0.503097,-0.0802028
0,-0.593516,0.593516,-0.411232,0.411232,-3.25919,1.21726,-0.943568,0.833818,0.205952,-0.50371,-0.0800568
0,-0.593516,0.593516,-0.411232,0.411232,-3.26083,1.21462,-0.93823,0.833412,0.206287,-0.504324,-0.0799108
0,-0.593516,0.593516,-0.411232,0.411232,-3.26246,1.21198,-0.932893,0.833005,0.206623,-0.504938,-0.0797646
0,-0.593516,0.593516,-0.411232,0.411232,-3.26409,1.20934,-0.927556,0.832599,0.206959,-0.505554,-0.0796182
0,-0.593516,0.593516,-0.411232,0.411232,-3.26572,1.2067,-0.922218,0.832192,0.207295,-0.50617,-0.0794718
0,-0.593516,0.593516,-0.411232,0.411232,-3.26736,1.20406,-0.916881,0.831785,0.207632,-0.506787,-0.0793252
0,-0.593516,0.593516,-0.411232,0.411232,-3.26899,1.20142,-0.911544,0.831377,0.20797,-0.507404,-0.0791785
0,-0.593516,0.593516,-0.411232,0.411232,-3.27062,1.19877,-0.906206,0.83097,0.208307,-0.508023,-0.0790317
0,-0.593516,0.593516,-0.411232,0.411232,-3.27225,1.19613,-0.900869,0.830562,0.208645,-0.508642,-0.0788847
0,-0.593516,0.593516,-0.411232,0.411232,-3.27388,1.19349,-0.895532,0.830154,0.208983,-0.509261,-0.0787377
0,-0.593516,0.593516,-0.411232,0.411232,-3.27552,1.19085,-0.890194,0.829746,0.209322,-0.509882,-0.0785905
0,-0.593516,0.593516,-0.411232,0.411232,-3.27715,1.18821,-0.884857,0.829338,0.209661,-0.510503,-0.0784431
0,-0.593516,0.593516,-0.411232,0.411232,-3.27878,1.18557,-0.87952,0.828929,0.210001,-0.511125,-0.0782957
0,-0.593516,0.593516,-0.411232,0.411232,-3.28041,1.18293,-0.874182,0.828521,0.210341,-0.511748,-0.0781481
0,-0.593516,0.593516,-0.411232,0.411232,-3.28204,1.18029,-0.868845,0.828112,0.210681,-0.512371,-0.0780004
0,-0.593516,0.593516,-0.411232,0.411232,-3.28368,1.17765,-0.863508,0.827703,0.211022,-0.512995,-0.0778526
0,-0.593516,0.593516,-0.411232,0.411232,-3.28531,1.17501,-0.85817,0.827293,0.211363,-0.51362,-0.0777046
0,-0.593516,0.593516,-0.411232,0.411232,-3.28694,1.17237,-0.852833,0.826884,0.211704,-0.514246,-0.0775565
0,-0.593516,0.593516,-0.411232,0.411232,-3.28857,1.16973,-0.847496,0.826474,0.212046,-0.514872,-0.0774083
0,-0.593516,0.593516,-0.411232,0.411232,-3.29021,1.16709,-0.842158,0.826064,0.212388,-0.515499,-0.07726
0,-0.593516,0.593516,-0.411232,0.411232,-3.29184,1.16445,-0.836821,0.825654,0.212731,-0.516127,-0.0771115
0,-0.593516,0.593516,-0.411232,0.411232,-3.29347,1.16181,-0.831484,0.825244,0.213074,-0.516756,-0.0769629
0,-0.593516,0.593516,-0.411232,0.411232,-3.2951,1.15917,-0.826146,0.824833,0.213418,-0.517385,-0.0768142
0,-0.593516,0.593516,-0.411232,0.411232,-3.29673,1.15653,-0.820809,0.824422,0.213761,-0.518015,-0.0766653
0,-0.593516,0.593516,-0.411232,0.411232,-3.29837,1.15389,-0.815472,0.824012,0.214106,-0.518646,-0.0765163
0,-0.593516,0.593516,-0.411232,0.411232,-3.3,1.15124,-0.810134,0.8236,0.21445,-0.519278,-0.0763672
0,-0.593516,0.593516,-0.411232,0.411232,-3.30163,1.1486,-0.804797,0.823189,0.214795,-0.51991,-0.076218
0,-0.593516,0.593516,-0.411232,0.411232,-3.30326,1.14596,-0.79946,0.822777,0.215141,-0.520543,-0.0760686
